-- MySQL dump 10.13  Distrib 8.0.41, for Linux (x86_64)
--
-- Host: localhost    Database: crmdb
-- ------------------------------------------------------
-- Server version	8.0.41-0ubuntu0.24.04.1

/*!40101 SET @OLD_CHARACTER_SET_CLIENT=@@CHARACTER_SET_CLIENT */;
/*!40101 SET @OLD_CHARACTER_SET_RESULTS=@@CHARACTER_SET_RESULTS */;
/*!40101 SET @OLD_COLLATION_CONNECTION=@@COLLATION_CONNECTION */;
/*!50503 SET NAMES utf8mb4 */;
/*!40103 SET @OLD_TIME_ZONE=@@TIME_ZONE */;
/*!40103 SET TIME_ZONE='+00:00' */;
/*!40014 SET @OLD_UNIQUE_CHECKS=@@UNIQUE_CHECKS, UNIQUE_CHECKS=0 */;
/*!40014 SET @OLD_FOREIGN_KEY_CHECKS=@@FOREIGN_KEY_CHECKS, FOREIGN_KEY_CHECKS=0 */;
/*!40101 SET @OLD_SQL_MODE=@@SQL_MODE, SQL_MODE='NO_AUTO_VALUE_ON_ZERO' */;
/*!40111 SET @OLD_SQL_NOTES=@@SQL_NOTES, SQL_NOTES=0 */;

--
-- Table structure for table `auth_group`
--

DROP TABLE IF EXISTS `auth_group`;
/*!40101 SET @saved_cs_client     = @@character_set_client */;
/*!50503 SET character_set_client = utf8mb4 */;
CREATE TABLE `auth_group` (
  `id` int NOT NULL AUTO_INCREMENT,
  `name` varchar(150) NOT NULL,
  PRIMARY KEY (`id`),
  UNIQUE KEY `name` (`name`)
) ENGINE=InnoDB DEFAULT CHARSET=utf8mb4 COLLATE=utf8mb4_0900_ai_ci;
/*!40101 SET character_set_client = @saved_cs_client */;

--
-- Dumping data for table `auth_group`
--

LOCK TABLES `auth_group` WRITE;
/*!40000 ALTER TABLE `auth_group` DISABLE KEYS */;
/*!40000 ALTER TABLE `auth_group` ENABLE KEYS */;
UNLOCK TABLES;

--
-- Table structure for table `auth_group_permissions`
--

DROP TABLE IF EXISTS `auth_group_permissions`;
/*!40101 SET @saved_cs_client     = @@character_set_client */;
/*!50503 SET character_set_client = utf8mb4 */;
CREATE TABLE `auth_group_permissions` (
  `id` bigint NOT NULL AUTO_INCREMENT,
  `group_id` int NOT NULL,
  `permission_id` int NOT NULL,
  PRIMARY KEY (`id`),
  UNIQUE KEY `auth_group_permissions_group_id_permission_id_0cd325b0_uniq` (`group_id`,`permission_id`),
  KEY `auth_group_permissio_permission_id_84c5c92e_fk_auth_perm` (`permission_id`),
  CONSTRAINT `auth_group_permissio_permission_id_84c5c92e_fk_auth_perm` FOREIGN KEY (`permission_id`) REFERENCES `auth_permission` (`id`),
  CONSTRAINT `auth_group_permissions_group_id_b120cbf9_fk_auth_group_id` FOREIGN KEY (`group_id`) REFERENCES `auth_group` (`id`)
) ENGINE=InnoDB DEFAULT CHARSET=utf8mb4 COLLATE=utf8mb4_0900_ai_ci;
/*!40101 SET character_set_client = @saved_cs_client */;

--
-- Dumping data for table `auth_group_permissions`
--

LOCK TABLES `auth_group_permissions` WRITE;
/*!40000 ALTER TABLE `auth_group_permissions` DISABLE KEYS */;
/*!40000 ALTER TABLE `auth_group_permissions` ENABLE KEYS */;
UNLOCK TABLES;

--
-- Table structure for table `auth_permission`
--

DROP TABLE IF EXISTS `auth_permission`;
/*!40101 SET @saved_cs_client     = @@character_set_client */;
/*!50503 SET character_set_client = utf8mb4 */;
CREATE TABLE `auth_permission` (
  `id` int NOT NULL AUTO_INCREMENT,
  `name` varchar(255) NOT NULL,
  `content_type_id` int NOT NULL,
  `codename` varchar(100) NOT NULL,
  PRIMARY KEY (`id`),
  UNIQUE KEY `auth_permission_content_type_id_codename_01ab375a_uniq` (`content_type_id`,`codename`),
  CONSTRAINT `auth_permission_content_type_id_2f476e4b_fk_django_co` FOREIGN KEY (`content_type_id`) REFERENCES `django_content_type` (`id`)
) ENGINE=InnoDB AUTO_INCREMENT=205 DEFAULT CHARSET=utf8mb4 COLLATE=utf8mb4_unicode_ci
;
/*!40101 SET character_set_client = @saved_cs_client */;

--
-- Dumping data for table `auth_permission`
--

LOCK TABLES `auth_permission` WRITE;
/*!40000 ALTER TABLE `auth_permission` DISABLE KEYS */;
INSERT INTO `auth_permission` VALUES (1,'Can add log entry',1,'add_logentry'),(2,'Can change log entry',1,'change_logentry'),(3,'Can delete log entry',1,'delete_logentry'),(4,'Can view log entry',1,'view_logentry'),(5,'Can add permission',2,'add_permission'),(6,'Can change permission',2,'change_permission'),(7,'Can delete permission',2,'delete_permission'),(8,'Can view permission',2,'view_permission'),(9,'Can add group',3,'add_group'),(10,'Can change group',3,'change_group'),(11,'Can delete group',3,'delete_group'),(12,'Can view group',3,'view_group'),(13,'Can add user',4,'add_user'),(14,'Can change user',4,'change_user'),(15,'Can delete user',4,'delete_user'),(16,'Can view user',4,'view_user'),(17,'Can add content type',5,'add_contenttype'),(18,'Can change content type',5,'change_contenttype'),(19,'Can delete content type',5,'delete_contenttype'),(20,'Can view content type',5,'view_contenttype'),(21,'Can add session',6,'add_session'),(22,'Can change session',6,'change_session'),(23,'Can delete session',6,'delete_session'),(24,'Can view session',6,'view_session'),(25,'Can add crontab',7,'add_crontabschedule'),(26,'Can change crontab',7,'change_crontabschedule'),(27,'Can delete crontab',7,'delete_crontabschedule'),(28,'Can view crontab',7,'view_crontabschedule'),(29,'Can add interval',8,'add_intervalschedule'),(30,'Can change interval',8,'change_intervalschedule'),(31,'Can delete interval',8,'delete_intervalschedule'),(32,'Can view interval',8,'view_intervalschedule'),(33,'Can add periodic task',9,'add_periodictask'),(34,'Can change periodic task',9,'change_periodictask'),(35,'Can delete periodic task',9,'delete_periodictask'),(36,'Can view periodic task',9,'view_periodictask'),(37,'Can add periodic task track',10,'add_periodictasks'),(38,'Can change periodic task track',10,'change_periodictasks'),(39,'Can delete periodic task track',10,'delete_periodictasks'),(40,'Can view periodic task track',10,'view_periodictasks'),(41,'Can add solar event',11,'add_solarschedule'),(42,'Can change solar event',11,'change_solarschedule'),(43,'Can delete solar event',11,'delete_solarschedule'),(44,'Can view solar event',11,'view_solarschedule'),(45,'Can add clocked',12,'add_clockedschedule'),(46,'Can change clocked',12,'change_clockedschedule'),(47,'Can delete clocked',12,'delete_clockedschedule'),(48,'Can view clocked',12,'view_clockedschedule'),(49,'Can add task result',13,'add_taskresult'),(50,'Can change task result',13,'change_taskresult'),(51,'Can delete task result',13,'delete_taskresult'),(52,'Can view task result',13,'view_taskresult'),(53,'Can add chord counter',14,'add_chordcounter'),(54,'Can change chord counter',14,'change_chordcounter'),(55,'Can delete chord counter',14,'delete_chordcounter'),(56,'Can view chord counter',14,'view_chordcounter'),(57,'Can add group result',15,'add_groupresult'),(58,'Can change group result',15,'change_groupresult'),(59,'Can delete group result',15,'delete_groupresult'),(60,'Can view group result',15,'view_groupresult'),(61,'Can add customer_details',16,'add_customer_details'),(62,'Can change customer_details',16,'change_customer_details'),(63,'Can delete customer_details',16,'delete_customer_details'),(64,'Can view customer_details',16,'view_customer_details'),(65,'Can add lead_management',17,'add_lead_management'),(66,'Can change lead_management',17,'change_lead_management'),(67,'Can delete lead_management',17,'delete_lead_management'),(68,'Can view lead_management',17,'view_lead_management'),(69,'Can add product',18,'add_product'),(70,'Can change product',18,'change_product'),(71,'Can delete product',18,'delete_product'),(72,'Can view product',18,'view_product'),(73,'Can add uploaded file',19,'add_uploadedfile'),(74,'Can change uploaded file',19,'change_uploadedfile'),(75,'Can delete uploaded file',19,'delete_uploadedfile'),(76,'Can view uploaded file',19,'view_uploadedfile'),(77,'Can add invoice',20,'add_invoice'),(78,'Can change invoice',20,'change_invoice'),(79,'Can delete invoice',20,'delete_invoice'),(80,'Can view invoice',20,'view_invoice'),(81,'Can add firstfollowup',21,'add_firstfollowup'),(82,'Can change firstfollowup',21,'change_firstfollowup'),(83,'Can delete firstfollowup',21,'delete_firstfollowup'),(84,'Can view firstfollowup',21,'view_firstfollowup'),(85,'Can add finalfollowup',22,'add_finalfollowup'),(86,'Can change finalfollowup',22,'change_finalfollowup'),(87,'Can delete finalfollowup',22,'delete_finalfollowup'),(88,'Can view finalfollowup',22,'view_finalfollowup'),(89,'Can add inventory_summary',23,'add_inventory_summary'),(90,'Can change inventory_summary',23,'change_inventory_summary'),(91,'Can delete inventory_summary',23,'delete_inventory_summary'),(92,'Can view inventory_summary',23,'view_inventory_summary'),(93,'Can add inventory_add',24,'add_inventory_add'),(94,'Can change inventory_add',24,'change_inventory_add'),(95,'Can delete inventory_add',24,'delete_inventory_add'),(96,'Can view inventory_add',24,'view_inventory_add'),(97,'Can add quotation',25,'add_quotation'),(98,'Can change quotation',25,'change_quotation'),(99,'Can delete quotation',25,'delete_quotation'),(100,'Can view quotation',25,'view_quotation'),(101,'Can add secondfollowup',26,'add_secondfollowup'),(102,'Can change secondfollowup',26,'change_secondfollowup'),(103,'Can delete secondfollowup',26,'delete_secondfollowup'),(104,'Can view secondfollowup',26,'view_secondfollowup'),(105,'Can add service_management',27,'add_service_management'),(106,'Can change service_management',27,'change_service_management'),(107,'Can delete service_management',27,'delete_service_management'),(108,'Can view service_management',27,'view_service_management'),(109,'Can add reschedule',28,'add_reschedule'),(110,'Can change reschedule',28,'change_reschedule'),(111,'Can delete reschedule',28,'delete_reschedule'),(112,'Can view reschedule',28,'view_reschedule'),(113,'Can add technician profile',29,'add_technicianprofile'),(114,'Can change technician profile',29,'change_technicianprofile'),(115,'Can delete technician profile',29,'delete_technicianprofile'),(116,'Can view technician profile',29,'view_technicianprofile'),(117,'Can add thirdfollowup',30,'add_thirdfollowup'),(118,'Can change thirdfollowup',30,'change_thirdfollowup'),(119,'Can delete thirdfollowup',30,'delete_thirdfollowup'),(120,'Can view thirdfollowup',30,'view_thirdfollowup'),(121,'Can add work allocation',31,'add_workallocation'),(122,'Can change work allocation',31,'change_workallocation'),(123,'Can delete work allocation',31,'delete_workallocation'),(124,'Can view work allocation',31,'view_workallocation'),(125,'Can add tech work list',32,'add_techworklist'),(126,'Can change tech work list',32,'change_techworklist'),(127,'Can delete tech work list',32,'delete_techworklist'),(128,'Can view tech work list',32,'view_techworklist'),(129,'Can add sales person',33,'add_salesperson'),(130,'Can change sales person',33,'change_salesperson'),(131,'Can delete sales person',33,'delete_salesperson'),(132,'Can view sales person',33,'view_salesperson'),(133,'Can add invoice term',34,'add_invoiceterm'),(134,'Can change invoice term',34,'change_invoiceterm'),(135,'Can delete invoice term',34,'delete_invoiceterm'),(136,'Can view invoice term',34,'view_invoiceterm'),(137,'Can add quotation term',35,'add_quotationterm'),(138,'Can change quotation term',35,'change_quotationterm'),(139,'Can delete quotation term',35,'delete_quotationterm'),(140,'Can view quotation term',35,'view_quotationterm'),(141,'Can add quotation_management',36,'add_quotation_management'),(142,'Can change quotation_management',36,'change_quotation_management'),(143,'Can delete quotation_management',36,'delete_quotation_management'),(144,'Can view quotation_management',36,'view_quotation_management'),(145,'Can add branch',37,'add_branch'),(146,'Can change branch',37,'change_branch'),(147,'Can delete branch',37,'delete_branch'),(148,'Can view branch',37,'view_branch'),(149,'Can add main_followup',38,'add_main_followup'),(150,'Can change main_followup',38,'change_main_followup'),(151,'Can delete main_followup',38,'delete_main_followup'),(152,'Can view main_followup',38,'view_main_followup'),(153,'Can add bank accounts',39,'add_bankaccounts'),(154,'Can change bank accounts',39,'change_bankaccounts'),(155,'Can delete bank accounts',39,'delete_bankaccounts'),(156,'Can view bank accounts',39,'view_bankaccounts'),(157,'Can add visiting card',40,'add_visitingcard'),(158,'Can change visiting card',40,'change_visitingcard'),(159,'Can delete visiting card',40,'delete_visitingcard'),(160,'Can view visiting card',40,'view_visitingcard'),(161,'Can add meeting',41,'add_meeting'),(162,'Can change meeting',41,'change_meeting'),(163,'Can delete meeting',41,'delete_meeting'),(164,'Can view meeting',41,'view_meeting'),(165,'Can add chat bot',42,'add_chatbot'),(166,'Can change chat bot',42,'change_chatbot'),(167,'Can delete chat bot',42,'delete_chatbot'),(168,'Can view chat bot',42,'view_chatbot'),(169,'Can add lead',43,'add_lead'),(170,'Can change lead',43,'change_lead'),(171,'Can delete lead',43,'delete_lead'),(172,'Can view lead',43,'view_lead'),(173,'Can add tax invoice',44,'add_taxinvoice'),(174,'Can change tax invoice',44,'change_taxinvoice'),(175,'Can delete tax invoice',44,'delete_taxinvoice'),(176,'Can view tax invoice',44,'view_taxinvoice'),(177,'Can add tax invoice item',45,'add_taxinvoiceitem'),(178,'Can change tax invoice item',45,'change_taxinvoiceitem'),(179,'Can delete tax invoice item',45,'delete_taxinvoiceitem'),(180,'Can view tax invoice item',45,'view_taxinvoiceitem'),(181,'Can add payments record',46,'add_paymentsrecord'),(182,'Can change payments record',46,'change_paymentsrecord'),(183,'Can delete payments record',46,'delete_paymentsrecord'),(184,'Can view payments record',46,'view_paymentsrecord'),(185,'Can add user profile',47,'add_userprofile'),(186,'Can change user profile',47,'change_userprofile'),(187,'Can delete user profile',47,'delete_userprofile'),(188,'Can view user profile',47,'view_userprofile'),(189,'Can add service product',48,'add_serviceproduct'),(190,'Can change service product',48,'change_serviceproduct'),(191,'Can delete service product',48,'delete_serviceproduct'),(192,'Can view service product',48,'view_serviceproduct'),(193,'Can add message templates',49,'add_messagetemplates'),(194,'Can change message templates',49,'change_messagetemplates'),(195,'Can delete message templates',49,'delete_messagetemplates'),(196,'Can view message templates',49,'view_messagetemplates'),(197,'Can add branch manager',50,'add_branchmanager'),(198,'Can change branch manager',50,'change_branchmanager'),(199,'Can delete branch manager',50,'delete_branchmanager'),(200,'Can view branch manager',50,'view_branchmanager'),(201,'Can add operation person',51,'add_operationperson'),(202,'Can change operation person',51,'change_operationperson'),(203,'Can delete operation person',51,'delete_operationperson'),(204,'Can view operation person',51,'view_operationperson');
/*!40000 ALTER TABLE `auth_permission` ENABLE KEYS */;
UNLOCK TABLES;

--
-- Table structure for table `auth_user`
--

DROP TABLE IF EXISTS `auth_user`;
/*!40101 SET @saved_cs_client     = @@character_set_client */;
/*!50503 SET character_set_client = utf8mb4 */;
CREATE TABLE `auth_user` (
  `id` int NOT NULL AUTO_INCREMENT,
  `password` varchar(128) NOT NULL,
  `last_login` datetime(6) DEFAULT NULL,
  `is_superuser` tinyint(1) NOT NULL,
  `username` varchar(150) NOT NULL,
  `first_name` varchar(150) NOT NULL,
  `last_name` varchar(150) NOT NULL,
  `email` varchar(254) NOT NULL,
  `is_staff` tinyint(1) NOT NULL,
  `is_active` tinyint(1) NOT NULL,
  `date_joined` datetime(6) NOT NULL,
  PRIMARY KEY (`id`),
  UNIQUE KEY `username` (`username`)
) ENGINE=InnoDB AUTO_INCREMENT=47 DEFAULT CHARSET=utf8mb4 COLLATE=utf8mb4_0900_ai_ci;
/*!40101 SET character_set_client = @saved_cs_client */;

--
-- Dumping data for table `auth_user`
--

LOCK TABLES `auth_user` WRITE;
/*!40000 ALTER TABLE `auth_user` DISABLE KEYS */;
INSERT INTO `auth_user` VALUES (1,'pbkdf2_sha256$870000$ZG7kXXnJHFHECdVseEqSbM$EvTVmLJLKLwPsx/oXZL3kScuMw30Yrxj88m67yDP7fE=','2025-10-28 04:23:47.055930',1,'admin1','Admin','','superadmin1@example.com',1,1,'2025-06-10 04:57:48.000000'),(2,'pbkdf2_sha256$870000$T4kSjGdoqCSGMaM7hUok6w$W29QM59KHgbDzHFomRbrujaD24IwifmXEZ6FDh5uLj8=','2025-07-18 07:10:35.725561',1,'admin2','','','superadmin2@example.com',1,1,'2025-06-10 04:57:48.501341'),(3,'pbkdf2_sha256$870000$wjJtmVj4Dh12kwFfTvmxqM$A2GnKKeDQVBRw0eB5j+tEDMoJZbLPNirtwXJc1lf6Xw=','2025-10-01 07:31:04.747547',0,'8329894984','Vikas','Jadhav','vj5742927@gmil.com',0,1,'2025-06-25 09:38:42.995675'),(8,'pbkdf2_sha256$870000$01xQGefd0Fb7k9cQ6HtRCw$uz3i8wqoH3RNJJPEfD3HHDEKQHje4DI6IMbx7LV3Fmc=','2025-10-07 04:22:43.232501',0,'9022020118','Mukesh ','Rathod','mukeshrathod9756@gmail.com',0,1,'2025-07-16 08:45:54.453656'),(9,'pbkdf2_sha256$870000$mxIVyxn9RwtoDC7hUYVe5m$LUxWL3tKpteGiG3LNwDDGppHerZQj5MH0ERYFV1tfEY=',NULL,0,'9503102302','Trupti Desai','','sales@sevafacility.com',1,1,'2025-07-17 07:29:00.000000'),(13,'pbkdf2_sha256$870000$1HBhr9paiKUXUbGRFqZwvs$3uhRoYBlK1z/+HNOFwI2yTh3tysr68akz4Hu9AvQvLA=','2025-10-27 04:23:51.166090',0,'9890442304','Pravin Pimple','','nagpur.branch@sevafacility.com',1,1,'2025-07-17 12:04:33.000000'),(15,'pbkdf2_sha256$870000$BGGFjQuHMEPQpBcnxNgrJl$yfSA3rYH+56E3nT6E8Y8E7N9DAstUMcq7wcH9JyeMIo=','2025-10-19 09:49:29.377908',0,'09503102302','Trupti Desai','','pc3.sevafacility@gmail.com',1,1,'2025-07-18 04:23:01.000000'),(16,'pbkdf2_sha256$870000$pRjah5ZCG1Q0AkIXi0MKJX$e6ujNzlXU9VPFtlVO13nZ33WcMQx7Gcwqf2NB+/pbaY=','2025-10-27 08:18:48.419381',0,'9503102303','Jyoti Hule','','pc5.sevafacility@gmail.com',1,1,'2025-07-18 06:14:25.000000'),(17,'pbkdf2_sha256$870000$p7ki8U2T4HLOtNjwkKgtVb$uV6E8zB/yFBAFZI6ulXuuQK4ZUL87U7TjNaCx343DVM=','2025-08-27 11:14:59.477190',0,'7887488910','Akash','Rathod','akashrathod6614@gmail.com',0,1,'2025-07-18 11:26:53.388199'),(18,'pbkdf2_sha256$870000$sG0k0pJr5D5iGkmDoIeW59$+NmVSjrvnEUVPJU/f30m69vbyBgWaLDuBeVOcAxsI9o=','2025-09-16 11:57:37.353641',0,'7447400612','Akash','Ade','akashade851990@gmail.com',0,1,'2025-07-19 05:37:26.721225'),(19,'pbkdf2_sha256$870000$Oujl6NOelqn4ghmFHUgG2U$UtzJNznBGEYc3Qx1HmZp2GmgJbfZd1smLr7Ny3/s4mE=','2025-09-19 07:26:52.295766',0,'9322031514','Sakshi','Lalge','sakshilalge12@gmail.com',0,1,'2025-07-21 07:48:08.577486'),(21,'pbkdf2_sha256$870000$yhJ6cqkmv8qnI5lM6N0fPM$6EEPVnk8ET5R84cif2M9Es601ePM5CNSvKaxJAPutW0=',NULL,0,' 9325661413','Tannmay','kulkarni','tech1@gmil.com',0,1,'2025-07-21 07:51:33.131002'),(22,'pbkdf2_sha256$870000$Wf7zMRNvDL8zifjKIdlfqv$n7cuRmFX9G3xsSQgYg3wdCieMRkWWzsVdN9S5iDo+C4=','2025-09-30 04:09:11.567364',0,'7796109398','Dayaram ','Jadhav','daya70772@gmail.com',0,1,'2025-07-23 06:59:15.673525'),(23,'pbkdf2_sha256$870000$yCEPfWyFsDWv6o7D9FRtzn$4Pl68Mqw0Tj08EsC/X2ER4UY12wbGsi+z9u4tBxpKNY=',NULL,0,'7774918071','Himanshu Rathod','','himanshu.rathod@sevafacility.com',1,1,'2025-07-23 10:00:11.000000'),(24,'pbkdf2_sha256$870000$RdzPfe3Po5g9PGzUGB7S8j$Cy47w9ahHQYL5OBWBf6mKe8h4wsj44Aa4VLBNXtUttI=','2025-10-27 10:02:20.431582',0,'9975957361','Rahul Chhetri','','rm.sales@sevafacility.com',1,1,'2025-07-29 07:10:11.000000'),(25,'pbkdf2_sha256$870000$3a1YDnKiyt8EUHR8Pxw5XD$3qTXvQ3PWY9zkJI1sdGEMv6h9JA9XqvR9monnjt/7x8=',NULL,0,'8888829985','Hiraman Rathod','','hiraman.rathod@sevafacility.com',1,1,'2025-08-08 11:04:58.000000'),(26,'pbkdf2_sha256$870000$Pnxns2sBlU8JsRwzHBTKLz$swWd7dYgVFcPmpPuSQIFwPv3SWi7QOfvEJmQ1FqfrCs=','2025-08-12 05:11:57.086158',0,'9325690841','Atul',' Bhandwalkr','atulbhndwalkr78@gmail.com',0,1,'2025-08-12 04:55:19.116626'),(27,'pbkdf2_sha256$870000$36bBXETUcmIrIciZ3KwVzw$O/omFNC5e0K0wIv33ghn9gTkIBTvoZuGeJiM7MUwieY=',NULL,0,'9112005112','Akshay Pandhare','','test@gmail.com',1,1,'2025-08-12 10:24:00.000000'),(28,'pbkdf2_sha256$870000$QJlwpsw7e3AQt8DRPAqW9K$DGvxBIMIeIRDPbWIwJ730+3oqvqrB2mYF0zGs0HNVDE=','2025-10-27 10:28:44.052750',0,'7447400616','Laxman Hotkar','','laxmanhotkar9006@gmail.com',1,1,'2025-09-03 06:35:06.000000'),(29,'pbkdf2_sha256$870000$fZs3VxvzCduPPp2GyOY6jB$MjnT9qqBFEObUn+u1IHS5496G/H+exhiuDomKrkoEDE=','2025-10-27 10:19:51.082304',0,'7447400615','Prakash Chothe','','pune.branch@sevafacility.com',1,1,'2025-09-03 06:42:29.882538'),(30,'pbkdf2_sha256$870000$kHa5Idx6lQGha6ZwK9JFYX$KHgQIiR4vztew0ObZ2+MX/WD+eZGs/5hNJIAZ6HJYRw=','2025-10-04 09:53:08.908460',0,'7887884482','Rajesh Joshi','','indore.branch@sevafacility.com',1,1,'2025-09-05 11:05:48.735937'),(31,'pbkdf2_sha256$870000$mlovOoCzkkCwJNPGo2BwY9$VoFgNESeusGosCEObiq68hGAsGsR9HDRGYEC6lLMDEc=','2025-10-23 16:37:59.301466',0,'9356308207','Sevak','Rathod','None@gmail.com',0,1,'2025-09-13 09:47:20.484304'),(32,'pbkdf2_sha256$870000$pbZIpZqjtyK2dpqH9nunjv$y4vtnMmXdMds7Es2noxfa23ChVO8WeHbbsnkH+jLqZQ=','2025-10-27 10:12:17.808012',0,'7420077360','Yogesh Pawar','','mumbai.branch@sevafacility.com',1,1,'2025-09-16 04:35:44.776335'),(33,'pbkdf2_sha256$870000$CBwT2hILcYr79uuOEXvB1L$UGf5+TjoqgxfldMHg47BqNFKzqqO6Y79o9MPZr9x4jc=',NULL,0,'09137511549','Amol','Ingle','amolingle1813@gmail.com',0,1,'2025-09-16 04:56:49.242782'),(34,'pbkdf2_sha256$870000$erHM0SMch6G0omCXiqJvoj$VCkD6tZsbSQLap+SaQ6vqiYrQzLnMiCznuF4iR+p6DY=','2025-10-27 07:31:05.429270',0,'7030901567','Simannisha Shaikh','','pc6.sevafacilityA@gmail.com',1,1,'2025-09-16 04:57:04.284615'),(35,'1234','2025-10-15 15:35:16.261079',0,'9112005113','Kiran Mahajan','','operation.sevafacility@gmail.com',1,1,'2025-09-16 12:52:51.652911'),(36,'pbkdf2_sha256$870000$KUM7sOadUxxZpDHwyD5ZhR$EcWCYO1idxpYIeodOJntAOzLClK4i5aQsUYstJQOdXM=','2025-09-23 08:24:48.864867',0,'7887884483','Hiralal','Mujalde','hiralalmujalde14@gmail.com',0,1,'2025-09-19 12:14:20.825007'),(37,'pbkdf2_sha256$870000$Z43IRWRyi4XexDeaHygK9y$Zakt2mo6U4JdRd7aWZTkMGqK1WzAKW3ke8x034Brw+s=','2025-09-24 06:35:14.766358',0,'9691320837','Suklal','Chouhan','suk.chouhan92@gmail.com',0,1,'2025-09-20 11:40:47.259236'),(38,'pbkdf2_sha256$870000$G0Z3XF0ttajkJlfcU7NnnH$gPnaPYsXWlBKR/yc53ffkQaCriXuLbbJtZevXPH8kE8=','2025-09-23 08:26:54.699173',0,'9981127533','Mahesh','Solanki','mahesh123.ms126@gmail.com',0,1,'2025-09-20 11:47:03.654474'),(39,'pbkdf2_sha256$870000$Uxl0NVMtaO3S3N3JuiJy2S$WkaoY40PId1uhI1em1WDg/eyGpL2cHFWZfz5znpAgkA=','2025-09-23 08:36:56.119724',0,'8815724714','Daddu','Barman','daddubarman22@gmail.com',0,1,'2025-09-20 11:49:30.689154'),(40,'pbkdf2_sha256$870000$skLHOPN0EHec0EudPnfxBL$Ga8d50qBo4zx6u/fyl8zHtxvRO15ulLQUbjh0in0CPU=','2025-09-27 08:08:13.128601',0,'7420077358','Kisan Mankar','','amravati.branch@sevafacility.com',1,1,'2025-09-22 09:24:28.665966'),(41,'pbkdf2_sha256$870000$F40jHu4mjMyjMZHBKfKnjt$dyGc0kAwmwPV3Xo2NLr7e/m57jktLMvLgMdMGLa0lgI=',NULL,0,'8106562912','Christopher Paul ','','hyderabad.branch@sevafacility.com',1,1,'2025-09-25 07:25:08.731267'),(42,'pbkdf2_sha256$870000$unl2z58uZV35e1zo8xNqSV$PQvXpcX47d+m+i8EseYX3qk2R80fKBGYcvKK9ViebGE=',NULL,0,'8600405679','Ranjeet Jadhav','','none@nagpur2gmail.com',1,1,'2025-09-26 11:15:59.209316');
/*!40000 ALTER TABLE `auth_user` ENABLE KEYS */;
UNLOCK TABLES;

--
-- Table structure for table `auth_user_groups`
--

DROP TABLE IF EXISTS `auth_user_groups`;
/*!40101 SET @saved_cs_client     = @@character_set_client */;
/*!50503 SET character_set_client = utf8mb4 */;
CREATE TABLE `auth_user_groups` (
  `id` bigint NOT NULL AUTO_INCREMENT,
  `user_id` int NOT NULL,
  `group_id` int NOT NULL,
  PRIMARY KEY (`id`),
  UNIQUE KEY `auth_user_groups_user_id_group_id_94350c0c_uniq` (`user_id`,`group_id`),
  KEY `auth_user_groups_group_id_97559544_fk_auth_group_id` (`group_id`),
  CONSTRAINT `auth_user_groups_group_id_97559544_fk_auth_group_id` FOREIGN KEY (`group_id`) REFERENCES `auth_group` (`id`),
  CONSTRAINT `auth_user_groups_user_id_6a12ed8b_fk_auth_user_id` FOREIGN KEY (`user_id`) REFERENCES `auth_user` (`id`)
) ENGINE=InnoDB DEFAULT CHARSET=utf8mb4 COLLATE=utf8mb4_0900_ai_ci;
/*!40101 SET character_set_client = @saved_cs_client */;

--
-- Dumping data for table `auth_user_groups`
--

LOCK TABLES `auth_user_groups` WRITE;
/*!40000 ALTER TABLE `auth_user_groups` DISABLE KEYS */;
/*!40000 ALTER TABLE `auth_user_groups` ENABLE KEYS */;
UNLOCK TABLES;

--
-- Table structure for table `auth_user_user_permissions`
--

DROP TABLE IF EXISTS `auth_user_user_permissions`;
/*!40101 SET @saved_cs_client     = @@character_set_client */;
/*!50503 SET character_set_client = utf8mb4 */;
CREATE TABLE `auth_user_user_permissions` (
  `id` bigint NOT NULL AUTO_INCREMENT,
  `user_id` int NOT NULL,
  `permission_id` int NOT NULL,
  PRIMARY KEY (`id`),
  UNIQUE KEY `auth_user_user_permissions_user_id_permission_id_14a6b632_uniq` (`user_id`,`permission_id`),
  KEY `auth_user_user_permi_permission_id_1fbb5f2c_fk_auth_perm` (`permission_id`),
  CONSTRAINT `auth_user_user_permi_permission_id_1fbb5f2c_fk_auth_perm` FOREIGN KEY (`permission_id`) REFERENCES `auth_permission` (`id`),
  CONSTRAINT `auth_user_user_permissions_user_id_a95ead1b_fk_auth_user_id` FOREIGN KEY (`user_id`) REFERENCES `auth_user` (`id`)
) ENGINE=InnoDB DEFAULT CHARSET=utf8mb4 COLLATE=utf8mb4_unicode_ci
 COLLATE=utf8mb4_unicode_ci;
/*!40101 SET character_set_client = @saved_cs_client */;

--
-- Dumping data for table `auth_user_user_permissions`
--

LOCK TABLES `auth_user_user_permissions` WRITE;
/*!40000 ALTER TABLE `auth_user_user_permissions` DISABLE KEYS */;
/*!40000 ALTER TABLE `auth_user_user_permissions` ENABLE KEYS */;
UNLOCK TABLES;

--
-- Table structure for table `chat_app_chatbot`
--

DROP TABLE IF EXISTS `chat_app_chatbot`;
/*!40101 SET @saved_cs_client     = @@character_set_client */;
/*!50503 SET character_set_client = utf8mb4 */;
CREATE TABLE `chat_app_chatbot` (
  `id` bigint NOT NULL AUTO_INCREMENT,
  `text_input` varchar(500) NOT NULL,
  `gemini_output` longtext,
  `date` datetime(6) DEFAULT NULL,
  `user_id` int DEFAULT NULL,
  PRIMARY KEY (`id`),
  KEY `chat_app_chatbot_user_id_70c01162_fk_auth_user_id` (`user_id`),
  CONSTRAINT `chat_app_chatbot_user_id_70c01162_fk_auth_user_id` FOREIGN KEY (`user_id`) REFERENCES `auth_user` (`id`)
) ENGINE=InnoDB DEFAULT CHARSET=utf8mb4 COLLATE=utf8mb4_0900_ai_ci;
/*!40101 SET character_set_client = @saved_cs_client */;

--
-- Dumping data for table `chat_app_chatbot`
--

LOCK TABLES `chat_app_chatbot` WRITE;
/*!40000 ALTER TABLE `chat_app_chatbot` DISABLE KEYS */;
/*!40000 ALTER TABLE `chat_app_chatbot` ENABLE KEYS */;
UNLOCK TABLES;

--
-- Table structure for table `crmapp_bankaccounts`
--

DROP TABLE IF EXISTS `crmapp_bankaccounts`;
/*!40101 SET @saved_cs_client     = @@character_set_client */;
/*!50503 SET character_set_client = utf8mb4 */;
CREATE TABLE `crmapp_bankaccounts` (
  `id` bigint NOT NULL AUTO_INCREMENT,
  `bank_name` varchar(100) NOT NULL,
  `account_number` varchar(20) NOT NULL,
  `ifs_code` varchar(20) NOT NULL,
  `branch` varchar(100) NOT NULL,
  PRIMARY KEY (`id`)
) ENGINE=InnoDB AUTO_INCREMENT=3 DEFAULT CHARSET=utf8mb4 COLLATE=utf8mb4_0900_ai_ci;
/*!40101 SET character_set_client = @saved_cs_client */;

--
-- Dumping data for table `crmapp_bankaccounts`
--

LOCK TABLES `crmapp_bankaccounts` WRITE;
/*!40000 ALTER TABLE `crmapp_bankaccounts` DISABLE KEYS */;
INSERT INTO `crmapp_bankaccounts` VALUES (2,'Bank of Maharashtra','515395397070','MAH6457','Pune');
/*!40000 ALTER TABLE `crmapp_bankaccounts` ENABLE KEYS */;
UNLOCK TABLES;

--
-- Table structure for table `crmapp_branch`
--

DROP TABLE IF EXISTS `crmapp_branch`;
/*!40101 SET @saved_cs_client     = @@character_set_client */;
/*!50503 SET character_set_client = utf8mb4 */;
CREATE TABLE `crmapp_branch` (
  `id` bigint NOT NULL AUTO_INCREMENT,
  `branch_name` varchar(100) NOT NULL,
  `contact_1` varchar(15) NOT NULL,
  `contact_2` varchar(15) DEFAULT NULL,
  `email_1` varchar(254) NOT NULL,
  `email_2` varchar(254) DEFAULT NULL,
  `gst_number` varchar(20) NOT NULL,
  `pan_number` varchar(20) NOT NULL,
  `full_address` longtext NOT NULL,
  `created_at` datetime(6) NOT NULL,
  `code` int NOT NULL,
  `shortcut` varchar(10) NOT NULL,
  `state` varchar(50) NOT NULL,
  PRIMARY KEY (`id`)
) ENGINE=InnoDB AUTO_INCREMENT=13 DEFAULT CHARSET=utf8mb4 COLLATE=utf8mb4_0900_ai_ci;
/*!40101 SET character_set_client = @saved_cs_client */;

--
-- Dumping data for table `crmapp_branch`
--

LOCK TABLES `crmapp_branch` WRITE;
/*!40000 ALTER TABLE `crmapp_branch` DISABLE KEYS */;
INSERT INTO `crmapp_branch` VALUES (1,'Seva Facility Services Pvt Ltd  Pune','9112003300','7774918071','info@sevafacility.com','sales@sevafacility.com','27AAWCS8490D1ZM','AAWCS8490D','Office No. 406, 4th Floor, Biz Building, Above Axis Bank, S. No. 203, Bhondve Chowk, Ravet, Pune - 412101.   ','2025-06-10 09:08:01.161733',27,'MH','Maharashtra'),(4,'Seva Facility Services Pvt Ltd Amravati ','9112003300','7420077358','info@sevafacility.com','amravati.branch@sevafacility.com','27AAWCS8490D1ZM','AAWCS8490D','Pawan Nagar, MIDC Rd, opposite Sutgirni Road, Gopal Nagar, Amravati, Maharashtra 444607.','2025-07-29 08:54:15.715987',27,'MH','Maharashtra'),(5,'Seva Facility Services Pvt Ltd Bhiwandi','9112003300','7420077360','info@sevafacility.com','mumbai.branch@sevafacility.com','27AAWCS8490D1ZM','AAWCS8490D','Gala No 13 B Wing, Chamunda Co-Op Housing Society, Bhiwandi, Thane, Kon (CT) 421311.','2025-07-29 09:04:38.963136',27,'MH','Maharashtra'),(6,'Seva Facility Services Pvt Ltd - Baramati','9112003300','9112005112','info@sevafacility.com','sales@sevafacility.com','27AAWCS8490D1ZM','AAWCS8490D','Suryanagari Jalin, Krushnayog Tawnship J4, Baramati, Maharashtra 413133','2025-08-12 10:29:41.235889',27,'MH','Maharashtra'),(7,'Seva Facility Services Pvt Ltd Hyderabad','9112003300','9866577497','sales@sevafacility.com','info@sevafacility.com','36AAWCS8490D1ZN','AAWCS8490D','9-1-33/1,Shop no 5, Himagiri Laxmi Estates,Langer House, Hyderabad-500008.','2025-09-25 07:22:59.092050',36,'TS','Telangana'),(8,'Seva Facility Services Pvt Ltd Indore','9112003300','7887884482','info@sevafacility.com','sales@sevafacility.com','23AAWCS8490D1ZU','AAWCS8490D','Kashi Nagar, 1, Kanadiya Road, Bengali Square, TT Nagar, Lasudia Mori, Indore, Madhya Pradesh 452016','2025-09-25 12:20:28.685991',23,'MP','Madhya Pradesh'),(9,'Seva Facility Services Pvt Ltd Nagpur 1','9112003300','9890442304','info@sevafacility.com','nagpur.branch@sevafacility.com','27AAWCS8490D1ZM','AAWCS8490D','Plot No. 28, Shri Hari nagar no. 1, vinkar colony, Manewada, Nagpur - 440027.','2025-10-03 06:05:50.107167',27,'MH','Maharashtra'),(10,'Seva Facility Services Pvt Ltd Nagpur 2','9112003300','8600405679','info@sevafacility.com','sfspestcontrol5679@gmail.com','27AAWCS8490D1ZM','AAWCS8490D','Nagpur 2.','2025-10-03 06:09:53.828636',27,'MH','Maharashtra'),(11,'Seva Facility Services Pvt Ltd Vashi','9112003300','9503102303','info@sevafacility.com','sales@sevafacility.com','27AAWCS8490D1ZM','AAWCS8490D','Office No - G76, Plot No 47, Haware Fantasia Business Park, Vashi, Sector 30A,400705.','2025-10-06 07:47:49.946212',27,'MH','Maharashtra'),(12,'Seva Facility Services Pvt Ltd HO','9112003300','7774918071','info@sevafacility.com','himanshu.rathod@sevafacility.com','27AAWCS8490D1ZM','AAWCS8490D','Head Office: Office No. 406, 4th Floor, Biz Building, Above Axis Bank, S. No. 203, Bhondve Chowk, Ravet, Pune - 412101.\r\n','2025-10-15 11:56:02.447591',27,'MH','Maharashtra');
/*!40000 ALTER TABLE `crmapp_branch` ENABLE KEYS */;
UNLOCK TABLES;

--
-- Table structure for table `crmapp_branchmanager`
--

DROP TABLE IF EXISTS `crmapp_branchmanager`;
/*!40101 SET @saved_cs_client     = @@character_set_client */;
/*!50503 SET character_set_client = utf8mb4 */;
CREATE TABLE `crmapp_branchmanager` (
  `id` bigint NOT NULL AUTO_INCREMENT,
  `full_name` varchar(100) CHARACTER SET utf8mb4 COLLATE utf8mb4_unicode_ci NOT NULL,
  `date_of_joining` date NOT NULL,
  `mobile_no` varchar(15) CHARACTER SET utf8mb4 COLLATE utf8mb4_unicode_ci NOT NULL,
  `email` varchar(254) CHARACTER SET utf8mb4 COLLATE utf8mb4_unicode_ci NOT NULL,
  `date_of_birth` date NOT NULL,
  `branch_id` bigint DEFAULT NULL,
  PRIMARY KEY (`id`),
  UNIQUE KEY `email` (`email`),
  KEY `crmapp_branchmanager_branch_id_17a4208d_fk_crmapp_branch_id` (`branch_id`),
  CONSTRAINT `crmapp_branchmanager_branch_id_17a4208d_fk_crmapp_branch_id` FOREIGN KEY (`branch_id`) REFERENCES `crmapp_branch` (`id`)
) ENGINE=InnoDB AUTO_INCREMENT=13 DEFAULT CHARSET=utf8mb4 COLLATE=utf8mb4_unicode_ci;
/*!40101 SET character_set_client = @saved_cs_client */;

--
-- Dumping data for table `crmapp_branchmanager`
--

LOCK TABLES `crmapp_branchmanager` WRITE;
/*!40000 ALTER TABLE `crmapp_branchmanager` DISABLE KEYS */;
INSERT INTO `crmapp_branchmanager` VALUES (1,'Rahul Chhetri','2025-06-01','9975957361','rm.sales@sevafacility.com','1992-06-26',1),(2,'Pravin Pimple','2016-03-01','9890442304','nagpur.branch@sevafacility.com','1990-08-23',9),(3,'Yogesh Pawar','2016-03-18','7420077360','mumbai.branch@sevafacility.com','1992-01-12',5),(4,'Kisan Mankar','2018-02-18','7420077358','amravati.branch@sevafacility.com','1988-06-05',4),(5,'Prakash Chothe','2021-04-08','7447400615','pune.branch@sevafacility.com','1983-05-01',1),(7,'Akshay Pandhare','2025-10-15','9112005112','test@gmail.com','2025-10-15',6),(8,'Rajesh Joshi','2025-10-15','7887884482','indore.branch@sevafacility.com','2025-10-15',8),(9,'Christopher Paul ','2025-09-17','8106562912','hyderabad.branch@sevafacility.com','2025-10-04',7),(10,'Himanshu Rathod','2016-03-04','7774918071','himanshu.rathod@sevafacility.com','1998-04-19',12),(11,'Hiraman Rathod','2016-03-04','8888829985','hiraman.rathod@sevafacility.com','2025-05-13',12),(12,'Laxman Hotkar','2022-05-05','7447400616','laxmanhotkar9006@gmail.com','1990-06-28',1);
/*!40000 ALTER TABLE `crmapp_branchmanager` ENABLE KEYS */;
UNLOCK TABLES;

--
-- Table structure for table `crmapp_customer_details`
--

DROP TABLE IF EXISTS `crmapp_customer_details`;
/*!40101 SET @saved_cs_client     = @@character_set_client */;
/*!50503 SET character_set_client = utf8mb4 */;
CREATE TABLE `crmapp_customer_details` (
  `id` bigint NOT NULL AUTO_INCREMENT,
  `fullname` varchar(100) NOT NULL,
  `primaryemail` varchar(254) DEFAULT NULL,
  `secondaryemail` varchar(254) DEFAULT NULL,
  `primarycontact` bigint NOT NULL,
  `secondarycontact` bigint DEFAULT NULL,
  `contactperson` varchar(100) DEFAULT NULL,
  `designation` varchar(100) NOT NULL,
  `shifttopartyaddress` varchar(1000) NOT NULL,
  `shifttopartycity` varchar(100) NOT NULL,
  `shifttopartystate` varchar(100) NOT NULL,
  `shifttopartypostal` varchar(100) NOT NULL,
  `soldtopartyaddress` varchar(1000) NOT NULL,
  `soldtopartycity` varchar(100) NOT NULL,
  `soldtopartystate` varchar(100) NOT NULL,
  `soldtopartypostal` varchar(100) NOT NULL,
  `customerid` varchar(255) DEFAULT NULL,
  `customer_type` varchar(100) DEFAULT NULL,
  `or_contact` bigint DEFAULT NULL,
  `or_name` varchar(100) DEFAULT NULL,
  `branch_id` bigint DEFAULT NULL,
  PRIMARY KEY (`id`),
  UNIQUE KEY `crmapp_customer_details_primarycontact_8b7967d6_uniq` (`primarycontact`),
  UNIQUE KEY `customerid` (`customerid`),
  KEY `crmapp_customer_details_branch_id_3f3ce30c_fk_crmapp_branch_id` (`branch_id`),
  CONSTRAINT `crmapp_customer_details_branch_id_3f3ce30c_fk_crmapp_branch_id` FOREIGN KEY (`branch_id`) REFERENCES `crmapp_branch` (`id`)
) ENGINE=InnoDB AUTO_INCREMENT=265 DEFAULT CHARSET=utf8mb4 COLLATE=utf8mb4_0900_ai_ci;
/*!40101 SET character_set_client = @saved_cs_client */;

--
-- Dumping data for table `crmapp_customer_details`
--

LOCK TABLES `crmapp_customer_details` WRITE;
/*!40000 ALTER TABLE `crmapp_customer_details` DISABLE KEYS */;
INSERT INTO `crmapp_customer_details` VALUES (1,'Mahesh Waghmare','mahesh.beed2018@gmail.com','',7887682845,NULL,'test1','Commercial','Pune','Pune City','Maharashtra','411001','Pune','Pune City','Maharashtra','411001','MAHWAG4376',NULL,NULL,NULL,1),(2,'Gopal Girse','sales@sevafacility.com','',9503037264,9970220979,'Trupti Desai','Resedential','Flat no. 14,Shantikunj society, Ravet','Pune','Maharashtra','412101','Flat no. 14,Shantikunj society, Ravet','Pune','Maharashtra','412101','GOPGIR5861',NULL,NULL,NULL,1),(3,'Mukesh Kumar','sales@sevafacility.com','',9673791666,NULL,'Mukesh Kumar','Customer','D504 KUL ECOLOCH, NANDE BALEWADI ROAD,MAHALUNGE','Pune','Maharashtra','412115','Ravet ','pune','Maharashtra','412101','MUKKUM4439',NULL,NULL,NULL,1),(4,'Nayana Kitadikar','sales@sevafacility.com','',7709389559,NULL,'Trupti Desai','Resedential','Tropica Society, Ravet','Pune','Maharashtra','412101','Seva Facility Services Ravet','Pune','Maharashtra','412101','NAYKIT3305',NULL,NULL,NULL,1),(5,'Glaze Rocks Pvt.Ltd.','admin@glazerocks.com','',8830716605,NULL,'Manish Garud','Commercial',' Glaze rocks Sonigara landmark bld. Chatrapati chowk Wakad,pune','Pune','Maharashtra','411057','SFS Pune Branch','Pune','Maharashtra','412101','GLAPVT3159',NULL,NULL,NULL,1),(6,'Ruchi Chetan Bonde','sales@sevafacility.com','',8888433684,8149992144,'Trupti Desai','Resedential','B603 Sai parktown behind lekha farm uttam nagar kiwale-412101','Pune','Maharashtra','412101','Ravet','Pune','Maharashtra','412101','RUCBON6384',NULL,NULL,NULL,1),(7,'Sonari Siddhachal Trading Co','sales@sevafacility.com','',9004000390,9004000390,'Yogesh Pawar','Industrial','Unit no 306,307,308 spna industrial, om sainath complex dapode road ','Thane','Maharashtra','412121','Bhiwandi SFS','Thane','Maharashtra','412112','SONCOX3465',NULL,NULL,NULL,1),(8,'Akshay Chidrawar','sales@sevafacility.com','',9545110341,NULL,'Jyoti Hule','Resedential','A402 Stellar Rhythmm, Wakad','Pune','Maharashtra','411057','SFS Pune','Pune','Maharashtra','412101','AKSCHI8688',NULL,NULL,NULL,1),(9,'Saurabh Markhedkar','sales@sevafacility.com','',9575311326,NULL,'Trupti Desai','Resedential','Chinchwad','Pune','Maharashtra','412101','SFSPL, Ravet','Pune','Maharashtra','412101','SAUMAR2994',NULL,NULL,NULL,1),(10,'Uday Kalhapure','sales@sevafacility.com','',9890301725,NULL,'Trupti Desai','Resedential','Bhosari','Pune','Maharashtra','411026','Ravet','Pune','Maharashtra','412101','UDAKAL4374',NULL,NULL,NULL,1),(11,'Pankaj Pandurang Patil ','sales@sevafacility.com','',8850544253,9702971071,'Trupti Desai','Resedential','103, Vaishnavi Homes, B wing , near sarkar chowk Marunji pune','Pune','Maharashtra','411057','Ravet','Pune','Maharashtra','412101','PANPAT5845',NULL,NULL,NULL,1),(12,'Krishna Sarwal','sales@sevafacility.com','',9422037485,NULL,'Trupti Desai','Resedential','Kotharud','Pune','Maharashtra','411004','SFSPL, Ravet','Pune','Maharashtra','412101','KRISAR6929',NULL,NULL,NULL,1),(13,'Anil Vaidya','sales@sevafacility.com','',9987128731,NULL,'Trupti Desai','Resedential','53, Govind SmrutiShailesh SocietyOff Samarth PathNear Alankar Police ChowkyPune 411052','Pune','Maharashtra','411052','SFSPL, Ravet','Pune','Maharashtra','412101','ANIVAI6973',NULL,NULL,NULL,1),(14,'Unmesh Shastri','sales@sevafacility.com','sales@sevafacility.com',8308824157,8308824157,'Siman Shaikh','Resedential','C-1101, Nano Spaces , Ravet, Near hanging bridge.','Pune','Maharashtra','412101','C-1101, Nano Spaces , Ravet, Near hanging bridge.','Pune','Maharashtra','412101','UNMSHA5468',NULL,NULL,NULL,1),(15,'Greensave Evolutions PvtLtd.','info@greensave.in','',9730045245,NULL,'Rahul Chhetri','Commercial','Pune SFS','Pune','Maharashtra','412101','606, Brahma Sky Uzuri, Pimpri, Pune-411018','Pune','Maharashtra','411018','GREPVT7185',NULL,NULL,NULL,1),(16,'Manish Fegade','sales@sevafacility.com','',8087976269,NULL,'Trupti Desai','Resedential',' G-307, G.K. Aarcon, Katewasti, Gaikwad Nagar, Punawale, Chinchwad-411033','Pune','Maharashtra','411033',' SFSPL Ravet','Pune','Maharashtra','412101','MANFEG1172',NULL,NULL,NULL,1),(17,'Ashwini Shinde','sales@sevafacility.com','',9890182445,NULL,'Trupti Desai','Resedential','Chinchwad','Pune','Maharashtra','412101','SFSPL, Ravet','Pune','Maharashtra','412101','ASHSHI9071',NULL,NULL,NULL,1),(18,'Yogesh Shete','sales@sevafacility.com','',8178678779,NULL,'Jyoti Hule','Resedential','SFS Pune','Pune','Maharashtra','412101','1102, C-18, Little earth. Kiwale. Pune','Pune','Maharashtra','412101','YOGSHE2779',NULL,NULL,NULL,1),(19,'Arvind','sales@sevafacility.com','',9284548094,9284548094,'Trupti Desai','Resedential','Society Office, Gera\'s Isle Royale, Near Ind Search, Bavdhan, Pune 411021','Pune','Maharashtra','412101','SFSPL Ravet','Pune','Maharashtra','412101','ARVXXX5589',NULL,NULL,NULL,1),(21,'Pravin Jagtap','sales@sevafacility.com','',8087568889,NULL,'Trupti Desai','Resedential','Punawale','Pune','Maharashtra','412101','SFSPL, Ravet','Pune','Maharashtra','412101','PRAJAG5811',NULL,NULL,NULL,1),(22,'Deccan Mechanical And Chemical Ind. Pvt.Ltd.','storesbmt@demechindia.com','',7588595653,NULL,'Akshay Pandhare','Customer','Plot No D 50 MIDC, Baramati, Dist Pune.','Pune','Maharashtra','412115','Plot No D 50 MIDC, Baramati, Dist Pune.','Pune','Maharashtra','412101','DECPVT9308','Organization',7588595653,'Akshay Pandhare',1),(23,'Jabsons Foods Pvt. Ltd.','bhumi.jabsons@gmail.com','',9512001872,NULL,'Jyoti Hule','Commercial','SFS Pune','Pune','Maharashtra','412101','A-2, Udyog Nagar, Bholav, Bholav, Bharuch, Gujarat 392002.','Bharuch','Gujarat','392002','JABLTD3475','Organization',9512001872,'Bhumi Patel',1),(24,'Priyanka Mishra','mumbai.branch@sevafacility.com','',9930106221,9930106221,'Yogesh pawar','Resedential','Bhiwandi','Thane','Maharashta','9930106221','Bhiwandi','Thane','Maharashtra','9930106221','PRIMIS3257',NULL,NULL,NULL,1),(25,'Saleha memon','mumbai.branch@sevafacility.com','',9022932008,9022932008,'Siman Shaikh','Resedential','Bhiwandi','Thane','Maharashtra','421308','Bhiwandi','Thane','Maharashtra','421308','SALMEM4070',NULL,NULL,NULL,1),(26,'Dilkhush Kushwaha','sales@sevafacility.com','sales@sevafacility.com',9798092194,9798092194,'','','C-1101, Nano Spaces , Ravet, Near hanging bridge.','','','','','','','','DILKUS6836',NULL,NULL,NULL,1),(27,'Sandeep Kapase','sandipenter@gmail.com','',9923357957,NULL,'Trupti Desai','Industrial','Flat no.2/2, Shree Ganesha Heights,Serv. No. 180/2, M.I.D.C. Road, Ganesh Nagar, Ravet– Nigdi Pune-412101 Maharashtra (India)','Pune','Maharashtra','412101','MQVR+GMW Pimpri-Chinchwad, Maharashtra','Pune','Maharashtra','412101','SANKAP4923',NULL,NULL,NULL,1),(28,'Godrej Agrovet Ltd. (Pune Region)','jotiram.chavan@godrejagrovet.com','',8411887058,NULL,'Jyoti Hule','Sales','Pune.','Pune','Maharashtra','412101','Pune.','Pune','Maharashtra','412101','GODREG9949','Organization',8411887058,'Jyotiram Chavan',1),(31,'Demo Demo','Demo@gmail.com','Demo@gmail.com',7822087135,7822087135,'','','Billing Address (Auto-filled from customer record):','','','','','','','','DEMDEM2676',NULL,NULL,NULL,1),(32,'Chinmay Patil','sales@sevafacility.com','',8459943447,NULL,'Trupti Desai','Resedential','MQ33+C2 Ravet, Pimpri-Chinchwad, Maharashtra','Pune','Maharashtra','412101','MQ33+C2 Ravet, Pimpri-Chinchwad, Maharashtra','Pune','Maharashtra','412101','CHIPAT7862',NULL,NULL,NULL,1),(33,'Tooshar Bendale','sales@sevafacility.com','',9823399512,NULL,'Trupti Desai','Residential','Nigdi','Pune','Maharashtra','411044','Nigdi','Pune','Maharashtra','411044','TOOBEN2048',NULL,NULL,NULL,1),(34,'Demo Demo','xyz@gmail.com','',7420924192,NULL,'test','test','ff rdgdr trdtrd t rdtrdt','ss','ss','123456','ss','ss','ss','123456','DEMDEM1275','Organization',1234569870,'test',1),(35,'Tanmay (test record)','tanmaykulkarni1413@gmail.com','',9325661413,NULL,'Trupti Desai','Sales ','Test','Test','Test','111222','Test','Test','Tedt','123123','TANREC2153','Organization',1234567890,'T2',1),(36,'Techno Vision Engineers Pvt Ltd','operation.sevafacility@gmail.com','',9588499972,9588499972,'Prakash Chothe','Industrial / Commercial','Gate No 1559-1560 Dehu Alandi Rd Shelarwadi Chikhali Pune.','Pune','Maharashtra','412114','Gate No 1559-1560 Dehu Alandi Rd Shelarwadi Chikhali Pune.','Pune','Maharashtra','412114','TECLTD8787',NULL,NULL,NULL,1),(37,'Meera Sardar','sales@sevafacility.com','',9226334751,NULL,'Trupti Desai','Residential','Ravet','Pune','Maharashtra','412101','Ravet','Pune','Maharashtra','412101','MEESAR5161',NULL,NULL,NULL,1),(38,'Amol Kamble','sales@sevafacility.com','',9767340847,NULL,'Trupti Desai','Customer','Flat -101, Jeevanshree Apartment, beside global hospital, Shinde Vasti, Ravet Landmark: dmart ','Pune','Maharashtra','412101','Flat -101, Jeevanshree Apartment, beside global hospital, Shinde Vasti, Ravet Landmark: dmart ','Pune','Maharashtra','412101','AMOKAM7337','Individual',9503102302,'Trupti Desai',1),(40,'Sunmoon Traders','sunmoontraders786@gmail.com',NULL,7017432620,NULL,'','','Chet Gountiya, Chanehti, Kandharpur, Bareilly (U.P.)\r\n','','','','','','','','SUNTRA4263',NULL,NULL,NULL,1),(43,'SPINKS SOFTECH PVT.LTD','timeofficepune@spinkssoftech.com','',8855031082,NULL,'Prakash Chothe','Sales Manager','Plot No.E-18/B,MIDC Chakan Industrial Area (Ph-III), Taluka: Khed, Dist: Pune. Pin: 410501.','Pune','Maharashtra','410501','Plot No.E-18/B,MIDC Chakan Industrial Area (Ph-III), Taluka: Khed, Dist: Pune. Pin: 410501.','Pune','Maharashtra','410501','SPIPVT7714','Organization',8855031082,'Ajay Sandbhor',1),(44,'Shree Laxmidham','sales@sevafacilitly.com','',9763361326,9763361326,'Laxman Hotkar','Sales Manager','Block No. B 104 Sutarwadi Pashan Pune 411021','Pune','Maharashtra','411021','Block No. B 104 Sutarwadi Pashan Pune 411021','Pune','Maharashtra','411021','SHRLAX2780','Organization',9763361326,'Pradeep Tupe',1),(45,'Sakshi','sakshilalge12@gmail.com','',9322031514,9322031515,'Jyoti Hule','sales',' abcd','Pune','Maharashtra','411001',' abcd','Pune','Maharshtra','41001','SAKXXX6749','Organization',1234567800,'abcd',1),(46,'Savita Malagi','sales@sevafacility.com','',8262913598,NULL,'Trupti Desai','Sales Co-ordinator','Runal Spacio B-901, Mukai Chowk, Kiwle Ravet','Pune','Maharashtra','412101','Runal Spacio B-901, Mukai Chowk, Kiwle Ravet','Pune','Maharashtra','412101','SAVMAL8751','Individual',NULL,'',1),(47,'Arviend Chauhan','sales@sevafacility.com','',8381006111,NULL,'Trupti Desai','Sales Co-ordinator','Ravet','Pune','Maharashtra','412101','Ravet','Pune','Maharashtra','412101','ARVCHA7013','Individual',NULL,'',1),(48,'Vishal Parwati','sales@sevafacility.com','',9860190451,NULL,'Trupti Desai','Sales Co-ordinator','B101, D S Vrindavan, D N Parande Marg, Dhanori, 411015','Pune','Maharashtra',' 411015','B101, D S Vrindavan, D N Parande Marg, Dhanori, 411015','Pune','Maharashtra','Pune','VISPAR2062','Individual',NULL,'',1),(49,'Shradha Kumbhar','sales@sevafacility.com','',9175722125,NULL,'Laxman Hotkar','Sales Manager','A307,19 Grand west , near Dange chowk, Thergaon  ','Pune','Maharashtra','411033','A307,19 Grand west , near Dange chowk, Thergaon  ','Pune','Maharashtra','411033','SHRKUM4308','Individual',NULL,'',1),(50,'Nature Delight Cattle Feeds Pvt. Ltd.','jaihindfeedqc@gmail.com','',8796712712,NULL,'Jyoti Hule','Sales Coordinator','Baramati SFS','Pune','Maharashtra','413102','Baramati MIDC warehouse','Pune','Maharashtra','413102','NATLTD6997','Organization',8796712712,'Datta Jadhav',1),(51,'Chetan Chavan','sales@sevafacility.com','',9860591872,9860591872,'Simannisha Shaikh','Sales Co-ordinator','K-61, Meena colony vikas nagar dehu road Near church.','Pune','Maharashtra','412101','K-61, Meena colony vikas nagar dehu road Near church.','Pune','Maharashtra','412101','CHECHA2257','Individual',NULL,'',1),(52,'Flyberry Gourment','nidhi2381@gmail.com','',7710016869,NULL,'Yash Kumar','Sales','Kattedan, Hyderabad','Hyderabad','Telangana ','500077','Kattedan, Hyderabad','Hyderabad',' Telangana ','500077','FLYGOU8685','Organization',7710016869,'Nidhi',1),(53,'L.B. Pujari','sales@sevafacility.com','',8830404030,NULL,'Trupti Desai','Sales Co-ordinator','Royal Galaxy Apartment Flat No. 504...Near Balaji Mandir,Wadmukhwadi Pune-412105','Pune','Maharashtra','412105','Royal Galaxy Apartment Flat No. 504...Near Balaji Mandir,Wadmukhwadi Pune-412105','Pune','Maharashtra','412105','L.BPUJ1156','Individual',NULL,'',1),(54,'Ritesh kadu','sales@sevafacility.com','',8888333503,8888333503,'Simannisha Shaikh','Sales Co-ordinator','Mitra Nagar, manewada.','Nagpur','Maharashtra','440027','Mitra Nagar, manewada.','Nagpur','Maharashtra','440027','RITKAD3571','Individual',NULL,'',1),(57,'Sameer Bhamare,','sales@sevafacility.com','',9130033350,NULL,'Jyoti Hule','Sales Coordinator','SFS Pune','Pune','Maharashtra','412101','1701, Tower 1, VTP Aethereus, Nande Balewadi Road, Mahalunge, Pune','Pune','Maharashtra','411045','SAMBHA5405','Individual',NULL,'',1),(58,'Vighnaharta Life Canvas','operation.sevafacility@gmail.com','',9604715456,9604715456,'Laxman Hotkar','Sales Manager','Vighnaharta Life Canvas St Tukaram Nagar Mamurdi Dehu Rd Pune','Pune','Maharashtra','412101','Vighnaharta Life Canvas St Tukaram Nagar Mamurdi Dehu Rd Pune','Pune','Maharashtra','412101','VIGCAN4882','Individual',NULL,'',1),(59,'Manjunatha. B.S','tdtspest@gmail.com','',9980884952,NULL,'Jyoti Hule','Sales Coordinator','SFS Pune','Pune','Maharashtra','412101','No.104/5, Byravanadoddi Village, Near Coca Cola Circle, Bidadi Industrial Area, Ramanagara.- 562 109.','Ramanagara','Karnataka','562109','MANB.S7417','Organization',9980884952,'TDTS Pest Control Services',1),(60,'Mangesh Chandratre','sales@sevafacility.com','',7020156201,NULL,'Trupti Desai','Sales Co-ordinator','304 Krushnai Imperio Behind Madhav Mithas Shinde vasti Pipeline Road Ravet','Pune','Maharashtra ','412101','304 Krushnai Imperio Behind Madhav Mithas Shinde vasti Pipeline Road Ravet','Pune','Maharashtra','412101','MANCHA4896','Individual',NULL,'',1),(61,'Damodar Industries Limited','store.amr@damodargroup.com','',9096334247,NULL,'Kisan Mankar','Manager','SFS Amravati','Amravati','Maharashtra','444607','T-26 Textile Park, New AdditionalM.i.d.c Area Amravati Nagpur Road, Nandgaon Peth Amravati,Maharashtra,444801.','Amravati','Maharashtra','444801','DAMLIM4501','Organization',9096334247,'Sumeet Vadive',1),(62,'Aasha Enterprises','Vinay@aashaenterprises.in',NULL,7304263363,NULL,'','','Uday Co-Operative Housing Society, 60 feet road Sion,\r\nBaner, Pune-411045','','','','','','','','AASENT8391',NULL,NULL,NULL,1),(63,'Singhavi Foods Pvt. Ltd.','sparkhi@sanghvifoods.com','',7583048887,NULL,'Yogesh pawar','Branch Manager','Seva Facility Services Pvt. Ltd. Bhiwandi','Thane','Maharashtra','421311','Godown no. 15 to 22, Building No A5, Ground floor, Harihar Compound.','Thane','Maharashtra','421311','SINLTD2171','Organization',7583048887,'Mr. Akhilesh Diwedi',1),(64,'Govind Darshan Society','sales@sevafacility.com',NULL,9730691605,NULL,'','','Survey No.189, Govind Darshan Rd, Ganesh Nagar, Ravet,\r\nPimpri-Chinchwad, Pune,Maharashtra 412101.','','','','','','','','GOVSOC9575',NULL,NULL,NULL,1),(65,'Pratik Nitin ',' hr2@indpro.com','hr2@indpro.com',8484985594,8484985594,'','','C-1101, Nano Spaces , Ravet, Near hanging bridge.','','','','','','','','PRANIT5325',NULL,NULL,NULL,1),(66,'Albert Santhiagu','sales@sevafacility.com','',9422159444,NULL,'Trupti Desai','Sales Co-ordinator','Flat 1004, B wing Revanta, Opposite kiwale, Adarshnagar chowk, Ravet','Pune','Maharashtra','412101','Flat 1004, B wing Revanta, Opposite kiwale, Adarshnagar chowk, Ravet','Pune','Maharashtra','412101','ALBSAN3958','Individual',NULL,'',1),(67,'Karnail Singh','sales@sevafacility.com','',9422311624,NULL,'Laxman Hotkar','Manager','SFS Pune','Pune','Maharashtra','412101','Gurudwara Colony, Akurdi,  Pimpri-Chinchwad,','Pune','Maharashtra','411035','KARSIN1051','Individual',NULL,'',1),(68,'Sangita Kirdat','sales@sevafacility.com','',9371023451,NULL,'Laxman Hotkar','Sales Manager','Aditi Apartment, Flat no 301, Nehrunagar, Pimpri, Pune','Pune','Maharashtra','411018','Aditi Apartment, Flat no 301, Nehrunagar, Pimpri, Pune','Pune','Maharashtra','411018','SANKIR7200','Individual',NULL,'',1),(69,'Jayraj Foods Pvt. Ltd.','dkhambodiya15@gmail.com','',7977760649,NULL,'Yogesh pawar','Branch Manager','Seva Facility Services Pvt. Ltd. Bhiwandi','Thane','Maharashtra','421311','A-10, Paramount Logitrade Complex, Godown No. D11 toD13,Lonad Village, Near Sawad Naka, Bhiwandi 421302.','Thane','Maharashtra','421302','JAYLTD5722','Organization',7977760649,' Deep Khambodiya',1),(70,'TBOF Foods Pvt.Ltd.','sales@sevafacility.com','',7887938691,NULL,'Himanshu Rathod','Business Executive ','Plot no C-6 , Indapur Industrial Area, Village - Balpudi ,413132.','Pune','Maharashtra','413132','Plot no C-6 , IndapurIndustrial Area, Village - Balpudi ,413132.','Pune','Maharashtra','413132','TBOPVT9326','Individual',NULL,'',1),(71,'Somali Lohia','amravati.branch@sevafacility.com','',9860665586,NULL,'Kisan Mankar','Branch Manager','SFS Amravati','Amravati','Maharashtra','444607','Rayli plot','Amravati','Maharashtra','444607','SOMLOH2206','Individual',NULL,'',1),(72,'RBS Renewables Private Limited','rbs.renewables@gmail.com','',9923430039,NULL,'Himanshu Rathod','Business Executive ','Borgaon road, Bramhapuri Dist-Chandrapur','Chandrapur','Maharashtra','442401','Borgaon road, Bramhapuri Dist-Chandrapur','Chandrapur','Maharashtra','442401','RBSLIM3924','Organization',9923430039,'Niraj Mohata',1),(73,'Plastic Omnium OPmobility','sayali.daware@opmobility.com','',8421165267,NULL,'Prakash Chothe','Sales Manager','Plot C4,MIDC Chakan Phase II, Bhamboli, Tal Khed, Pune410501.','Pune','Maharashtra','410501','Plot C4,MIDC Chakan Phase II, Bhamboli, Tal Khed, Pune410501.','Pune','Maharashtra','410501','PLAOPM9287','Organization',8421165267,'Sayali Daware ',1),(74,'SMS LIMITED','sagar.shirbhate@smsl.co.in',NULL,7447717868,NULL,'','','\r\n','','','','','','','','SMSLIM6601',NULL,NULL,NULL,1),(75,'Rohit Dalal','sales@sevafacility.com','',9960046428,NULL,'Trupti Desai','Sales Co-ordinator','D102, Richmond park, kalewadi Rahatani road, Neat Thopte Lawns, Near Nakhate Petrol Pump','Pune','Maharashtra','411017','D102, Richmond park, kalewadi Rahatani road, Neat Thopte Lawns, Near Nakhate Petrol Pump','Pune','Maharashtra','411017','ROHDAL2942','Individual',NULL,'',1),(76,'Hemesh Hemantkumar Bhole','sales@sevafacility.com','',8898737899,NULL,'Trupti Desai','Sales Co-ordinator','Flat-104,Floor-1,Golden Copac wing A, behind Krishna Hotel, near Mukai Chowk, Opposite Devrai building, Near Mumbai pune express way,at kiwale 412101 ','Pune','Maharashtra','412101','Flat-104,Floor-1,Golden Copac wing A, behind Krishna Hotel, near Mukai Chowk, Opposite Devrai building, Near Mumbai pune express way,at kiwale 412101 ','Pune','Maharashtra','412101','HEMBHO3322','Individual',NULL,'',1),(77,'Tanmay Kulkarni (Test )','testTanmay@gmail.com','',1122334455,NULL,'Jyoti Hule','Sales','ssfsadfasfsafasdfasf','Pune','msfsdfas','123456','ssfsadfasfsafasdfasf','Pune','sadfasf','123456','TAN)XX9289','Organization',1234567890,'test',1),(78,'Dhaval Gujar','sales@sevafacility.com','',9173095043,NULL,'Trupti Desai','Sales Co-ordinator','R3, E-1905, Life Republic, Sr No. 74, Marunji Kasarsai Road, Hinjewadi-Mulshi, Pune','Pune','Maharashtra','412101','R3, E-1905, Life Republic, Sr No. 74, Marunji Kasarsai Road, Hinjewadi-Mulshi, Pune','Pune','Maharashtra','412101','DHAGUJ6521','Individual',NULL,'',1),(79,'Vasant Ilawe ','sales@sevafacility.com','',9689608686,8600015064,'Laxman Hotkar','Sales Manager','24/278 Sahwas bunglow,near central bank, Pradhikaran ,nigdi Pune ','Pune','Maharashtra','412101','24/278 Sahwas bunglow,near central bank, Pradhikaran ,nigdi Pune ','Pune','Maharashtra','412101','VASILA2348','Individual',NULL,'',1),(80,'Nilesh Misal','nilesh.misal@bharat-bamboo.com','',8329579612,NULL,'Prakash Chothe','Sales Manager','C1/303, Shree Venkatesh Puram, S. No. 33/11,34/2, Phale Nagar,  Ambegaon Budruk, Katraj Pune 411046.Aura hospital lane','Pune','Maharashtra','411046','C1/303, Shree Venkatesh Puram, S. No. 33/11,34/2, Phale Nagar,  Ambegaon Budruk, Katraj Pune 411046.Aura hospital lane','Pune','Maharashtra','411046','NILMIS9871','Individual',NULL,'',1),(81,'Urban Vault Ambrosia Galaxy','rajat@urbanvault.in',NULL,7001331159,NULL,'','','17th Floor, 33/1, Pan Card Club Road, Baner High St, Hill,\r\nRoad, Baner, Pune,Maharashtra 411069','','','','','','','','URBGAL9233',NULL,NULL,NULL,1),(82,'Toyota Kirloskar Motor RPTC','TKM.PUNEADMIN@toyota-kirloskar.co.in',NULL,9049105043,NULL,'','','QMWV+8HQ, Umbare Navalakh,Maharashtra 410507.','','','','','','','','TOYRPT7806',NULL,NULL,NULL,1),(83,'Green Pine Building Co-op HSG Society','sales@sevafacility.com','sales@sevafacility.com',9096200644,NULL,'','',' Society wing-K & L opp-padamji papermill,thergoan pune.','','','','','','','','GRESOC6798',NULL,NULL,NULL,1),(84,'Antony Waste Handling Cell Limited','Hemant.bhosale@antonywaste.in','',7304462540,7304462540,'Rahul Chhetri','Sales Manager','A-59, Road No. 10,Wagle Industrial Estate, Thane (West) - 400604','Pune','Maharashtra','400604','C-1101, Nano Spaces , Ravet, Near hanging bridge.','Pune','Maharashtra','412101','ANTLIM4646','Organization',7304462540,'Hemant Bhosale',1),(85,'Saloni Gambhir','sales@sevafacility.com','',7410027616,NULL,'Kiran Mahajan','Operation Manager','Shrileela Row house No.1, Opposite KFC/Pizza Hut, Behind HDFC Bank, Baner, Pune','Pune','Maharashtra','412101','Shrileela Row house No.1, Opposite KFC/Pizza Hut, Behind HDFC Bank, Baner, Pune','Pune','Maharashtra','412101','SALGAM4878','Individual',NULL,'',1),(86,'CPF(INDIA) PRIVATE LIMITED','vishal.uda@cp-india.com',NULL,7719090788,NULL,'','','PLOT NO.110/112 KHARWANDI VILLAGE, NAGAR AURANGABAD ROAD, BEFORE WADALA VILLAGE TALNEWASA DIST.AHMEDNAGAR-414602.\r\n','','','','','','','','CPFLIM5585',NULL,NULL,NULL,1),(87,'KEC International Limited','Kavthaleb@kecrpg.com',NULL,9730500700,NULL,'','','Mruntunjay Temple Kotharud, Near Avante Site Kirloskar. Pune (Paud Road Bavdhan Labour colony Site).','','','','','','','','KECLIM1365',NULL,NULL,NULL,1),(88,'Anant Narkhede','sales@sevafacility.com','',9762789291,NULL,'Jyoti Hule','Sales Coordinator','Flat No B15 4th Floor B wing Yashom lifespaces. S b patil school road Ravet Pune 412101.','Pune','Maharashtra','412101','Flat No B15 4th Floor B wing Yashom lifespaces. S b patil school road Ravet Pune 412101.','Pune','Maharashtra','412101','ANANAR8353','Individual',NULL,'',1),(89,'HDB Financial ','amit.shewale@hdbfs.com','',8421001077,NULL,'','','Baramati MIDC.\r\n','','','','','','','','AMISHE9846','Organization',8421001077,'Amit Shewale',1),(90,'The Green Gate Resort','info@thegreengateresorts.com','',9921997777,NULL,'Prakash Chothe','Sales Manager','S. No. 96, Dholakwadi, Mulshi, Pune, Maharashtra 412108','Pune','Maharashtra','412108','S. No. 96, Dholakwadi, Mulshi, Pune, Maharashtra 412108','Pune','Maharashtra','412108','THERES2299','Organization',9921997777,'Nitin Kumar',1),(93,'Bakeknowlogy Store','sales@sevafacilityl.com','',9820873335,NULL,'Prakash Chothe','Sales Manager','Shop no. 26, Dwarka Lords, shivar Chowk, Pimple Saudagar, Pune','Pune','Maharashtra','412101','Shop no. 26, Dwarka Lords, shivar Chowk, Pimple Saudagar, Pune','Pune','Maharashtra','412101','BAKSTO6580','Organization',9860115876,'Sunil Nidode',1),(94,'Pradeep Bareth','sales@sevafacility.com','',8956293004,NULL,'Trupti Desai','Sales Co-ordinator','ROYAL ENTRADA SOCIETY, Bhumkar Nagar, Wakad, Pimpri-Chinchwad, Maharashtra 411057','Pune','Maharashtra','411057','ROYAL ENTRADA SOCIETY, Bhumkar Nagar, Wakad, Pimpri-Chinchwad, Maharashtra 411057','Pune','Maharashtra','411057','PRABAR1650','Individual',NULL,'',1),(95,'BITS Control And Solutions ','sales@sevafacility.com','',8483974180,NULL,'Prakash Chothe','Sales Manager','J-237/2, MIDC Bhosari Pune-411026','Pune','Maharashtra','411026','J-237/2, MIDC Bhosari Pune-411026','Pune','Maharashtra','411026','BITSOL8359','Organization',8208379951,'Vrushali',1),(96,'Pankaj Chavan','sales@sevafacility.com','',9518747498,NULL,'Trupti Desai','Sales Co-ordinator','House No. 07, Scheme No. 6A, Sector 21, PENTDA, Yamunanagar, Nigdi PIMPRI CHINCHWAD, MAHARASHTRA 411035 India','Pune','Maharashtra','411035','House No. 07, Scheme No. 6A, Sector 21, PENTDA, Yamunanagar, Nigdi PIMPRI CHINCHWAD, MAHARASHTRA 411035 India','Pune','Maharashtra','411035','PANCHA2886','Individual',NULL,'',1),(97,'Tanushree Madhugiri','sales@sevafacility.com','',9657710874,NULL,'Laxman Hotkar','Sales Manager','B-303, Bhalchandra Prospera,Survey no 95,Near IDBI Bank, Ravet','Pune','Maharashtra','412101','B-303, Bhalchandra Prospera,Survey no 95,Near IDBI Bank, Ravet','Pune','Maharashtra','412101','TANMAD8608','Individual',NULL,'',1),(98,'Swapnil Shah','sales@sevafacility.com','',9822901753,NULL,'Trupti Desai','Sales Co-ordinator','Nigdi','Pune','Maharashtra','411044','Nigdi','Pune','Maharashtra','411044','SWASHA1639','Individual',NULL,'',1),(99,'Biju kumar','sales@sevafacility.com','',9922161331,NULL,'Trupti Desai','Sales Co-ordinator','B-34, Forest County, EON Free Zone, Kharadi, Pune, Maharashtra 411014','Pune','Maharashtra','411014','B-34, Forest County, EON Free Zone, Kharadi, Pune, Maharashtra 411014','Pune','Maharashtra','411014','BIJKUM7377','Individual',NULL,'',1),(100,'Stanly mathew','sales@sevafacility.com',NULL,9447979350,NULL,'','','61-VEGETABLE MARKET VIEW, MUNNAR - 685 612, KERALA.\r\n','','','','','','','','STAMAT9154',NULL,NULL,NULL,1),(102,'Nitin Magar','sales@sevafacility.com','',8380813986,NULL,'Kiran Mahajan','Operation Manager','Flat no H 1002, Ganga Amber, Ashok nagar, Tathawade 411033','Pune','Maharashtra','411033','Flat no H 1002, Ganga Amber, Ashok nagar, Tathawade 411033','Pune','Maharashtra','411033','NITMAG5413','Individual',NULL,'',1),(103,'Ritesh Dhote','sales@sevafacility.com','',9970364664,NULL,'Trupti Desai','Sales Co-ordinator','D402 Silver Palm Grove, BRT Road, Ravet','Pune','Maharashtra','412101','D402 Silver Palm Grove, BRT Road, Ravet','Pune','Maharashtra','412101','RITDHO7248','Individual',NULL,'',1),(104,'Winsun Green Pvt. Ltd','admin@winsungreen.com','',9634356475,9373427701,'Trupti Desai','Sales Co-ordinator','KP Sqaure,41, 3, Telco Rd, Indira Nagar, Mohan Nagar, MIDC, Chinchwad, Pimpri-Chinchwad, Maharashtra 411019','Pune','Maharashtra','411019','KP Sqaure,41, 3, Telco Rd, Indira Nagar, Mohan Nagar, MIDC, Chinchwad, Pimpri-Chinchwad, Maharashtra 411019','Pune','Maharashtra','411019','WINLTD1140','Organization',9634356475,'Ayush Tyagi',1),(105,'Swapnil Bawge','sales@sevafacility.com','',9860839397,NULL,'Jyoti Hule','Sales Coordinator','Punawale','Pune','Maharashtra','412101','Punawale','Pune','Maharashtra','412101','SWABAW5352','Individual',NULL,'',1),(106,'JP Laboratories Pvt Ltd','sales@sevafacility.com','',9960101587,9960101587,'Trupti Desai','Sales Co-ordinator','A-76, Chemical Zone,MIDC Kurkumbh-413802','Pune','Maharashtra','413802','A-76, Chemical Zone,MIDC Kurkumbh-413802','Pune','Maharashtra','413802','JPXLTD8053','Organization',9960101587,'Kishor Tambve',1),(107,'Trualt Bioenergy Ltd.','Purchase@trualtbioenergy.com',NULL,7020744496,NULL,'','','(Unit 5-keralalmatti )Survey No. 166, Kulali Cross, Jamkhandi\r\nMudhol Road, Bagalkot, Karnataka, India - 587313.','','','','','','','','TRULTD3230','Organization',7020744496,'Rushikesh Kumbhar',1),(108,'Dalmia Bharat Green Vision Limited','Rao.Choppala@dalmiacement.com','',8712648751,NULL,'Akshay Pandhare','Sales Manager',' Dound Pune.','Pune','Maharashtra','413102',' Dound Pune.','Pune','Maharashtra','413102','DALLIM1686','Organization',8712648751,'John Rao',1),(109,'Alltech Biotechnology Pvt Ltd.','Shashikant.Mane@Alltech.com',NULL,8484063028,NULL,'Hiraman Rathod','Director','PAP-S-65, Village - Savardari,MIDC – Phase II, Chakan Industrial Area, Taluka: Khed, Dist. Pune-410501 (MH) India','Pune','Maharashtra','410501','PAP-S-65, Village - Savardari,MIDC – Phase II, Chakan Industrial Area, Taluka: Khed, Dist. Pune-410501 (MH) India','Pune','Maharashtra','410501','ALLLTD6378','Organization',8484063028,'Shashikant Mane',1),(110,'Artson Limited','pradeept@artson.net','',7276676560,NULL,'Hiraman Rathod','Director','D-5,MIDC, Ambad, Nashik– 422 010.','Nashik','Maharashtra','422010','D-5,MIDC, Ambad, Nashik– 422 010.','Nashik','Maharashtra','422010','ARTLIM4808','Organization',7276676560,'Pradeep Thorat',1),(111,'MOL Logistic (India) Pvt. Ltd.','vibhash.dave@molgroup.com','',7045782212,NULL,'Yogesh pawar','Sales Manager','157/1 &157/2, \"Samarth Krupa\", Near Shangrila Resort, Opp. \"TOLL Logistics\", Nashik Highway, Bhiwandi, Thane-421302.','Thane','Maharashtra','421308','157/1 &157/2, \"Samarth Krupa\", Near Shangrila Resort, Opp. \"TOLL Logistics\", Nashik Highway, Bhiwandi, Thane-421302.','Thane','Maharashtra','421308','MOLLTD2253','Organization',7045782212,'Mr. Vibhash Dave',1),(112,'Rahul Bari','sales@sevafacility.com','',8177879354,NULL,'Trupti Desai','Sales Co-ordinator','B605, Miravet district phase 1 B building,MIRAVET,Survey No, Educational Institutes, Dnv Arcelia Wing-B, 149 & 150, BRT Link Rd, nr. S B Patil Public School, Ravet, Pimpri-Chinchwad, Maharashtra 412101','Pune','Maharashtra','412101','B605, Miravet district phase 1 B building,MIRAVET,Survey No, Educational Institutes, Dnv Arcelia Wing-B, 149 & 150, BRT Link Rd, nr. S B Patil Public School, Ravet, Pimpri-Chinchwad, Maharashtra 412101','Pune','Maharashtra','412101','RAHBAR6375','Individual',NULL,'',1),(113,'Manish Donderiya','sales@sevafacility.com','',9768463385,NULL,'Trupti Desai','Sales Co-ordinator','B1105, Vision Ace society, Tathawade Pune.','Pune','Maharashtra','411033','B1105, Vision Ace society, Tathawade Pune.','Pune','Maharashtra','411033','MANDON2652','Individual',NULL,'',1),(114,'Tropica NurseryLLP','kapasi@tropicanursery.com',NULL,9664427183,NULL,'Yogesh pawar','Branch Manager','49 & 50,First Floor, Hi-Life, Near Santacruz Station, P.M.Road, Santacruz West,Mumbai 400054.','Mumbai City','Maharashtra','400054','49 & 50,First Floor, Hi-Life, Near Santacruz Station, P.M.Road, Santacruz West,Mumbai 400054.','Mumbai City','Maharashtra',' 400054','TRONUR2697','Organization',9664427183,'Dhwanil Kapasi',1),(115,'Bipinchandra Vasant Karnik','operation.sevafacility@gmail.com','operation.sevafacility@gmail.com',9152745380,NULL,'kiran Mahajan','Operation Manager','B-603, B Wing, 6th floor,Marvel Isola CHS,Opposite Corinthians Club,Mohammed Wadi,','Pune','Maharashtra','411060','Bipinchandra Vasant KarnikB-603, B Wing, 6th floor,Marvel Isola CHS,Opposite Corinthians Club,Mohammed Wadi,','Pune','Maharashtra','411060','VIGCAN1646','Individual',NULL,'',1),(119,'Amol Suryawanshi','sales@sevafacility.com','',8668727131,NULL,'Simannisha Shaikh','Sales Co-ordinator','Sairaj Apartment, Sairaj Apartment, Infront of Ranjan Heights, SB Patil School Rd, Ravet, Pune, 412101','Pune','Maharashtra','412101','C-1101, Nano Spaces , Ravet, Near hanging bridge.','Pune','Maharashtra','412101','AMOSUR3001','Individual',NULL,'',1),(120,'Rajendra Bagal ','sales@sevafacility.com','',9922502373,9922502373,'Trupti Desai','Sales Coordinator','T 10 / 308 , Ashbridge E , Lodha Belmando, Gahunje.','Pune','Maharashtra','412101','T 10 / 308 , Ashbridge E , Lodha Belmando, Gahunje.','Pune','Maharashtra','412101','RAJBAG3281','Individual',NULL,'',1),(121,'Prasanna Ronge','sales@sevafacility.com','',8669454251,NULL,'Jyoti Hule','Sales Coordinator','Flat no D303Sai India park society, behind santosh mangal karyalaya, Thergaon 411033','Pune','Maharashtra','411033','Flat no D303Sai India park society, behind santosh mangal karyalaya, Thergaon 411033','Pune','Maharashtra','411033','PRARON5307','Individual',NULL,'',1),(122,'Mahagrid Energy Rental','Info@mahagridenergy.com','',7875757471,NULL,'Yogesh Pawar','Branch Manager','PAP-86, Additional Ambernath MIDC,Anand Nagar, Ambernath (E)– 421406, District – Thane,Maharashtra, India.','Thane','Maharashtra','421406','PAP-86, Additional Ambernath MIDC,Anand Nagar, Ambernath (E)– 421406, District – Thane,Maharashtra, India.','Thane','Maharashtra','421406','MAHREN2868','Organization',7875757471,'Arjun Patil',1),(125,'Ritesh (TEST)','ritu@gmail.com','',9309806688,NULL,'Trupti Desai','Sales','sdfsdf','fsdf','sdfdfsa','sdfsd','sdff','sdfdfs','saffdfsd','sdfsaf','RIT(TE1132','Individual',NULL,'None',1),(126,'Tasna Exports India Pvt. Ltd.','logisticsl@tasnaexports.com','',9588459116,NULL,'Himanshu Rathod','Manager','R/O-3-9.16 Aswa Niwas, Kirana Chawadi, Aurangabad 431001 (M.S) INDIA.','Aurangabad','Maharashtra','431001','R/O-3-9.16 Aswa Niwas, Kirana Chawadi, Aurangabad 431001 (M.S) INDIA.','Aurangabad','Maharashtra','431001','TASLTD7081','Organization',9588459116,'Bhushan Sir',1),(127,'Wildrex Solutions','Purchase.wildrex@gmail.com',NULL,7820990925,NULL,'Jyoti Hule','Sales Coordinator','48,Wildrex Solutions, Ramrao Chavhan High school, Thriarr Polymers Pvt Ltd, Ahmednagar MIDC, Ahmednagar, Ahmednagar, Maharashtra, 414111.','Ahmednagar','Maharashtra','414111','48,Wildrex Solutions, Ramrao Chavhan High school, Thriarr Polymers Pvt Ltd, Ahmednagar MIDC, Ahmednagar, Ahmednagar, Maharashtra, 414111.','Ahmednagar','Maharashtra','414111','WILSOL6267','Individual',NULL,NULL,1),(128,'Shivani Palekar','sales@sevafacility.com','',9322519080,NULL,'Trupti Desai','Sales Co-ordinator','Akurdi','Pune','Maharashtra','411035','Akurdi','Pune','Maharashtra','411035','SHIPAL5021','Individual',NULL,'',1),(129,'Madhuri Akojwar','sales@sevafacility.com','sales@sevafacility.com',7020167811,NULL,'Siman Shaikh','Sales Co-ordinator','C-1101, Nano Spaces , Ravet, Near hanging bridge.','Pune','Maharashtra','412101','C-1101, Nano Spaces , Ravet, Near hanging bridge.','Pune','Maharashtra','412101','MADAKO4882','Individual',NULL,'',1),(130,'Air Pratik HVAC Private Limited','purchase@airpratikhvac.com','',8484855982,NULL,'Jyoti Hule','Sales Coordinator','938/B, Rajani Building, behind Freedy Go,Model Colony,Shivajinagar, Pune,Maharashtra 411005.','Pune','Maharashtra','411005','938/B, Rajani Building, behind Freedy Go,Model Colony,Shivajinagar, Pune,Maharashtra 411005.','Pune','Maharashtra','411005','AIRLIM3150','Organization',8484855982,'Aditya Sir',1),(131,'Pawan Dutte','sales@sevafacility.com','',9920014058,NULL,'Trupti Desai','Sales Co-ordinator','Punawale','Pune','Maharashtra','411033','Punawale','Pune','Maharashtra','411033','PAWDUT6618','Individual',NULL,'',1),(132,'Rohini Waghmare','sales@sevafacility.com','',9168809758,NULL,'Trupti Desai','Sales Co-ordinator','Wakad','Pune','Maharashtra','411033','Wakad','Pune','Maharashtra','411033','ROHWAG7098','Individual',NULL,'',1),(133,'Sakshi Thakur ','sevafacility616@gmail.com','',7028814592,NULL,'Laxman Hotkar','Sales Manager ','Nigdi ','Pune','Maharashtra ','412101','Nigdi ','Pune','Maharashtra ','412101','SAKTHA1237','Individual',NULL,'',1),(134,'Sai Packing Industries ','saipkgind@yahoo.com','',9359598131,NULL,'Prakash Chothe','Sales Manager ','Nigdi ','Pune','Maharashtra ','411035','Nigdi ','Pune','Maharashtra ','411035','SAIIND3267','Organization',9359598131,'Archana ',1),(135,'Maharashtra Knowledge Corporation Ltd.','msptsec@mkcl.org','',9370287489,2040114500,'Rahul Chhetri','Regional Manager','ICC Trade Tower, ‘A’ Wing, 5th Floor, Senapati Bapat Road, Shivajinagar, Pune 411016 ','Pune','Maharashtra','411016','ICC Trade Tower, ‘A’ Wing, 5th Floor, Senapati Bapat Road, Shivajinagar, Pune 411016 ','Pune','Maharashtra','411016','MAHLTD1382','Organization',9370287489,'Pratibha Saraf',1),(136,'Ganesh','sevafacility616@gmail.com','',9637782727,8485851802,'Laxman Hotkar','Sales Manager ','Morwadi ','Pune','Maharashtra ','412101','Morwadi ','Pune','Maharashtra ','412101','GANXXX8193','Individual',8485851802,'Ganesh',1),(137,'Amol Powle','sales@sevafacility.com','',9820488541,NULL,'Himanshu Rathod','Business Executive ','G 2104, Puneville Phase 2, Pharande Spaces, Kate wasti, Punawale, Dattawadi, Pimpri Chinchwad, District Pune, Maharashtra - 411033','Pune','Maharashtra','411033','G 2104, Puneville Phase 2, Pharande Spaces, Kate wasti, Punawale, Dattawadi, Pimpri Chinchwad, District Pune, Maharashtra - 411033','Pune','Maharashtra','411033','AMOPOW3502','Individual',NULL,'',1),(138,'Sneha Bhandari','indore.branch@sevafacility.com','',8109045666,NULL,'Rajesh Joshi','Branch Manager','116, Malay Residency B Block','Indore','Madhya Pradesh','452016','116, Malay Residency B Block','Indore','Madhya Pradesh','452016','SNEBHA7148','Individual',NULL,'',1),(139,'Pritesh Shinkar','sales@sevafacility.com','',9561150905,NULL,'Trupti Desai','Sales Co-ordinator','F1303, Runal Gateway,  Mukai Chowk , Kiwale','Pune','Maharashtra','412101','F1303, Runal Gateway,  Mukai Chowk , Kiwale','Pune','Maharashtra','412101','PRISHI3913','Individual',NULL,'',1),(141,'Gunjan','indore.branch@sevafacility.com','',8602029149,NULL,'Rajesh Joshi','Branch Manager','HB-6, Gate No.2, Tashshila Parisar, Rajendra nagar','Indore','Madhya Pradesh','452016','HB-6, Gate No.2, Tashshila Parisar, Rajendra nagar','Indore','Madhya Pradesh','452016','GUNXXX1787','Individual',NULL,'',1),(142,'Nishigandha Vishal Verma ','sales@sevafacility.com','',8149395799,8087738549,'Trupti Desai','Sales Co-ordinator','B 1501, Probo Prolix Pride,Shinde Wasti, Ravet','Pune','Maharashtra','412101','B 1501, Probo Prolix Pride,Shinde Wasti, Ravet','Pune','Maharashtra','412101','NISVER6985','Individual',NULL,'',1),(143,'Maruti Yadav','sales@sevafacillity.com','',9822731155,9822731155,'Trupti Desai','Sales Coordinator ','E603, Runals Royal Casa, Ravet ','Pune','Maharashtra ','412101','E603, Runals Royal Casa,Ravet','Pune','Maharashtra ','412101','MARYAD8437','Individual',NULL,'',1),(144,'Mayur Bharambe','sales@sevafacility.com','',9975874123,8551011555,'Trupti Desai','Sales Coordinator','Flat no 201, Aarohi Park,Meena Colony, Vikas Nagar Road, Kiwale 412101','Pune','Maharashtra ','412101','Flat no 201, Aarohi Park,Meena Colony, Vikas Nagar Road, Kiwale 412101','Pune','Maharashtra ','412101','MAYBHA7997','Individual',NULL,'',1),(145,'Jaya Chitranshi','sales@sevafacility.com','',9049027799,NULL,'Trupti Desai','Sales Co-ordinator','Tower 9 Flat No 2101Blue Ridge Hinjewadi Phase1','Pune','Maharashtra','411057','Tower 9 Flat No 2101Blue Ridge Hinjewadi Phase1','Pune','Maharashtra','411057','JAYCHI3701','Individual',NULL,'',1),(146,'Rakhi Laddha ','sevafacility616@gmail.com','',9922007828,NULL,'Laxman Hotkar','Sales Manager ','Pune ','Pune','Maharashtra ','412101','Pune ','Pune','Maharashtra ','412101','RAKLAD7198','Individual',NULL,'',1),(147,' Parag Dandegaonkar','sales@sevafacility.com','',8380086558,NULL,'Trupti Desai','Sales Co-ordinator','Aundh - Ravet BRTS Rd, Ram Nagar, Tathawade, Pimpri-Chinchwad, Maharashtra 411033','Pune','Maharashtra','412101','Aundh - Ravet BRTS Rd, Ram Nagar, Tathawade, Pimpri-Chinchwad, Maharashtra 411033','Pune','Maharashtra','412101','PARDAN4801','Individual',NULL,'',1),(148,'Shree Vallabh Gases','sales@sevafacility.com',NULL,9420721265,NULL,'Kisan Mankar','Sales Manager','Plot. No. C-9, MIDC Area, Old Bypass Road, Near Kohinoor Hotel, Amravati - 444607 Maharashtra.','Amravati','Maharashtra','444607','Plot. No. C-9, MIDC Area, Old Bypass Road, Near Kohinoor Hotel, Amravati - 444607 Maharashtra.','Amravati','Maharashtra','444607','SHRGAS8370','Organization',9420721265,'Pramod Sable',1),(149,'Ramdeobaba University','tender@rknec.edu','vc@rbunagpur.in',7122580011,NULL,'Hiraman Rathod','Director','Gittikhadan, Katol Road, Nagpur-440013','Nagpur','Maharashtra','440013','Gittikhadan, Katol Road, Nagpur-440013','Nagpur','Maharashtra','440013','RAMUNI1931','Organization',7122580011,'Dr. Rajesh Pande',1),(150,'INDRAS AGENCIES PVT.LTD.','archana@indras.co.in',NULL,7738359413,NULL,'Yogesh Pawar','Branch Manager','Shree Shri Arihant Complex, BLDG. C - 10, GALA NO 1-5, Kalher Village, Bhiwandi - 421302.','Thane','Maharashtra','421302','Shree Shri Arihant Complex, BLDG. C - 10, GALA NO 1-5, Kalher Village, Bhiwandi - 421302.','Thane','Maharashtra','421302','INDPVT8944','Organization',7738359413,'Mrs. Archana',1),(151,'TWIN TOWERS SOCIETY','Twints123@gmail.com',NULL,9975711441,NULL,'Laxman Hotkar','Sales Manager','TWIN TOWERS SOCIETY,WIRELESS COLONY, AUNDH.','Pune','Maharashtra','412101','TWIN TOWERS SOCIETY,WIRELESS COLONY, AUNDH.','Pune','Maharashtra','412101','TWISOC1371','Organization',9975711441,'Ashraf Khan',1),(152,'Rajendra Kale','sales@sevafaciltiy.com','',9822528949,NULL,'Hiraman Rathod','Director','19/9, Gurukrupa Ratnadeep Colony, A Lane, Dange Chowk ,Thergaon, Pune','Pune','Maharashtra','411033','19/9, Gurukrupa Ratnadeep Colony, A Lane, Dange Chowk ,Thergaon, Pune','Pune','Maharashtra','411033','RAJKAL3382','Individual',NULL,'',1),(153,'The Maharashtra State Co-Op Bank Ltd.','Pune.ro@mscbank.org.in','',9822813968,NULL,'Laxman Hotkar','Sales Manager','915/2, Dr. Sule Path, Shivaji Nagar, Pune - 411004.','Pune','Maharashtra','412101','915/2, Dr. Sule Path, Shivaji Nagar, Pune - 411004.','Pune','Maharashtra','412101','THELTD9712','Organization',9822813968,'Dilip Khopade',1),(154,' Updater Services Limited','vidyababu.b@uds.in','',8008400060,NULL,'Hiraman Rathod','Director','Plot No. 774, 3Rd Floor, Phase V, Udyog Vihar, Gurgaon, Haryana','Gurgaon','Haryana','122006','Plot No. 774, 3Rd Floor, Phase V, Udyog Vihar, Gurgaon, Haryana','Gurgaon','Haryana','122006','UPDLIM2097','Organization',8008400060,' Vidya babu Bhoomi Reddy',1),(155,'Everest Food Products Pvt. Ltd.','onlineqa.vf@everestspices.in','',9730130843,NULL,'Yogesh pawar','Sales Manager','Vikhroli, Mumbai, Maharashtra.','Thane','Maharashtra','412101','Vikhroli, Mumbai, Maharashtra.','Thane','Maharashtra','412101','EVELTD9033','Organization',9730130843,'Mr. Suresh Bhusare',1),(156,'Shiv Sharma','shivasharma22@gmail.com',NULL,9711389039,NULL,'Laxman Hotkar','Sales Manager','A7, 504, A-Wing, Swarganga Society, Vallabh Nagar, Pimpri Chinchwad.','Pune','Maharashtra','411018','A7, 504, A-Wing, Swarganga Society, Vallabh Nagar, Pimpri Chinchwad.','Pune','Maharashtra','411018','SHISHA5509','Individual',NULL,NULL,1),(157,'Ajmal Perfumes ','Abidsshop_hyd@ajmalindia.com','',8121593466,NULL,'Christopher Paul','Branch Manager','Tolichowki  Hyderabad','Hyderabad','Telangana','500008','Tolichowki  Hyderabad','Hyderabad','Telangana','500008','AJMPER5855','Organization',8121593466,'NA',1),(158,'Indeco Remedies Limited ','bwdcwh.sales@indoco.com','',9373079126,NULL,'Yogesh Pawar','Branch Manager','Building no B-5, Gala no 9C,10,11,12,13,14,15B,16B, Ground floor,  Paramount Logitrade Complex,  near Savadhnaka, Behind DHL Warehouse,  Village Lonad, Bhiwandi 421302','Thane','Maharashtra','421302','Building no B-5, Gala no 9C,10,11,12,13,14,15B,16B, Ground floor,  Paramount Logitrade Complex,  near Savadhnaka, Behind DHL Warehouse,  Village Lonad, Bhiwandi 421302.','Thane','Maharashtra','421302','INDLIM4550','Organization',9373079126,'Bipin Mishra',1),(159,'Air Point International ','airpointinternational@gmail.com','',7851051102,NULL,'Prakash Chothe','Sales Manager','Plot No. 18, Lane No. 2, New Mangalwar Peth, Kasba Peth, Pune 411011.','Pune','Maharashtra','411011','Plot No. 18, Lane No. 2, New Mangalwar Peth, Kasba Peth, Pune 411011.','Pune','Maharashtra','411011','AIRINT7932','Organization',7851051102,'M',1),(160,'Ganesh Shrishti Hsg Society','sales@sevafacility.com','',8238001815,NULL,'Laxman Hotkar','Sales Manager','Sec- 29 L2 Near D-mart Ravet','Pune','Maharashtra','412101','Sec- 29 L2 Near D-mart Ravet','Pune','Maharashtra','412101','GANSOC4808','Organization',8238001815,'Rajendra Raul ',1),(162,'Instant Procurement Services Pvt. Ltd.','lakshmi_chandana@procmart.com','',7661862991,NULL,'Hiraman Rathod','Director','1-8-32/5 , Pendherghat Road,BapubaghColony , Secundrabad, Hyderabad, 500003','Hyderabad','Telangana','500003','1-8-32/5 , Pendherghat Road,BapubaghColony , Secundrabad, Hyderabad, 500003','Hyderabad','Telangana','500003','INSLTD8436','Organization',7661862991,'Chandana Gidugu',1),(163,'Dr. Megha Jadhav','sales@sevafacility.com',NULL,7507327459,NULL,'Laxman Hotkar','Sales Manager','Ravet','Pune','Maharashtra','412101','Ravet','Pune','Maharashtra','412101','DR.JAD7870','Organization',7507327459,'Megha Jadhav',1),(164,'Institute Of Management Technology','jayashree@imthyderabad.edu.in','',8143895124,NULL,'Christopher Paul','Branch Manager','Hyderabad','Hyderabad','Telangana','500008','Hyderabad','Hyderabad','Hyderabad','500008','INSTEC1108','Organization',8143895124,'Jayashree Sahoo',1),(165,'Atmoscare Pvt.Ltd. (Quickshift.in)','siddheshwar.ghayal@quickshift.in','',7720990541,NULL,'Yogesh Pawar','Branch Manager','Warehouse No.GA-2, Sumeet Logistics and Ind. Park, Opp.Rajdhani Oil Petrol Pump, Kuksa- Borivali Village, Next to Shangrila Resort Bhiwandi,Mumbai - 421302','Thane','Maharashtra','421302','Warehouse No.GA-2, Sumeet Logistics and Ind. Park, Opp.Rajdhani Oil Petrol Pump, Kuksa- Borivali Village, Next to Shangrila Resort Bhiwandi,Mumbai - 421302.','Thane','Maharashtra','421302','ATM(QU7023','Organization',7720990541,'Siddheshwar Ghayal',1),(166,'Amar Moti Agro Foods LLP','amarmotiagro@gmail.com',NULL,9179241448,NULL,'Rajesh Joshi','Branch Manager','MXGW+JQ9, Nemawar Rd, Kapalya Khedi,Madhya Pradesh 452016.','Indore','Madhya Pradesh','452016','MXGW+JQ9, Nemawar Rd, Kapalya Khedi,Madhya Pradesh 452016.','Indore','Madhya Pradesh','452016','AMALLP6019','Organization',9179241448,'Mr. Jagdish',1),(168,'Oasys Chs','sales@sevafacility.com','',7021094033,NULL,'Yogesh Pawar','Branch Manager','Plot 21 Sector 42A Opposite SS High School Sector 48, Seawoods 400706.','Seawood','Maharashtra','400706','Plot 21 Sector 42A Opposite SS High School Sector 48, Seawoods 400706.','Seawood','Maharashtra','400706','OASCHS3976','Organization',7021094033,'Trilok Shetti ',1),(169,'Sagar Dyes and Chemicals','Newsagardyes.indore@gmail.com','',9425739299,NULL,'Rajesh Joshi','Branch Manager','87 viyapar vikas parishad, nemawar road devguradiya , indore','Indore','Madhya Pradesh','452016','87 viyapar vikas parishad, nemawar road devguradiya , indore','Indore','Madhya Pradesh','452016','SAGCHE9443','Organization',9425739299,'Habil Bohra',1),(172,'Anu Tilani','sales@sevafacility.com','',9028362206,NULL,'Jyoti Hule','Sales Coordinator','Ashwani Apt  ,First floor Room No 02.Power house road Pimpri 411017.','Pune','Maharashtra','411017','Ashwani Apt  ,First floor Room No 02.Power house road Pimpri 411017.','Pune','Maharashtra','411017','ANUTIL2453','Individual',NULL,'',1),(174,'Berakah Newlong India LLP','sales@newlong-india.com','',9175938010,NULL,'Prakash Chothe','Sales Manager','Empire Estate, CTS No. 4510/1, Sector 2 & 5, Chinchwad.','Pune','Maharashtra','411019','Empire Estate, CTS No. 4510/1, Sector 2 & 5, Chinchwad.','Pune','Maharashtra','411019','BERLLP8981','Organization',9175938010,'Akshay Kedar',1),(175,' Capitaland Group','ankur.phadke@capitaland.com',NULL,9850034951,NULL,'Rahul Chhetri','Sales Manager','Unit No. 607 & 608, 6th floor, Amar Business Park, Survey No.105 (3), Pune 411045.','pune','Maharashtra','411045','Unit No. 607 & 608, 6th floor, Amar Business Park, Survey No.105 (3), Pune 411045.','Pune','Maharashtra','411045','CAPGRO2430','Organization',9850034951,'Ankur Phadke',1),(176,'Suhana Pravin Masalewale, Bholi.','abhijeet.sapar@suhana.co.in','',9011013620,NULL,'Himanshu Rathod','Director','Bholi, Shirwal site.','Shirwal','Maharashtra','412801','Bholi, Shirwal site.','Shirwal','Maharashtra','412801','SUHBHO7437','Organization',9011013620,'Abhijeet Saphar',1),(177,'Aggreko India Private Limited','Prakash.ramamoorthy@aggreko.in','',9552518928,NULL,'Prakash Chothe','Sales Manager','Gat no 808,Wagholi, Pune Maharashtra 412207.','Pune','Maharashtra','412207','Gat no 808,Wagholi, Pune Maharashtra 412207.','Pune','Maharashtra','412207','AGGLIM2755','Organization',9552518928,'Mr.Yuvraj',1),(178,'Glorious Villa','gloriousvilla22@gmail.com',NULL,9960335663,NULL,'Prakash Chothe','Sales Manager','Golden Leaf Co Operative Housing Society Ltd, A-6,M.T.D, C. Approved, Tungarli, Lonavala, Maharashtra 410401.','Lonavala','Maharashtra','410401','Golden Leaf Co Operative Housing Society Ltd, A-6,M.T.D, C. Approved, Tungarli, Lonavala, Maharashtra 410401.','Lonavala','Maharashtra','410401','GLOVIL6037','Individual',NULL,NULL,1),(179,'Hermes Distillery Private Limited','purchase@hermesdistil.com',NULL,8861186481,NULL,'Himanshu Rathod','Marketing Director ','Ankali Raibag Road, Village Yadrav, Tq Raibag Dist Belagavi, Belagavi (Belgaum), Karnataka, 591317','Yadrav','Maharashtra','591317','Ankali Raibag Road, Village Yadrav, Tq Raibag Dist Belagavi, Belagavi (Belgaum), Karnataka, 591317','Yadrav','Maharashtra','591317','HERLIM6763','Organization',7090000282,' Rohit Hingmire ',1),(180,'Kwality Animal Feeds Pvt. Ltd.','drajaymane@kwalityhouse.com','',9343984065,NULL,'Hiraman Rathod','Director','KWALITY HOUSE\", 12, Machhe Industrial Area, Jamboti Road, BELAGAVI - 590 014.','Belagavi','karnataka','590014','KWALITY HOUSE\", 12, Machhe Industrial Area, Jamboti Road, BELAGAVI - 590 014.','Belagavi','karnataka','590014','KWALTD3555','Organization',9343984065,'Dr. Ajaykumar B.Mane',1),(181,'Patanjali Foods Limited','rk.shriwastri@patanjalifoods.in','ashish.chouhan@patanjalilfoods.com',9770746840,NULL,'Ranjeet Jadhav','Branch Manager','P.H.No. 76, Plot No. 249-313, Umred Road, Buttibori, Nagpur- 441108','Nagpur','Maharashtra','441108','P.H.No. 76, Plot No. 249-313, Umred Road, Buttibori, Nagpur- 441108','Nagpur','Maharashtra','441108','PATLIM4875','Organization',9770746840,'Patanjali ',1),(182,'Loadnetic Solutions Pvt. Ltd. ','patilhimanshu2323@gmail.com',NULL,9307716491,NULL,'Yogesh Pawar','Branch Manager','Shreeji Complex Building No G,Opp Shivsagar Hotel, Bhoirgaon','Bhiwandi','Maharashtra','421302','Shreeji Complex Building No G,Opp Shivsagar Hotel, Bhoirgaon','Bhiwandi','Maharashtra','421302','LOALTD9499','Organization',9307716491,'Himanshu Patil ',1),(183,'Nikhil Birajdar','sales@sevafacility.com','',9766000941,NULL,'Trupti Desai','Sales Co-ordinator','Flat no 8, block A5, New SKF colony, opposite to kamini hotel, Chinchwad','Pune','Maharashtra','412101','Flat no 8, block A5, new skf colony, opposite to kamini hotel, Chinchwad','Pune','Maharashtra','412101','NIKBIR4309','Individual',NULL,'',1),(184,'Shrikant Saboo ','sales@sevafacility.com','',9860434446,NULL,'Laxman Hotkar','Sales Manager','NANDAN SPECTRA\"B-801,Surevy No 23Ramnagar, Balewadi Rd, Baner, Pune, Maharashtra 411045.Nearest land mark - Behind MNGL CNG Pump, Balewadi','Pune','Maharashtra','411045','NANDAN SPECTRA\"B-801,Surevy No 23Ramnagar, Balewadi Rd, Baner, Pune, Maharashtra 411045.Nearest land mark - Behind MNGL CNG Pump, Balewadi','Pune','Maharashtra','411045','SHRSAB3743','Individual',NULL,'',1),(185,'Madhur Hamine','sales@sevafacility.com','',9422488474,NULL,'Laxman Hotkar','Sales Manager','\"NANDAN SPECTRA Society B-802 Surevy No 23Ramnagar, Balewadi Rd, Baner, Pune','Pune','Maharashtra','411045','\"NANDAN SPECTRA Society B-802 Surevy No 23Ramnagar, Balewadi Rd, Baner, Pune','Pune','Maharashtra','411045','MADHAM2801','Individual',NULL,'None',1),(186,'Dr. Minnal Tulsani','operation.sevafacility@gmail.com','',9921181287,NULL,'Hiraman Rathod','Director','Sai Kunj Opp Madina Carers Near Royal Word School Pimri 17 ','Pune','Maharashtra','411012','Sai Kunj Opp Madina Carers Near Royal Word School Pimri 17 ','Pune','Maharashtra','411012','VIGCAN6623','Individual',9921181287,'Dr. Minnal Tulsani',1),(187,'Aniruddha R. Patki','sales@sevafacility.com','',8605547180,NULL,'Trupti Desai','Sales Co-ordinator','Flat No. 10, B Wing, B-10, Shree Krishna Icon, Sector 29,  Ravet Pradhikaran, Plot 9 To 12, near Govindham Iscon temple.PIMPRI CHINCHWADMAHARASHTRA Pune 412101','Pune','Maharashtra','412101','Flat No. 10, B Wing, B-10, Shree Krishna Icon, Sector 29,  Ravet Pradhikaran, Plot 9 To 12, near Govindham Iscon temple.PIMPRI CHINCHWADMAHARASHTRA Pune412101','Pune','Maharashtra','412101','ANIPAT3699','Individual',NULL,'',1),(188,'Arnav Industries','harishg110@gmail.com','',8985185118,NULL,'Christopher Paul','Branch Manager','Shop No 12, Plot no 23,24,41,42,43, Sri Krishna Avenue, Venkata Ramana Colony, Gokul Enclave, Vasanth Nagar','Hyderabad','Telangana','500085','Shop No 12, Plot no 23,24,41,42,43, Sri Krishna Avenue, Venkata Ramana Colony, Gokul Enclave, Vasanth Nagar','Hyderabad','Telangana','500085','ARNIND5985','Organization',8985185118,'Sutaru Bhargavi Devi',1),(189,'Golden Fibres LLP','purchase@goldenfibre.co.in','',7888005071,NULL,'Kisan Mankar','Branch Manager','Plot No. T-8, Addl. Amravati Industrial Area, Textilie Park Nandgaon Peth, M.I.D.C.,','Amravati','Maharashtra','444901.','Plot No. T-8, Addl. Amravati Industrial Area, Textilie Park Nandgaon Peth, M.I.D.C.,','Amravati','Maharashtra','444901.','GOLLLP2624','Organization',7888005071,'Sumit Chaudhari',1),(190,'Lalit Manohar Badhe','sales@sevafacility.com','',9930899171,9518926471,'Jyoti Hule','Sales Coordinator','L-204 \'Omega Paradise\' Shankar Kalat Nagar, Datta Mandir Road, Wakad, Pimpri-Chinchwad.','Pune','Maharashtra','411057','L-204 \'Omega Paradise\' Shankar Kalat Nagar, Datta Mandir Road, Wakad, Pimpri-Chinchwad.','Pune','Maharashtra','411057','LALBAD1237','Individual',NULL,'',1),(191,'Rohit Borse','sales@sevafacility.com','',9422284720,NULL,'Laxman Hotkar','Sales Manager','B101 Nandan \"NANDAN SPECTRA\" Surevy No 23 Ramnagar, Balewadi Rd, Baner, Pune, Maharashtra 411045. behind MNGL CNG Pump, Balewadi','Pune','Maharashtra','411045','B101 Nandan \"NANDAN SPECTRA\" Surevy No 23 Ramnagar, Balewadi Rd, Baner, Pune, Maharashtra 411045. Behind MNGL CNG Pump, Balewadi','Pune','Maharashtra','411045','ROHBOR5262','Individual',NULL,'',1),(192,'Arabian Petroleum Ltd.','Sales@arabianpetroleum.co.in','',7045681216,NULL,'Yogesh pawar','Sales Manager','Plot No 14-B, Morivali MIDC, Opp Positive Packaging, Ambernath (W) 421505.','Thane','Maharashtra','421505','Plot No 14-B, Morivali MIDC, Opp Positive Packaging, Ambernath (W) 421505.','Thane','Maharashtra','421505','ARALTD8916','Organization',7045681216,'Mr. Johnson K. J',1),(193,'Abhijeet Khadikar','sales@sevafacility.com','',7020701152,7709012302,'Trupti Desai','Sales Co-ordinator','Flat F-403, Greens Society, Aditya Birla Hospital Road, Thergaon, Pune,  411033','Pune','Maharashtra','411033','Flat F-403, Greens Society, Aditya Birla Hospital Road, Thergaon, Pune,  411033','Pune','Maharashtra','411033','ABHKHA7055','Individual',NULL,'',1),(194,'Tamilnad Kidney Research Foundation (Sathyalok)  ','Info@tankerfoundation.org','Tankerdialysis@gmail.com',8122273028,NULL,'Himanshu Rathod','Manager','No:2/1, Chettiyar Agaram Road,  Porur,','Chennai','Tamilnadu','600116.','No:2/1, Chettiyar Agaram Road,  Porur,','Chennai','Tamilnadu','600116.','TAM(SA9058','Organization',8122273028,'Guru Nathan',1),(195,'Regency Astra A1 CHSL','regencyastraa1society@gmail.com ','upendra.agavekar@gmail.com',8097924110,NULL,'Rahul Chhetri','Regional Manager','1 802, Regency Astra A1 CHSL, Sarsan Developers LLP, Regency Aawishkar, near Regency Orion, Mohan Nagar Co-Op Society, Baner, Pune-411045','Pune','Maharashtra','411045','1 802, Regency Astra A1 CHSL, Sarsan Developers LLP, Regency Aawishkar, near Regency Orion, Mohan Nagar Co-Op Society, Baner, Pune-411045','Pune','Maharashtra','411045','REGCHS7155','Organization',8097924110,'Upendra Agavekar',1),(196,'Mr.Arun','ARUNBALAJICHN@proton.me','',7200397636,NULL,'Himanshu Rathod','Manager','Chennai','Chennai','Tamilnadu','600116.','Chennai','Chennai','Tamilnadu','600116.','MR.XXX4304','Individual',NULL,'',1),(197,'Mrs. Radhika Ursekar','test@sample.com','',9922027878,NULL,'Jyoti Hule','Sales Coordinator','Flat No. 1002 Hill View Lane NO. 15, Bhandarkar Rd, Deccan Gymkhana, Pune, Maharashtra 411004','Pune','Maharashtra','411004','Flat No. 1002 Hill View Lane NO. 15, Bhandarkar Rd, Deccan Gymkhana, Pune, Maharashtra 411004','Pune','Maharashtra','411004','MRSURS9681','Individual',NULL,'',1),(198,'Marvel Realtors','prasad.shinde@marvelrealtors.com','',7972070108,NULL,'Prakash Chothe','Sales Manager','Lane Number 5, Suyojana Society, Kavadewadi, Koregaon Park','Pune','Maharashtra','411001.','Lane Number 5, Suyojana Society, Kavadewadi, Koregaon Park','Pune','Maharashtra','411001.','MARREA6985','Organization',7972070108,'Prasad Shinde',1),(199,'Wizes Infrastructure','sumitchaabbe@gmail.com','',9990827896,NULL,'Prakash Chothe','Sales Manager','Season Mall  2nd Floor , Magarpatta, Hadapsar','Pune','Maharashtra','411013.','Season Mall  2nd Floor , Magarpatta, Hadapsar','Pune','Maharashtra','411013.','WIZINF4136','Organization',9990827896,'Shubham Shukla',1),(200,'Raheja Vistas','raheja.vistas.b2@gmail.com','',9881344346,NULL,'Prakash Chothe','Sales Manager','Raheja Vistas B-2 Condominium, Survey No -27/1B+2+3(part B) NIBM Annex,Mohamadwadi','Pune','Maharashtra','411060.','Raheja Vistas B-2 Condominium, Survey No -27/1B+2+3(part B) NIBM Annex,Mohamadwadi','Pune','Maharashtra','411060.','TOULLP1923','Organization',9881344346,'Yusuf Khedwala ',1),(201,'Meghan Mahajan','test@sample.com','',8378972625,NULL,'Trupti Desai','Sales Co-ordinator','Flat no 3, Jay Vijay Housing Society, Building no 63,Prem lok park,Chinchwad','Pune','Maharashtra','412101','Flat no 3, Jay Vijay Housing Society, Building no 63,Premlok park,Chinchwad','Pune','Maharashtra','412101','MEGMAH5315','Individual',NULL,'',1),(202,'Ceva Logistics Pvt Ltd','ext.anand.kumar@cevalogistics.com',NULL,9952608586,NULL,'Rahul Chhetri','Regional Manager','OXFORD UNIVERSITY PRESS INDIA LTD C/o.Ceva Logistics Pvt Ltd Suvagraha warehouse, Survey No: 16/3 Koduvalli Village, Tiruvallur-600055, Tamilnadu,INDIA ','Chennai','Tamilnadu','600055','OXFORD UNIVERSITY PRESS INDIA LTD C/o.Ceva Logistics Pvt Ltd Suvagraha warehouse, Survey No: 16/3 Koduvalli Village, Tiruvallur-600055, Tamilnadu,INDIA ','Chennai','Tamilnadu','600055','CEVLTD1505','Organization',9952608586,'NAGARAJAN Senthilkumar ',1),(203,'Sanjay Lakade','test@sample.com','',9325213417,8698692534,'Hiraman Rathod','Director','G 704, 7Plumeria Drive, Punawale, Pune 411033','Pune','Maharashtra','411033','G 704, 7Plumeria Drive, Punawale, Pune 411033','Pune','Maharashtra','411033','SANLAK6530','Individual',NULL,'',1),(204,'Shailesh Pednekar','test@sample.com','',9902428994,NULL,'Trupti Desai','Sales Co-ordinator','C 204, Ganga Cypress, Tathawade, Pune','Pune','Maharashtra','411033','C 204, Ganga Cypress, Tathawade, Pune','Pune','Maharashtra','411033','SHAPED8493','Individual',NULL,'',1),(205,'Swanand Ingawale','test@sample.com','',9860212712,NULL,'Trupti Desai','Sales Co-ordinator',' Casa 7 flat a2 706 Dange chowk Thergaon, Pune.','Pune','Maharashtra','411033',' Casa 7 flat a2 706 Dange chowk Thergaon, Pune.','Pune','Maharashtra','411033','SWAING6443','Individual',NULL,'',1),(206,'Bhartesh','test@sample.com','',9920511642,NULL,'Trupti Desai','Sales Co-ordinator','A102 Ganesh Bella Rossa , Phase 1 Koyate vasti, Punawale','Pune','Maharashtra','411033','A102 Ganesh Bella Rossa , Phase 1Koyate vasti, Punawale','Pune','Maharashtra','411033','BHAXXX1482','Individual',NULL,'',1),(207,'Dudhsagar Dairy','avc@mehsanaunion.coop','',6352863771,NULL,'Himanshu Rathod','Business Executive ','Mehsana-Gujarat','Gujarat','Gujarat','384001','Mehsana-Gujarat','Gujarat','Gujarat','384001','DUDDAI8038','Organization',6352863771,'Ashwin Chaudhary',1),(209,'Universal Starch Pvt.Ltd','nileshb@universalstarch.com','rajeshp@universalstarch.com',7774063326,NULL,'Himanshu Rathod','Business Executive ','Dhule','Dhule','Maharastra','424001',' Dhule','Dhule','Maharashtra','424001','UNIPVT5550','Organization',7774063326,'Nilesh Bagal',1),(210,'Davinder Singh','Suppliers.rhl@gmail.com',NULL,7009233218,NULL,'Himanshu Rathod','Business Executive ','Jalandhar','Punjab','Punjab','144001','Jalandhar','Punjab','Punjab','144001','DAVSIN8923','Organization',7009233218,'Davinder Singh',1),(211,'MRK Foods Pvt. Ltd.','stores.bhiwandi02@mrkfoods.in','',8097449887,NULL,'Yogesh Pawar','Branch Manager','Godown No 45, Vardhaman Compound, Dapode Road, Opposite Parasnath Compound, near Val Pipe Line, Val Village','Bhiwandi','Maharashtra','421302.','Godown No 45, Vardhaman Compound, Dapode Road, Opposite Parasnath Compound, near Val Pipe Line, Val Village','Bhiwandi','Maharashtra','421302.','MRKLTD4594','Organization',8097449887,'Sudhir Nayak',1),(212,'Shanker Logistics Pvt. Ltd. C/O Expeditors International (I) Pvt. Ltd.','santosh.shewale@expeditors.com','',9766922990,NULL,'Prakash Chothe','Sales Manager','TVS Industrial & Logistics Parks Private Limited Phase 3A & 3B, Survey No. 338/1,Mahalunge Village, ChakanMIDC Taluka Khed','Pune','Maharashtra','410501.','TVS Industrial & Logistics Parks Private Limited Phase 3A & 3B, Survey No. 338/1,Mahalunge Village, ChakanMIDC Taluka Khed','Pune','Maharashtra','410501.','EXPLTD6817','Organization',9766922990,'Santosh Shewale',1),(213,'Sarvoday Galaxy CHSL','Sarvodayagalaxy@gmail.com','',8097541925,NULL,'Yogesh Pawar','Sales Manager','Near Kopar Railway Station, ','Dombivali (W)','Maharashtra','421202','Near Kopar Railway Station, ','Dombivali (W)','Maharashtra','421202','SARCHS8749','Organization',8097541925,'Mr. Sunil Banodkar',1),(214,'E-Zest, An Accion Labs Company','Tejas.bhoir@e-zest.in','',8888826821,NULL,'Rahul Chhetri','Sales Manager','3rd Floor, Building IT-09 Qubix Business Park - SEZ, Blue Ridge, Phase 1, Hinjawadi Rajiv Gandhi Infotech Park, Hinjawadi, Pune, Maharashtra 411057','Pune','Maharashtra','411057','3rd Floor, Building IT-09 Qubix Business Park - SEZ, Blue Ridge, Phase 1, Hinjawadi Rajiv Gandhi Infotech Park, Hinjawadi, Pune, Maharashtra 411057','Pune','Maharashtra','411057','E-ZCOM9974','Individual',NULL,'',1),(215,'Orient Marketing','karanbhai240595@gmail.com','',9913454313,NULL,'Himanshu Rathod','Business Executive ','Mehsana','Gujarat','Gujarat','384001','Mehsana','Gujarat','Gujarat','384001','ORIMAR2972','Organization',NULL,'Keshav',1),(216,'Dalmia Bharat Green Vision Limited','Giri.varun@dalmiacement.com','',9009894276,NULL,'Himanshu Rathod','Director','Dound.','Pune','Maharashtra','412801','Dound.','Pune','Maharashtra','412801','DALLIM4046','Organization',9009894276,'Varun Sir',1),(217,'sarthak TEST TEIM','sarthak@gmail.com','',9527259065,NULL,'Trupti Desai','Sales','sdfsaf','safdsaf','sfsaf','456123','fsdfa','safsadf','sfsadf','456123','SARTEI5202','Individual',NULL,'',1),(218,'Sujata Bhaskre','sales@sevafacility.com','',9860399527,9860399527,'Trupti Desai','Sales Co-ordinator','Tower 22 -1601, Lodha Belmando, Gahunje, Pune 412101','Pune','Maharashtra','412101','Tower 22 -1601, Lodha Belmando, Gahunje, Pune 412101','Pune','Maharashtra','412101','SUJBHA9699','Individual',NULL,'',1),(219,'Lala Thakur','sevafacility616@gmail.com','',7620748686,NULL,'Laxman Hotkar','Sales Manager ','Charoli','Pune','Maharashtra ','412101','Charoli','Pune','Maharashtra ','412101','LALTHA9178','Individual',NULL,'',1),(220,'Bhoomi Kshitij','sai.pawar20@gmail.com',NULL,7387990698,NULL,'Laxman Hotkar','Sales Manager','Near JQ4P+J35 Cluster_shahatani(Pimpri Chinchwad (M C) 6 Kshitij Co-Operative Housing Society, opposite Axix bank ATM, Madhuban Colony, Rahatani, Pimpri-Chinchwad,','Pune','Maharashtra','412101','Near JQ4P+J35 Cluster_shahatani(Pimpri Chinchwad (M C) 6 Kshitij Co-Operative Housing Society, opposite Axix bank ATM, Madhuban Colony, Rahatani, Pimpri-Chinchwad,','Pune','Maharashtra','412101','BHOKSH6976','Organization',7387990698,'Sai Pawar',1),(221,'Kapil Wardhe','cwardhe6@gmail.com','',9422321100,NULL,'Prakash Chothe','Sales Manager','846/47,Sadashiv Peth,Shri.Balwant Niwas,A Wing,Flat No.302,4th Floor,Bhikardas Maruti Rd, Near Scaut Ground,Pune-411030','Pune','Maharashtra','411030','846/47,Sadashiv Peth,Shri.Balwant Niwas,A Wing,Flat No.302,4th Floor,Bhikardas Maruti Rd, Near Scaut Ground,Pune-411030','Pune','Maharashtra','411030','KAPWAR7652','Individual',NULL,'',1),(222,'Cookwell Foods','cookwellfoods@rediffmail.com','',9359397412,NULL,'Prakash Chothe','Sales Manager','3rd Floor, AVANI BIZWORLD, Plot No GP 184, nr. Thermax Chowk, behind Kundan Hyundai, G Block, MIDC, Chinchwad, Pune, Pimpri-Chinchwad, Maharashtra 411019.','Pune','Maharashtra','411019','3rd Floor, AVANI BIZWORLD, Plot No GP 184, nr. Thermax Chowk, behind Kundan Hyundai, G Block, MIDC, Chinchwad, Pune, Pimpri-Chinchwad, Maharashtra 411019','Pune','Maharashtra','411019','COOFOO6332','Organization',9359397412,'Sneha Phatak ',1),(223,'Abhijeet Kulthe','test@sample.com','',9518900270,NULL,'Jyoti Hule','Sales Coordinator','Flat no.204, \'Dwarka-Sai\' commercial wing, Godambe chawk, rahatani, Pimple Saudagar - ','Pune','Maharashtra','411017','Flat no.204, \'Dwarka-Sai\' commercial wing, Godambe chawk, rahatani, Pimple Saudagar - 411017','Pune','Maharashtra','411017','ABHKUL7125','Individual',NULL,'',1),(224,'Gaurav Kamod','test@sample.com','',9561112770,NULL,'Jyoti Hule','Sales Coordinator','Golden orchid , flat c 28 , sector 11 , PCNTDA, spine road , ','Pune','Maharashtra','411019','Golden orchid , flat c 28 , sector 11 , PCNTDA, spine road , ','Pune','Maharashtra','411019','GAUKAM2442','Individual',NULL,'',1),(225,'Mahendra Rajput','test@sample.com','',7776017610,NULL,'Trupti Desai','Sales Co-ordinator','Flat No- D1402 Miravet District, Ravet.','Pune','Maharashtra','412101','Flat No- D1402 Miravet District, Ravet.','Pune','Maharashtra','412101','MAHRAJ3996','Individual',NULL,'',1),(226,'Urmila Bhosale','sevafacility616@gmail.com','',8329680159,NULL,'Laxman Hotkar','Sales Manager ','Pimple Nilakh ','Pune','Maharashtra ','412101','Pimple Nilakh ','Pune','Maharashtra ','412101','URMBHO9859','Individual',NULL,'',1),(227,'Omkar Kulkarni','test@sample.com','',7448198157,NULL,'Prakash Chothe','Sales Manager ','Sharvari Windgates,B-302,Kate wasti,Bandal nagar, Punawale','Pune','Maharashtra ','412101','Sharvari Windgates,B-302,Kate wasti,Bandal nagar, Punawale','Pune','Maharashtra ','412101','OMKKUL1151','Individual',NULL,'',1),(229,'Shree Bhagavati Floor Mill ','Kaushal@gmail.com','',9998844956,NULL,'Hiraman Rathod','Director','96, Pushpak Industrial Estate ,Vatva , Ahmedabad, Gujarat',' Ahmedabad','Gujarat','382445','96, Pushpak Industrial Estate ,Vatva , Ahmedabad, Gujarat',' Ahmedabad','Gujarat','382445','SHAIND4631','Organization',9998844956,' Kaushal Sir',1),(230,'Shreeram Kunte','sevafacility616@gmail.com','',9096026376,NULL,'Laxman Hotkar','Sales Manager ','Nigdi ','Pune','Maharashtra ','412101','Nigdi ','Pune','Maharashtra ','412101','SHRKUN6698','Individual',NULL,'',1),(231,'Shapoorji Pallonji Co. Pvt. Ltd.','sanjay.minajgi@shapoorji.com','',9923750060,NULL,'Hiraman Rathod','Director','(E&C Division) I Joyville, Maan, Hinjewadi, Pune I','Pune','Maharashtra','412101','(E&C Division) I Joyville, Maan, Hinjewadi, Pune I','Pune','Maharashtra','412101','SHALTD2111','Organization',9923750060,'Sanjay M Minajgi ',1),(232,'Nandkishor Mangaonkar','test@sample.com','',9892515243,NULL,'Trupti Desai','Sales Co-ordinator','B403, Landbreeze Society, Tajane Wasti, Punawale, 411033','Pune','Maharashtra','411033','B403, Landbreeze Society, Tajane Wasti, Punawale, 411033','Pune','Maharashtra','411033','NANMAN8328','Individual',NULL,'',1),(233,'Akash Raj Apartment','akashrajsociety@gmail.com','',9822833007,NULL,'Prakash Chothe','Sales Manager','Aundh - Ravet BRTS Rd, Ravet, Pimpri-Chinchwad, Maharashtra 412101','Pimpri-Chinchwad','Maharashtra','412101','Aundh - Ravet BRTS Rd, Ravet, Pimpri-Chinchwad, Maharashtra 412101','Pimpri-Chinchwad','Maharashtra','412101','AKAAPA2835','Organization',9822833007,'Kumar Sir',1),(234,'Bali Tower Co-op HSC LTD','deepakdhokare@hotmail.com','',7710037000,NULL,'Yogesh Pawar','Branch Manager','Station Road, Kalwa (W)','Thane','Maharashtra','400605','Station Road, Kalwa (W)','Thane','Maharashtra','400605','BALLTD7596','Organization',7710037000,'Deepak Sir ',5),(235,'Prasenjeet Paul','sevafacility616@gmail.com','',8939761061,NULL,'Laxman Hotkar','Sales Manager ','tathawade','Pune ','Maharashtra ','412101','tathawade','Pune','Maharashtra ','412101','PRAPAU4470','Individual',NULL,'',1),(236,'Marico Limited ','yashwant.lande@marico.com','manpreet.arora@marico.com',7738787262,NULL,'Himanshu Rathod','Manager','Andheri','Mumbai','Maharashtra','400093','Andheri','Mumbai','Maharashtra','400093','MAR(MA9453','Organization',7738787262,'Yashwant Lande',1),(237,'Shubham Khachane','test@sample.com','',7821811413,NULL,'Trupti Desai','Sales Co-ordinator','A204, anad vihar society, ganesh nagar, Ravet, Sector 29, Ravet, Pune Division, 411044','Pune','Maharashtra','411044','A204, anad vihar society, ganesh nagar, ravet, Sector 29, Ravet, Pune Division, 411044','Pune','Maharashtra','411044','SHUKHA9432','Individual',NULL,'',1),(238,'Satish Mane','test@sample.com','',7666901007,NULL,'Trupti Desai','Sales Co-ordinator','C402 Pristine Prolife 3,Shankar Kalate Nagar Road,Wakad','Pune','Maharashtra','412101','C402 Pristine Prolife 3,Shankar Kalate Nagar Road,Wakad','Pune','Maharashtra','412101','SATMAN5206','Individual',NULL,'',1),(239,'Sagar Jadhav','sevafacility616@gmail.com','',9970612614,NULL,'Laxman Hotkar','Sales Manager ','Hinjewadi ','Pune','Maharashtra ','412101','Hinjewadi ','Pune','Maharashtra ','412101','SAGJAD6354','Individual',NULL,'',1),(240,'LUXURIYA CHS','manojmalani101@yahoo.in','',9321253035,NULL,'Yogesh pawar','Sales Manager','Flat No 203 Plot No Rh 87/88 MIDC Near MIDC Ganpati Mandir Dombivali East. ','Thane','Maharashtra','421201','Flat No 203 Plot No Rh 87/88 MIDC Near MIDC Ganpati Mandir Dombivali East.','Thane','Maharashtra','421201','LUXCHS2588','Organization',9321253035,'Mr. Manoj Malani',5),(241,'Amit Sinha','test@sample.com','',9766538943,NULL,'Trupti Desai','Sales Co-ordinator','RH 06, wing02 vision city jambhulgaon vadgaon maval pune 412106','Pune','Maharashtra','410160','RH 06, wing02 vision city jambhulgaon vadgaon maval pune 412106','Pune','Maharashtra','412106','AMISIN7910','Individual',NULL,'',1),(242,'Nido Machineries Pvt. Ltd.','Sagar.tambe@nidoworld.com',NULL,8108115887,NULL,'Yogesh Pawar','Branch Manager','Village Name : Thakurgaon , Survey No 13/1/B Prathamesh Complex Bldg No F, Gala No 3 Rajnoli Naka Opposite Vatika Hotel','Bhiwandi','Maharashtra','421302.','Village Name : Thakurgaon , Survey No 13/1/B Prathamesh Complex Bldg No F, Gala No 3 Rajnoli Naka Opposite Vatika Hotel','Bhiwandi','Maharashtra','421302.','NIDLTD2019','Organization',8108115887,'Sagar Tambe',5),(243,'SKF Corporate Office','sachin.k@urbanjunggle.com','',8007053635,NULL,'Prakash Chothe','Sales Manager','C-9, Premlok Park, Chinchwad ','Pune','Maharashtra','411033.','C-9, Premlok Park, Chinchwad ','Pune','Maharashtra','411033.','SKFOFF9093','Organization',8007053635,'Sachin Kaware',1),(244,'Zoomies Petcare Pvt. Ltd.','akash@thezoomiesstore.in','',9074065978,NULL,'Prakash Chothe','Sales Manager','Office No -2,1st Floor,EM Office,159/2,Sangwade Road,Jambhe,Mulshi ','Pune','Maharashtra','411033','Office No -2,1st Floor,EM Office,159/2,Sangwade Road,Jambhe,Mulshi Pune','Pune','Maharashtra','411033','ZOOLTD3572','Organization',9074065978,'Akash S Kumar ',1),(245,'Hendra Atmaram Arcade','santosh.srsfinservices@gmail.com','',9870456545,NULL,'Yogesh pawar','Sales Manager','Rahul Nagar, Retibunder road, Dombivli (w)','Thane','Maharashtra','421202','Rahul Nagar, Retibunder road, Dombivli (w)','Thane','Maharashtra','421202','HENARC6319','Organization',9870456545,'Nilesh Bhoir',5),(246,'Amit Deore','test@sample.com','',9860111109,NULL,'Trupti Desai','Sales Co-ordinator','Flat no. 701, Mangal Dhaara building, near Ravet basket bridge, Tathwade road  Punawale, Pimpari-Chinchwad.','Pune','Maharashtra','411033','Flat no. 701, Mangal Dhaara building, near Ravet basket bridge, Tathwade road  Punawale, Pimpari-Chinchwad.','Pune','Maharashtra','411033','AMIDEO2130','Individual',NULL,'',1),(247,'Shreyash Deshmukh','test@sample.com','',9096191918,NULL,'Trupti Desai','Sales Co-ordinator','D402, Rose Mansion CHS, Punawale, Behind Shriyans Society, Pune - 411033','Pune','Maharashtra','411033','D402, Rose Mansion CHS, Punawale, Behind Shriyans Society, Pune - 411033','Pune','Maharshtra','411033','SHRDES4180','Individual',NULL,'',1),(248,'Mr. Manoj','test@sample.com','',7507237150,NULL,'Simannisha Shaikh','Sales Co-ordinator','Flat no 14 Aatitya avenue society near nanacha dhaba restaurant Pimple Saudagar','Pune','Maharashtra','411027','Mithila Nagari, Pimple Saudagar, Pimpri-Chinchwad, Maharashtra 411027','Pune','Maharashtra','411027','MR.MAN6344','Individual',NULL,'',1),(249,'SHIV ENTERPRISES','shiventerprises1624@gmail.com','',9028534592,NULL,'Prakash Chothe','Sales Manager','Area No. 1,Plot No. D-05, Midc Mahalunge ,Chakan,','Pune','Maharashtra','410501.','Area No. 1,Plot No. D-05, Midc Mahalunge ,Chakan,','Pune','Maharashtra','410501.','SHIENT5390','Organization',9028534592,'Chandrakant Gujar',1),(250,'Ketan Rajput','test@sample.com','',9359127995,NULL,'Trupti Desai','Sales Co-ordinator','2nd floor, Kalpataru Apartment, Dehu-Alandi Road, Alhat Wasti, Near by Swapnalok Housing Society, Moshi.','Pune','Maharashtra','411033','2nd floor, Kalpataru Apartment, Dehu-Alandi Road, Alhat Wasti, Near by Swapnalok Housing Society, Moshi.','Pune','Maharashtra','411033','KETRAJ3373','Individual',NULL,'',1),(251,'Abhijeet Sonawane','test@sample.com','',9890885237,NULL,'Trupti Desai','Sales Co-ordinator','Flat no 305, Rutej Nest PH II Behind Gurudwara Near Akurdi Railway Station Chinchwad Pune','Pune','Maharashtra','411033','Flat no 305, Rutej Nest PH II Behind Gurudwara Near Akurdi Railway Station Chinchwad Pune','Pune','Maharashtra','411033','ABHSON2653','Individual',NULL,'',1),(255,'Tripati Patra','test@sample.com','',9923050062,NULL,'Trupti Desai','Sales Co-ordinator','C404, Western Avenue, Wakad','Pune','Maharashtra','411033','C404, Western Avenue, Wakad','Pune','Maharashtra','411033','TRIPAT9396','Individual',NULL,'',1),(256,'Bosch Chassis Systems India Pvt.Ltd.','yunus.mulla@in.bosch.com',NULL,9689907519,NULL,'Rahul Chhetri','Regional Manager','Gat No-306, Nanekarwadi,Chakan,Rajguru Nagar','Pune','Maharashtra','410501','Gat No-306, Nanekarwadi,Chakan,Rajguru Nagar','Pune','Maharashtra','410501','BOSPVT6295','Organization',9689907519,'Yunus Abbas Mulla ',1),(257,'Abhishek Chandole','test@sample.com','',9011325275,NULL,'Trupti Desai','Sales Co-ordinator','A101, Raj Angan, plot no 186/1/1, Shinde Wasti, Ravet, Haveli, Pune 412101','Pune','Maharashtra','412101','A101, Raj Angan, plot no 186/1/1, Shinde Wasti, Ravet, Haveli, Pune 412101','Pune','Maharashtra','412101','ABHCHA1624','Individual',NULL,'',1),(258,'Pooja Shimpi','test@sample.com','',9922401921,NULL,'Trupti Desai','Sales Co-ordinator','Swapnapoorti Hsg Society Phase 1, building no 2A, flat no 203, sector no 26, Nigdi Pradhikaran','Pune','Maharashtra','412101','Swapnapoorti Hsg Society Phase 1, building no 2A, flat no 203, sector no 26, Nigdi Pradhikaran','Pune','Maharashtra','412101','POOSHI7086','Individual',NULL,'',1),(259,'Rutuja Sawant','test@sample.com','',7028476188,NULL,'Trupti Desai','Sales Co-ordinator','G104, Jarvari Society, Opp PK international school, Pimple Saudagar','Pune','Maharashtra','411027','G104, Jarvari Society, Opp PK international school, Pimple Saudagar','Pune','Maharashtra','411027','RUTSAW8776','Individual',NULL,'',1),(260,'Vishal Solunke','test@sample.com','',9881053933,NULL,'Trupti Desai','Sales Co-ordinator','Flat No 706, Aqua Blue Soc, B Wing, Shinde Vasti, Ravet','Pune','Maharashtra','412101','Flat No 706, Aqua Blue Soc, B Wing, Shinde Vasti, Ravet','Pune','Maharashtra','412101','VISSOL1053','Individual',NULL,'',1),(261,'MAYUR PATIL','test@sample.com','',9860391307,NULL,'Jyoti Hule','Sales Coordinator','FLAT NO 10, 3RD FLOOR, NIRMAN PARADISE, OPP KATHI KABAB, PLOT NO H20, S NO 26, NEAR AKURDI RAILWAY STATION, NIGDI PRADHIKARAN','Pune','Maharashtra','411044','FLAT NO 10, 3RD FLOOR, NIRMAN PARADISE, OPP KATHI KABAB, PLOT NO H20, S NO 26, NEAR AKURDI RAILWAY STATION, NIGDI PRADHIKARAN ','Pune','Maharashtra','411044','MAYPAT4233','Individual',NULL,'',1),(262,'Vishwaksena Dream Solutions Private Limited','vishwaksenadspvtltd@gmail.com','',9642317664,NULL,'Christopher Paul','Branch Manager','5th Floor, Lat No.507, B-4 Indu Aranya Pallavi Survey No. 117 Tattiannaram  Rangareddy','Hyderabad','Telangana','500068','5th Floor, Lat No.507, B-4 Indu Aranya Pallavi Survey No. 117 Tattiannaram Rangareddy','Hyderabad','Telangana','500068','VISLIM7840','Organization',9642317664,'Mahesh Sir',7),(263,'Ravitej Projects','purchase@ravitejprojects.com','',8436940333,NULL,'Jyoti Hule','Sales Coordinator','Survey No-812/2B, Rudraksh Residency,  Tamjai Nagar, Karanje','Satara','Maharashtra','415002.','Survey No-812/2B, Rudraksh Residency,  Tamjai Nagar, Karanje','Satara','Maharashtra','415002.','RAVPRO3491','Organization',8436940333,'Chandra Jasti',11),(264,'Abhijit kothalkar','test@sample.com','',7875945636,NULL,'Laxman Hotkar','Sales Manager','Flat No 103, 8B, Swapnapoorti Phase 2 Near PCCOE Pradhikaran Pune.','Pune','Maharashtra','411044','Flat No 103, 8B, Swapnapoorti Phase 2 Near PCCOE Pradhikaran Pune.','Pune','Maharashtra','411044','ABHKOT9451','Individual',NULL,'',1);
/*!40000 ALTER TABLE `crmapp_customer_details` ENABLE KEYS */;
UNLOCK TABLES;

--
-- Table structure for table `crmapp_finalfollowup`
--

DROP TABLE IF EXISTS `crmapp_finalfollowup`;
/*!40101 SET @saved_cs_client     = @@character_set_client */;
/*!50503 SET character_set_client = utf8mb4 */;
CREATE TABLE `crmapp_finalfollowup` (
  `id` bigint NOT NULL AUTO_INCREMENT,
  `fourthremark` varchar(100) NOT NULL,
  `finalstatus` varchar(100) NOT NULL,
  `contracttype` varchar(50) NOT NULL,
  `bookingamount` double DEFAULT NULL,
  `lead_id` bigint DEFAULT NULL,
  PRIMARY KEY (`id`),
  KEY `crmapp_finalfollowup_lead_id_150e62f2_fk_crmapp_le` (`lead_id`),
  CONSTRAINT `crmapp_finalfollowup_lead_id_150e62f2_fk_crmapp_le` FOREIGN KEY (`lead_id`) REFERENCES `crmapp_lead_management` (`id`)
) ENGINE=InnoDB DEFAULT CHARSET=utf8mb4 COLLATE=utf8mb4_0900_ai_ci;
/*!40101 SET character_set_client = @saved_cs_client */;

--
-- Dumping data for table `crmapp_finalfollowup`
--

LOCK TABLES `crmapp_finalfollowup` WRITE;
/*!40000 ALTER TABLE `crmapp_finalfollowup` DISABLE KEYS */;
/*!40000 ALTER TABLE `crmapp_finalfollowup` ENABLE KEYS */;
UNLOCK TABLES;

--
-- Table structure for table `crmapp_firstfollowup`
--

DROP TABLE IF EXISTS `crmapp_firstfollowup`;
/*!40101 SET @saved_cs_client     = @@character_set_client */;
/*!50503 SET character_set_client = utf8mb4 */;
CREATE TABLE `crmapp_firstfollowup` (
  `id` bigint NOT NULL AUTO_INCREMENT,
  `havedonepestcontrolearlier` varchar(100) NOT NULL,
  `agency` varchar(100) NOT NULL,
  `inspectiononsite` varchar(100) NOT NULL,
  `levelofinspection` varchar(100) NOT NULL,
  `quotationgiven` varchar(100) NOT NULL,
  `quotationamount` double DEFAULT NULL,
  `mailsent` varchar(100) NOT NULL,
  `customermeeting` varchar(100) NOT NULL,
  `firstremark` varchar(100) NOT NULL,
  `secondfollowupdate` date NOT NULL,
  `lead_id` bigint DEFAULT NULL,
  PRIMARY KEY (`id`),
  KEY `crmapp_firstfollowup_lead_id_99c6287b_fk_crmapp_le` (`lead_id`),
  CONSTRAINT `crmapp_firstfollowup_lead_id_99c6287b_fk_crmapp_le` FOREIGN KEY (`lead_id`) REFERENCES `crmapp_lead_management` (`id`)
) ENGINE=InnoDB DEFAULT CHARSET=utf8mb4 COLLATE=utf8mb4_0900_ai_ci;
/*!40101 SET character_set_client = @saved_cs_client */;

--
-- Dumping data for table `crmapp_firstfollowup`
--

LOCK TABLES `crmapp_firstfollowup` WRITE;
/*!40000 ALTER TABLE `crmapp_firstfollowup` DISABLE KEYS */;
/*!40000 ALTER TABLE `crmapp_firstfollowup` ENABLE KEYS */;
UNLOCK TABLES;

--
-- Table structure for table `crmapp_inventory_add`
--

DROP TABLE IF EXISTS `crmapp_inventory_add`;
/*!40101 SET @saved_cs_client     = @@character_set_client */;
/*!50503 SET character_set_client = utf8mb4 */;
CREATE TABLE `crmapp_inventory_add` (
  `id` bigint NOT NULL AUTO_INCREMENT,
  `quantity` int unsigned NOT NULL,
  `product_id` int NOT NULL,
  PRIMARY KEY (`id`),
  KEY `crmapp_inventory_add_product_id_c0da19f9_fk_crmapp_pr` (`product_id`),
  CONSTRAINT `crmapp_inventory_add_product_id_c0da19f9_fk_crmapp_pr` FOREIGN KEY (`product_id`) REFERENCES `crmapp_product` (`product_id`),
  CONSTRAINT `crmapp_inventory_add_quantity_9fcbc406_check` CHECK ((`quantity` >= 0))
) ENGINE=InnoDB DEFAULT CHARSET=utf8mb4 COLLATE=utf8mb4_0900_ai_ci;
/*!40101 SET character_set_client = @saved_cs_client */;

--
-- Dumping data for table `crmapp_inventory_add`
--

LOCK TABLES `crmapp_inventory_add` WRITE;
/*!40000 ALTER TABLE `crmapp_inventory_add` DISABLE KEYS */;
/*!40000 ALTER TABLE `crmapp_inventory_add` ENABLE KEYS */;
UNLOCK TABLES;

--
-- Table structure for table `crmapp_inventory_summary`
--

DROP TABLE IF EXISTS `crmapp_inventory_summary`;
/*!40101 SET @saved_cs_client     = @@character_set_client */;
/*!50503 SET character_set_client = utf8mb4 */;
CREATE TABLE `crmapp_inventory_summary` (
  `id` bigint NOT NULL AUTO_INCREMENT,
  `customer_id` varchar(100) NOT NULL,
  `customer_name` varchar(255) NOT NULL,
  `quantity` decimal(10,2) NOT NULL,
  `total_price` decimal(10,2) NOT NULL,
  `date_added` datetime(6) NOT NULL,
  `product_id` int NOT NULL,
  PRIMARY KEY (`id`),
  KEY `crmapp_inventory_sum_product_id_a769c158_fk_crmapp_pr` (`product_id`),
  CONSTRAINT `crmapp_inventory_sum_product_id_a769c158_fk_crmapp_pr` FOREIGN KEY (`product_id`) REFERENCES `crmapp_product` (`product_id`)
) ENGINE=InnoDB DEFAULT CHARSET=utf8mb4 COLLATE=utf8mb4_0900_ai_ci;
/*!40101 SET character_set_client = @saved_cs_client */;

--
-- Dumping data for table `crmapp_inventory_summary`
--

LOCK TABLES `crmapp_inventory_summary` WRITE;
/*!40000 ALTER TABLE `crmapp_inventory_summary` DISABLE KEYS */;
/*!40000 ALTER TABLE `crmapp_inventory_summary` ENABLE KEYS */;
UNLOCK TABLES;

--
-- Table structure for table `crmapp_invoice`
--

DROP TABLE IF EXISTS `crmapp_invoice`;
/*!40101 SET @saved_cs_client     = @@character_set_client */;
/*!50503 SET character_set_client = utf8mb4 */;
CREATE TABLE `crmapp_invoice` (
  `id` bigint NOT NULL AUTO_INCREMENT,
  `modeofpayment` varchar(100) NOT NULL,
  `dispatchedthrough` varchar(100) NOT NULL,
  `termofdelivery` varchar(100) NOT NULL,
  `termsandcondition` varchar(255) NOT NULL,
  `company_name` varchar(255) NOT NULL,
  `company_email` varchar(254) NOT NULL,
  `company_contact_no` varchar(20) NOT NULL,
  `invoice_no` varchar(200) DEFAULT NULL,
  `date` date NOT NULL,
  `description_of_goods` longtext NOT NULL,
  `hsn_sac_code` varchar(100) NOT NULL,
  `quantity` int DEFAULT NULL,
  `price` decimal(10,2) NOT NULL,
  `discount` double DEFAULT NULL,
  `gst_checkbox` tinyint(1) NOT NULL,
  `total_amount` double DEFAULT NULL,
  `total_amount_with_gst` decimal(10,2) DEFAULT NULL,
  `total_amount_in_words` varchar(255) NOT NULL,
  `pan_card_no` varchar(20) NOT NULL,
  `account_no` varchar(20) NOT NULL,
  `branch` varchar(255) NOT NULL,
  `ifsc_code` varchar(20) NOT NULL,
  `delivery_date` date NOT NULL,
  `dispatched_date` date NOT NULL,
  `designation` varchar(20) NOT NULL,
  `customer_id` bigint DEFAULT NULL,
  PRIMARY KEY (`id`),
  UNIQUE KEY `invoice_no` (`invoice_no`),
  KEY `crmapp_invoice_customer_id_083d749c_fk_crmapp_cu` (`customer_id`),
  CONSTRAINT `crmapp_invoice_customer_id_083d749c_fk_crmapp_cu` FOREIGN KEY (`customer_id`) REFERENCES `crmapp_customer_details` (`id`)
) ENGINE=InnoDB DEFAULT CHARSET=utf8mb4 COLLATE=utf8mb4_0900_ai_ci;
/*!40101 SET character_set_client = @saved_cs_client */;

--
-- Dumping data for table `crmapp_invoice`
--

LOCK TABLES `crmapp_invoice` WRITE;
/*!40000 ALTER TABLE `crmapp_invoice` DISABLE KEYS */;
/*!40000 ALTER TABLE `crmapp_invoice` ENABLE KEYS */;
UNLOCK TABLES;

--
-- Table structure for table `crmapp_invoiceterm`
--

DROP TABLE IF EXISTS `crmapp_invoiceterm`;
/*!40101 SET @saved_cs_client     = @@character_set_client */;
/*!50503 SET character_set_client = utf8mb4 */;
CREATE TABLE `crmapp_invoiceterm` (
  `id` bigint NOT NULL AUTO_INCREMENT,
  `description` longtext NOT NULL,
  PRIMARY KEY (`id`)
) ENGINE=InnoDB DEFAULT CHARSET=utf8mb4 COLLATE=utf8mb4_0900_ai_ci;
/*!40101 SET character_set_client = @saved_cs_client */;

--
-- Dumping data for table `crmapp_invoiceterm`
--

LOCK TABLES `crmapp_invoiceterm` WRITE;
/*!40000 ALTER TABLE `crmapp_invoiceterm` DISABLE KEYS */;
/*!40000 ALTER TABLE `crmapp_invoiceterm` ENABLE KEYS */;
UNLOCK TABLES;

--
-- Table structure for table `crmapp_lead_management`
--

DROP TABLE IF EXISTS `crmapp_lead_management`;
/*!40101 SET @saved_cs_client     = @@character_set_client */;
/*!50503 SET character_set_client = utf8mb4 */;
CREATE TABLE `crmapp_lead_management` (
  `id` bigint NOT NULL AUTO_INCREMENT,
  `sourceoflead` varchar(200) NOT NULL,
  `salesperson_id` bigint DEFAULT NULL,
  `customername` varchar(100) DEFAULT NULL,
  `customersegment` varchar(100) NOT NULL,
  `enquirydate` date NOT NULL,
  `contactedby` varchar(100) DEFAULT NULL,
  `maincategory` varchar(200) DEFAULT NULL,
  `subcategory` varchar(200) DEFAULT NULL,
  `primarycontact` bigint DEFAULT NULL,
  `secondarycontact` bigint DEFAULT NULL,
  `customeremail` varchar(254) DEFAULT NULL,
  `customeraddress` varchar(1000) DEFAULT NULL,
  `location` varchar(200) DEFAULT NULL,
  `city` varchar(100) NOT NULL,
  `typeoflead` varchar(100) DEFAULT NULL,
  `firstfollowupdate` date NOT NULL,
  `stage` int NOT NULL,
  `state` varchar(100) NOT NULL,
  `customer_type` varchar(100) DEFAULT NULL,
  `or_contact` bigint DEFAULT NULL,
  `or_name` varchar(100) DEFAULT NULL,
  `branch_id` bigint DEFAULT NULL,
  `old_salesperson_id` bigint DEFAULT NULL,
  `branch_manager_id` bigint DEFAULT NULL,
  `admin_id` int DEFAULT NULL,
  PRIMARY KEY (`id`),
  KEY `crmapp_lead_management_salesperson_id_7b066edd` (`salesperson_id`),
  KEY `crmapp_lead_management_branch_id_cf0b6d28_fk_crmapp_branch_id` (`branch_id`),
  KEY `crmapp_lead_manageme_branch_manager_id_3e85479a_fk_crmapp_br` (`branch_manager_id`),
  KEY `crmapp_lead_management_admin_id_68d7863b_fk_auth_user_id` (`admin_id`),
  CONSTRAINT `crmapp_lead_manageme_branch_manager_id_3e85479a_fk_crmapp_br` FOREIGN KEY (`branch_manager_id`) REFERENCES `crmapp_branchmanager` (`id`),
  CONSTRAINT `crmapp_lead_manageme_salesperson_id_7b066edd_fk_crmapp_sa` FOREIGN KEY (`salesperson_id`) REFERENCES `crmapp_salesperson` (`id`),
  CONSTRAINT `crmapp_lead_management_admin_id_68d7863b_fk_auth_user_id` FOREIGN KEY (`admin_id`) REFERENCES `auth_user` (`id`),
  CONSTRAINT `crmapp_lead_management_branch_id_cf0b6d28_fk_crmapp_branch_id` FOREIGN KEY (`branch_id`) REFERENCES `crmapp_branch` (`id`)
) ENGINE=InnoDB AUTO_INCREMENT=633 DEFAULT CHARSET=utf8mb4 COLLATE=utf8mb4_0900_ai_ci;
/*!40101 SET character_set_client = @saved_cs_client */;

--
-- Dumping data for table `crmapp_lead_management`
--

LOCK TABLES `crmapp_lead_management` WRITE;
/*!40000 ALTER TABLE `crmapp_lead_management` DISABLE KEYS */;
INSERT INTO `crmapp_lead_management` VALUES (2,'BNI',14,'Gopal Girse','','2025-06-18','Trupti Desai','Pest Control Service','Beehive Management',9503037264,9970220979,'sales@sevafacility.com','Flat no. 14,Shantikunj society, Ravet','','Pune','Hot','2025-06-18',0,'Maharashtra',NULL,NULL,NULL,1,NULL,NULL,NULL),(3,'Google',14,'Raju Shinde','Residential','2025-06-09','Trupti Desai','Product sale','Mini Fogger Machine',9028360499,NULL,'sales@sevafacility.com','Talegaon Dabhade, Pune','','Pune','Hot','2025-07-18',1,'Maharashtra','Individual',NULL,'None',1,NULL,NULL,NULL),(4,'Google',14,'Ajay Sharma','Residential','2025-06-09','Trupti Desai','Pest Control Service','Cockroach Management',8801279983,NULL,'sales@sevafacility.com','Thergaon, Pune','','Pune','Hot','2025-06-09',0,'Maharashtra',NULL,NULL,NULL,1,NULL,NULL,NULL),(5,'Indianmart',14,'Ayukt','Residential','2025-06-09','Trupti Desai','Pest Control Service','Bed Bugs Management',7276512192,NULL,'sales@sevafacility.com','Bhosari','','Pune','Hot','2025-06-07',0,'Maharashtra',NULL,NULL,NULL,1,NULL,NULL,NULL),(6,'Google',14,'Pankaj Gorhe','Residential','2025-06-09','Trupti Desai','Pest Control Service','Beehive Management',7888061983,NULL,'sales@sevafacility.com','Tathawade','','Pune','Hot','2025-06-09',0,'Maharashtra',NULL,NULL,NULL,1,NULL,NULL,NULL),(7,'Google',14,'Chetan Shelake','Residential','2025-06-09','Trupti Desai','Pest Control Service','Cockroach Management',9028194502,NULL,'sales@sevafacility.com','Tathawade','','Pune','Not Interested','2025-06-07',0,'Maharashtra',NULL,NULL,NULL,1,NULL,NULL,NULL),(8,'Others',14,'Nayana Kitadikar','Residential','2025-06-11','Trupti Desai','Pest Control Service','Cockroach Management',7709389559,NULL,'sales@sevafacility.com','Tropica Society, Ravet','','Pune','Hot','2025-05-31',0,'Maharashtra',NULL,NULL,NULL,1,NULL,NULL,NULL),(9,'Google',3,'Glaze Rocks Pvt.Ltd.','Industrial / Commercial','2025-06-11','Jyoti Hule','Product','Mini Fogger Machine',8830716605,NULL,'admin@glazerocks.com',' Glaze rocks Sonigara landmark bld. Chatrapati chowk Wakad,pune','','Pune','Hot','2025-06-11',0,'Maharashtra',NULL,NULL,NULL,1,NULL,NULL,NULL),(10,'Indianmart',14,'Naresh sharma','Industrial / Commercial','2025-06-10','Trupti Desai','Pest Control Service','Beehive Management',9890463999,NULL,'sales@sevafacility.com','Nigdi, Pune','','Pune','Hot','2025-06-06',0,'Maharashtra',NULL,NULL,NULL,1,NULL,NULL,NULL),(12,'Google',14,'Ashish Dain','Residential','2025-06-11','Trupti Desai','Pest Control Service','Cockroach Management',9604331222,NULL,'sales@sevafacility.com','Walhekarwadi, Pune','','Pune','Warm','2025-06-11',1,'Maharashtra',NULL,NULL,NULL,1,NULL,NULL,NULL),(13,'Google',14,'Gayatri Sonar','Residential','2025-06-11','Trupti Desai','Pest Control Service','Cockroach Management',7385668440,NULL,'sales@sevafacility.com','Punawale','','Pune','Not Interested','2025-06-11',0,'Maharashtra',NULL,NULL,NULL,1,NULL,NULL,NULL),(14,'Indianmart',20,'Demo','Residential','2025-06-16','Demo1','Demo2','Demoo',9322031315,1234567890,'Demo@gmail.com',' Singhgad','https://maps.app.goo.gl/D9HgpQzEgnicgHEj8','Pune','Hot','2025-06-16',1,'Maharashtra',NULL,NULL,NULL,1,NULL,NULL,NULL),(15,'Google',14,'Vishwajeet Patil','Industrial / Commercial','2025-06-12','Trupti Desai','Product sale','Fly Catcher machine',9284053818,NULL,'sales@sevafacility.com','9284053818','','Pune','Hot','2025-06-12',1,'Maharashtra',NULL,NULL,NULL,1,NULL,NULL,NULL),(16,'Google',14,'Saurabh Markhedkar','Residential','2025-06-16','Trupti Desai','Pest Control Service','Cockroach Management',9575311326,NULL,'sales@sevafacility.com','Chinchwad','','Pune','Hot','2025-06-16',1,'Maharashtra',NULL,NULL,NULL,1,NULL,NULL,NULL),(17,'Google',14,'Ruchi Chetan Bonde','Residential','2025-06-16','Trupti Desai','Pest Control Service','Bed Bugs Management',8888433684,NULL,'sales@sevafacility.com','B603 Sai parktown behind lekha farm uttam nagar kiwale-412101','','Pune','Hot','2025-06-13',0,'Maharashtra',NULL,NULL,NULL,1,NULL,NULL,NULL),(18,'Google',4,'Swapnil Dumbre','Residential','2025-06-17','SS','Pest Control','Killer Machine',9552733276,9552733276,'sales@sevafacility.com','Shop no.10, Bhondve Bagh Rd, Ravet, Pimpri-Chinchwad, Pune, Maharashtra 412101','https://maps.app.goo.gl/hQ6iuGTupBafjBqk7','Pune','Hot','2025-06-17',0,'Maharashtra',NULL,NULL,NULL,1,NULL,NULL,NULL),(19,'Lineclub',14,'Krishna Sarwal','Residential','2025-06-17','Trupti Desai','Pest Control Service','Cockroach Management',9422037485,NULL,'sales@sevafacility.com','Kotharud','','Pune','Hot','2025-06-17',0,'Maharashtra',NULL,NULL,NULL,1,NULL,NULL,NULL),(20,'Google',14,'Uday Kalhapure','Residential','2025-06-16','Trupti Desai','Pest Control Service','Bed Bugs Management',9890301725,NULL,'sales@sevafacility.com','Bhosari','','Pune','Cold','2025-06-16',1,'Maharashtra',NULL,NULL,NULL,1,NULL,NULL,NULL),(21,'Google',14,'Sonari Siddhachal Trading Co','Industrial / Commercial','2025-06-17','Yogesh Pawar','Pest Control Service','Pest Control Service',9004000390,9004000390,'sales@sevafacility.com','Unit no 306,307,308 spna industrial, om sainath complex dapode road \r\n','https://maps.app.goo.gl/SQVZvYDxAoSdBhbg7','Thane','Hot','2025-06-17',1,'Maharashtra',NULL,NULL,NULL,5,NULL,NULL,NULL),(22,'Google',3,'Nilesh Borade','Residential','2025-03-17','JH','Pest Control','Cockroach Management',8793717906,8793717906,'sales@sevafacility.com','Shiv Classic Building ,c Wing,flat No -34,5th Floor ,Moshi, Pune 412105Tupe Vasti MoshiPimpri-Chinchwad','https://maps.app.goo.gl/tSLb2KjhkxJATamf7','Pune','Hot','2025-03-17',0,'Maharashtra',NULL,NULL,NULL,1,NULL,NULL,NULL),(23,'Google',14,'Ashish Bhondwe','Residential','2025-03-15','TD','Pest control','Cockroach Management',9922991834,9922991834,'sales@sevafacility.com','ASHISH Bungalow, Plot No.208, Sector No.26, Pradhikaran, Nigdi,Pune: 411044','https://www.google.com/maps?q=18.6581840515137,73.7639465332031','Pune','Hot','2025-03-15',5,'Maharashtra',NULL,NULL,NULL,1,NULL,NULL,NULL),(24,'BNI',3,'Amol Patankar','Residential','2025-03-20','JH','Pest Control','Cockroach management',9527500800,9527500800,'sales@sevafacility.com','Chinchwad','https://maps.app.goo.gl/a7z289bqiw9PuNiu8','Pune','Hot','2025-03-20',0,'Maharashtra',NULL,NULL,NULL,1,NULL,NULL,NULL),(25,'Google',14,'Rohit Phadtre','Industrial / Commercial','2025-03-19','TD','Pest control','Beehive Management',8830492839,8830492839,'sales@sevafacility.com','Ravet, Pune','https://maps.app.goo.gl/CWMEwV8izzKTbyoc9?g_st=aw','Pune','Hot','2025-03-19',2,'Maharashtra',NULL,NULL,NULL,1,NULL,NULL,NULL),(26,'Google',14,'Bhola Shankar','Residential','2025-03-18','TD','Pest control','Cockroach Management',9049530524,9049530524,'sales@sevafacility.com','Ravet','https://maps.app.goo.gl/mQw89o1kS76CtfLZA','Pune','Hot','2025-03-18',3,'Maharashtra',NULL,NULL,NULL,1,NULL,NULL,NULL),(27,'Customer Reference',14,'Jayvant Daware','Industrial / Commercial','2025-03-18','TD','Pest control','Beehive Management',9762280121,9762280121,'sales@sevafacility.com','Ravet','https://maps.app.goo.gl/38gZxPG2C1TzqLqXA','Pune','Hot','2025-03-18',1,'Maharashtra',NULL,NULL,NULL,1,NULL,NULL,NULL),(28,'Google',NULL,'Priyaranjan Kumar','Residential','2025-03-21','PN','Pest Control','Cockroach Management',9927968107,9927968107,'operation.sevafacility@gmail.com','Ravet','https://maps.app.goo.gl/vATrttBsNVATKTus8','Pune','Hot','2025-03-21',1,'Maharashtra',NULL,NULL,NULL,1,13,NULL,NULL),(29,'Google',14,'Sunder Gorde','Residential','2025-03-24','TD','Pest Control','Cockroach Management',8766939042,8766939042,'sales@sevafacility.com','Bhopodi','','Pune','Cold','2025-03-24',1,'Maharashtra',NULL,NULL,NULL,1,NULL,NULL,NULL),(30,'Google',14,'Rupesh Shirude','Residential','2024-03-24','TD','Pest Control','Beehive Management',7498764497,7498764497,'sales@sevafacility.com','Ravet, Pune','','Pune','Hot','2025-03-24',1,'Maharashtra',NULL,NULL,NULL,1,NULL,NULL,NULL),(31,'Google',14,'Rupesh Shirude','Residential','2025-03-24','TD','Pest Control','Beehive Management',7498764497,7498764497,'sales@sevafacility.com','Ravet','https://g.co/kgs/5iFPEyC','Pune','Hot','2025-03-24',1,'Maharashtra',NULL,NULL,NULL,1,NULL,NULL,NULL),(32,'Google',3,'Indeewar Kulkarni','Residential','2025-03-20','JH','Pest Control','Cockroach Management',8446019663,8446019663,'sales@sevafacility.com','Punawale','https://maps.app.goo.gl/tSLb2KjhkxJATamf7','Pune','Not Interested','2025-03-25',0,'Maharashtra',NULL,NULL,NULL,1,NULL,NULL,NULL),(33,'Others',NULL,'Novogold Seeds Pvt.Ltd','Industrial / Commercial','2025-03-10','Kisan Mankar','Fumigation','ALP Fumigation',8010499783,8010499783,'vishnu.joshi@novogoldseeds.com','Chikhali Buldhana','','Buldhana','Hot','2025-09-29',1,'Maharashtra','Organization',8010499783,'Vishnu Joshi',4,40,NULL,NULL),(34,'Indianmart',20,'Suresh Sir','Industrial / Commercial','2025-03-25','LH','Pest Control','Rodent Management Service',9850740468,9850740468,'sales@sevafacility.com','Prakalp Society, Chintamani Nagar, Bibwewadi, Pune, Maharashtra 411037','https://maps.app.goo.gl/dkqDRrh1TSg25SGf7','Pune','Hot','2025-03-25',1,'Maharashtra',NULL,NULL,NULL,1,NULL,NULL,NULL),(35,'Google',3,'Bhakti Koli','Residential','2025-03-01','JH','Pest Control','Cockroach Management',8459699920,8459699920,'sales@sevafacility.com','Wakad Pune','https://maps.app.goo.gl/p6Ehgh359jmLWu77A','Pune','Not Interested','2025-03-04',0,'Maharashtra',NULL,NULL,NULL,1,NULL,NULL,NULL),(36,'Google',4,'Siddharth Ghugarkar','Residential','2025-03-25','SS','Pest Control','Bed Bug Management',9822757499,9822757499,'sales@sevafacility.com','Nigdi','https://maps.app.goo.gl/DePgdTmH22tWzaaf8','Pune','Hot','2025-03-25',3,'Maharashtra',NULL,NULL,NULL,1,NULL,NULL,NULL),(37,'Indianmart',14,'Neha Jadhav','Residential','2025-03-25','TD','Pest control','Beehive Management',7507317744,7507317744,'sales@sevafacility.com','Pimple Gurav, Pune','','Pune','Cold','2025-03-25',2,'Maharashtra',NULL,NULL,NULL,1,NULL,NULL,NULL),(38,'Google',14,'Mukta Rana','Residential','2025-03-24','TD','Pest control','Cockroach Management',8050033643,8050033643,'sales@sevafacility.com','Ravet','','Pune','Hot','2025-03-25',1,'Maharashtra',NULL,NULL,NULL,1,NULL,NULL,NULL),(39,'Google',3,'Sunil Patil','Residential','2025-03-04','JH','Pest Control','Cockroach Management Service',9766588157,9766588157,'sales@sevafacility.com','E906, Star Vista by Arko realty, Near Ambika Rose Nursery, near Sameer Lawns, Ravet, Pimpri-Chinchwad, Maharashtra 412101.','https://maps.app.goo.gl/aGAufPGHsrRvoknS8','Pune','Hot','2025-03-06',0,'Maharashtra',NULL,NULL,NULL,1,NULL,NULL,NULL),(40,'Google',14,'Sushil Kulkarni','Residential','2025-03-23','TD','Pest control','Cockroach Management',9021225478,9021225478,'sales@sevafacility.com','Twin arcs C 1102 Behind Bharat petroleum Punawale','https://maps.app.goo.gl/Jz8p4ZecimBy8xkj9','Pune','Hot','2025-03-23',1,'Maharashtra',NULL,NULL,NULL,1,NULL,NULL,NULL),(41,'Google',NULL,'Nyati Equinox','Residential','2025-03-15','KM','Pest Control','Beehive',9112005113,9112005113,'operation.sevafacility@gmail.com','Bavdhan Pune','https://maps.app.goo.gl/dyKfMfHnYVzkUVyb9','Pune','Hot','2025-03-15',1,'Maharashtra',NULL,NULL,NULL,1,40,NULL,NULL),(42,'Google',NULL,'Vishal Thoser','Residential','2025-03-24','KM','Pest Control','Cockroach Management',9096902693,9096902693,'operation.sevafacility@gmail.com','Tanish Parsel  B 1003 10th Floor Charoli Budruk Charoli','https://maps.app.goo.gl/cG4LqN4KBrg3xcUDA','Pune','Hot','2025-03-24',1,'Maharashtra',NULL,NULL,NULL,1,40,NULL,NULL),(43,'Indianmart',NULL,'Rupesh Shirude','Residential','2025-03-24','KM','Pest Control','Cockroach Management',9850936606,9850936606,'','Ekna Nagar Colony No 1','https://maps.app.goo.gl/KYzFG6Q7akD7fqN68','Ravet','Hot','2025-03-24',1,'Maharashtra',NULL,NULL,NULL,1,40,NULL,NULL),(44,'Google',NULL,'Abhishek','Residential','2025-03-26','Rajesh Joshi','Pest control','Cockroach management',9765000287,9765000287,'','Dewas Naka','','Indore','Hot','2025-03-26',5,'Maharashtra',NULL,NULL,NULL,8,30,NULL,NULL),(45,'Google',NULL,'Neha','Residential','2025-03-26','Rajesh Joshi','Pest control','Cockroach management',8236932342,8236932342,'indore.branch@sevafacility.com','A B road','','Indore','Hot','2025-03-26',1,'Maharashtra',NULL,NULL,NULL,8,30,NULL,NULL),(46,'Google',NULL,'Yogesh lawar','Residential','2025-03-28','Yogesh Pawar','Pest control','Cockroch management',7420077360,7420077360,'mumbai.branch@sevafacility.com','Shop no 13, chamunda appartment, kongaon 421311','','Kalyan','Hot','2025-03-28',1,'Maharashtra',NULL,NULL,NULL,5,32,NULL,NULL),(47,'Google',NULL,'Priya','Residential','2025-03-28','Rajesh Joshi','Pest Control','Cockroach Management',7049777186,7049777186,'indore.branch@sevafacility.com','Khajrana','','Indore','Warm','2025-03-28',1,'Maharashtra',NULL,NULL,NULL,8,30,NULL,NULL),(48,'Google',NULL,'Virendra Thakur','Residential','2025-03-27','Rajesh Joshi','Pest Control','Cockroach Management',7987157987,7987157987,'indore.branch@sevafacility.com','Mangliya','','Indore','Warm','2025-03-27',1,'Maharashtra',NULL,NULL,NULL,8,30,NULL,NULL),(49,'Google',NULL,'Ashok gupta','Residential','2025-03-01','Jyoti','Pest control','Termite management',9595512211,9595512211,'nagpur.branch@sevafacility.com','Wardhaman nagar','','Nagpur','Cold','2025-03-01',2,'Maharashtra',NULL,NULL,NULL,9,13,NULL,NULL),(50,'Others',3,'Ashok Arsul','Industrial / Commercial','2025-04-01','JH','General Pest Control Service','Rodent Management Service',9833195111,9833195111,'ektalogistics.ts@gmail.com','C/O Precise Biopharma Pvt. Ltd. B1/B2 Niyati Logistic Park, Survey No. 48/3, Bhoirgoan, Mumbai Nashik Highway, Bhiwandi Dist Thane 421302.','https://maps.app.goo.gl/eUmv7ydcCBg3HDdE8','Bhiwandi','Hot','2025-04-04',0,'Maharashtra',NULL,NULL,NULL,5,NULL,NULL,NULL),(51,'Google',14,'Punam Suraj Kalantri','Residential','2025-03-20','Trupti Desai','Pest Control','Cockroach Management',9503746790,9503746790,'sales@sevafacility.com','F 804, Signature Park, Aundh Ravet BRTS ROAD DANGE CHOWK,WAKAD, Pune.','','pune','Hot','2025-03-21',1,'Maharashtra',NULL,NULL,NULL,1,NULL,NULL,NULL),(52,'Google',NULL,'Priyanka Mittal','Residential','2025-04-01','Rajesh Joshi','Pest Control','Ant Management',8153978474,8153978474,'indore.branch@sevafacility.com','Near Bombay Hospital','','Indore','Warm','2025-04-01',1,'Maharashtra',NULL,NULL,NULL,8,30,NULL,NULL),(53,'Google',NULL,'Rajeev Khandelwal','Residential','2025-04-01','Rajesh Joshi','Pest Control','Cockroach Management',9425063097,9425063097,'indore.branch@sevafacility.com','Sch.150, Nr. Bangali Square','','Indore','Warm','2025-04-01',1,'Maharashtra',NULL,NULL,NULL,8,30,NULL,NULL),(54,'Others',3,'Mrs. Sonu Dhakan','Residential','2025-04-01','JH','Pest Control','Mosquito Management Service Spray Treatmen',9924891929,9924891929,'sales@sevafacility.com','Manpada Thane','https://maps.app.goo.gl/q2ABCkyJpt695wKAA','Thane','Loss of Order','2025-04-04',0,'Maharashtra',NULL,NULL,NULL,5,NULL,NULL,NULL),(55,'Google',NULL,'Murlidhar Umredkar','Residential','2025-04-02','Priyanka','Pest control','CM',8308600693,8308600693,'','Near bhawani hall','','Nagpur','Hot','2025-04-02',3,'Maharashtra',NULL,NULL,NULL,9,13,NULL,NULL),(56,'',NULL,'Apurv Patwardhan','','2025-07-03','Prakash Chote','Pest Control','Bed Bugs Management',7774969202,7774969202,'sales@sevafacility.com','A-6/1, Nighoje - Kurali Rd, Chakan, Maharashtra 410501','https://g.co/kgs/uUyAYL5','Pune','','2025-07-03',1,'Maharashtra',NULL,NULL,NULL,1,29,NULL,NULL),(58,'Google',4,'Ravi Borde','Residential','2025-04-03','SS','Pest Control','Cockroach management',9822293672,9822293672,'sales@sevafacility.com','Uday hilltop residency P2-402, Opposite Up South hotel Ravet','https://maps.app.goo.gl/Aou6rHzyhKHcz4mf6','Pune','Hot','2025-04-03',5,'Maharashtra',NULL,NULL,NULL,1,NULL,NULL,NULL),(59,'Google',NULL,'Mr. Richard David','Industrial / Commercial','2025-05-06','Yogesh Pawar','Visit and Inspection','The Visit and Inspection of premises',8452864232,8452864232,'richarddavid@tseries.net','Andheri','https://maps.app.goo.gl/8NJ1GoCbXtDrsG8k7','Mumbai','','2025-05-06',2,'Maharashtra',NULL,NULL,NULL,5,32,NULL,NULL),(60,'Google',NULL,'Navjot Singh','Residential','2025-04-03','Rajesh Joshi','Pest Control','Cockroach Management',9598752709,9598752709,'indore.branch@sevafacility.com','Lasudiya Mori','','Indore','Warm','2025-04-03',1,'Maharashtra',NULL,NULL,NULL,8,30,NULL,NULL),(61,'Google',NULL,'Mansi Pandit','Residential','2025-04-03','Rajesh Joshi','Pest Control','Cockroach Management',7724091226,7724091226,'indore.branch@sevafacility.com','Sch.155, Sangam nagar','','Indore','Warm','2025-04-03',1,'Maharashtra',NULL,NULL,NULL,8,30,NULL,NULL),(62,'Indianmart',NULL,'Subodh Verma','Residential','2025-04-03','Rajesh Joshi','Pest Control','Cockroach Management',8827392123,8827392123,'indore.branch@sevafacility.com','Bijalpur','','Indore','Hot','2025-04-03',1,'Maharashtra',NULL,NULL,NULL,8,30,NULL,NULL),(63,'Google',NULL,'Rizwana','Residential','2025-04-03','Rajesh Joshi','Pest Control','Bedbug Management',8966988149,8966988149,'indore.branch@sevafacility.com','Khajrana','','Indore','Warm','2025-04-03',1,'Maharashtra',NULL,NULL,NULL,8,30,NULL,NULL),(64,'Google',NULL,'Aishwarya Pathak','Residential','2025-04-05','Rajesh Joshi','Pest control','Cockroach management',9826662051,9826662051,'indore.branch@sevafacility.com','Nopania','','Indore','Hot','2025-04-05',4,'Maharashtra',NULL,NULL,NULL,8,30,NULL,NULL),(65,'Others',NULL,'Kirankumar Chavan','Residential','2025-04-05','Laxman Hotkar','Pest Control','Cockroach Management',8421380773,8421380773,'sales@sevafacility.com','Flat No. 702, B wing Sai Saroj, Shinde wasti, Ravet','','pune','Hot','2025-04-05',1,'Maharashtra',NULL,NULL,NULL,1,28,NULL,NULL),(66,'Google',3,'Navin Goyal','Residential','2025-04-05','JH','Pest Control','Cockroach Management',9545234631,9545234631,'sales@sevafacility.com','Ravet','https://maps.app.goo.gl/Df3yGqQrGJPkkKGz7','Pune','Hot','2025-04-08',0,'Maharashtra',NULL,NULL,NULL,1,NULL,NULL,NULL),(67,'Google',3,'Nikita Chauhan','Residential','2025-03-29','JH','Product','Hermetic Bags Grainpro',7875557791,7875557791,'sales@sevafacility.com','Rahatani','https://maps.app.goo.gl/QLuDxCTevAFXGjaH8','Pune','Not Interested','2025-03-30',0,'Maharashtra',NULL,NULL,NULL,1,NULL,NULL,NULL),(68,'Google',14,'Yash','Residential','2025-03-27','Trupti Desai','Pest Control','Bed Bugs Management',9867135919,9867135919,'sales@sevafacility.com','B601, Crystal Garden Apartments, Baner Pashan Link Road, Pashan, Pune 411021Landmark: Behind Star Bazaar','','pune','Hot','2025-03-27',1,'Maharashtra',NULL,NULL,NULL,1,NULL,NULL,NULL),(69,'Google',14,'Shivaji Kadam','Residential','2025-03-28','Trupti Desai','Pest Control','Cockroach Management',9503808808,9503808808,'sales@sevafacility.com','Ravet','','Pune','NotInterested','2025-03-28',1,'Maharashtra',NULL,NULL,NULL,1,NULL,NULL,NULL),(70,'Google',14,'Tai Panchal','Residential','2025-04-28','Trupti Desai','Pest Control','Bed Bugs Management',7499410818,7499410818,'sales@sevafacility.com','Wagholi','','Pune','LossOfOrder','2025-03-28',1,'Maharashtra',NULL,NULL,NULL,1,NULL,NULL,NULL),(71,'Google',14,'Pacific Corporate Solutions','Residential','2025-03-28','Trupti Desai','Pest Control','Cockroach Management',9860870603,9860870603,'sales@sevafacility.com','Kharadi','','Pune','NotInterested','2025-03-28',1,'Maharashtra',NULL,NULL,NULL,1,NULL,NULL,NULL),(72,'Google',NULL,'Mayank Verma','Residential','2025-04-07','Rajesh JOshi','Pest Control','Mosquito Management',6264441440,6264441440,'indore.branch@sevafacility.com','Annapurna','','Indore','Warm','2025-04-07',1,'Maharashtra',NULL,NULL,NULL,8,30,NULL,NULL),(73,'Google',NULL,'Ankit','Residential','2025-04-07','Rajesh JOshi','Pest Control','Anti Termite Treatment',9425077276,9425077276,'indore.branch@sevafacility.com','Khategaon','','Indore','Warm','2025-04-07',1,'Maharashtra',NULL,NULL,NULL,8,30,NULL,NULL),(74,'Google',NULL,'Purshottam Modi','Residential','2025-04-07','Rajesh JOshi','Pest Control','Anti Termite Treatment',9424566661,9424566661,'indore.branch@sevafacility.com','Chhawni','','Indore','Warm','2025-04-07',1,'Maharashtra',NULL,NULL,NULL,8,30,NULL,NULL),(75,'Google',3,'Shital Pawar','Residential','2025-04-08','JH','Pest Control','Cockroach Management',8378853719,8378853719,'sales@sevafacility.com','Skylish avenue,flat no 604, A wing, near adhira international school, punawale.','https://maps.app.goo.gl/WiAHETPSBogQmbc19','Pune','Hot','2025-04-08',0,'Maharashtra',NULL,NULL,NULL,1,NULL,NULL,NULL),(76,'Google',3,'Lalit Sundarkar','Residential','2025-04-08','JH','Pest Control','Cockroach Management',9970590983,9970590983,'sales@sevafacility.com','Ravet','https://maps.app.goo.gl/aPZb2C1SJx5Svwkm8','Pune','Not Interested','2025-04-19',0,'Maharashtra',NULL,NULL,NULL,1,NULL,NULL,NULL),(77,'Google',3,'Roshan Mali','Residential','2025-04-08','JH','Pest Control','Cockroach Management',8830626727,8830626727,'sales@sevafacility.com','Ravet','https://maps.app.goo.gl/aPZb2C1SJx5Svwkm8','Pune','Hot','2025-04-09',0,'Maharashtra',NULL,NULL,NULL,1,NULL,NULL,NULL),(78,'Google',NULL,'Kunal Dulkar','Residential','2025-04-09','Rajesh Joshi','Pest Control','Bedbug Management',8109819197,8109819197,'indore.branch@sevafacility.com','Chandan Nagar','','Indore','Warm','2025-04-09',1,'Maharashtra',NULL,NULL,NULL,8,30,NULL,NULL),(79,'Google',NULL,'Rishi Kapoor','Industrial / Commercial','2025-04-09','Rajesh Joshi','Pest Control','Cockroach Management',9302500500,9302500500,'indore.branch@sevafacility.com','Nr. Bombay Hospital','','Indore','Warm','2025-04-09',1,'Maharashtra',NULL,NULL,NULL,8,30,NULL,NULL),(80,'Google',14,'Sachin Chaundhari','Residential','2025-04-05','Trupti Desai','Pest Control','Beehive Management',8412937781,8412937781,'sales@sevafacility.com','Dehu-Road, Pune','','Pune','Cold','2025-04-05',1,'Maharashtra',NULL,NULL,NULL,1,NULL,NULL,NULL),(81,'Google',14,'Sandeep Kale','Residential','2025-04-04','Trupti Desai','Pest Control','Cockroach Management',8007296305,8007296305,'sales@sevafacility.com','Ravet','','Pune','Warm','2025-04-04',1,'Maharashtra',NULL,NULL,NULL,1,NULL,NULL,NULL),(82,'Google',14,'Maruti Yadav','Residential','2025-04-05','Trupti Desai','Pest Control','Cockroach Management',9822731155,9822731155,'sales@sevafacillity.com','Ravet','','Pune','Hot','2025-04-05',0,'Maharashtra',NULL,NULL,NULL,1,NULL,NULL,NULL),(83,'Google',14,'Abhijeet Ronghe','Residential','2025-04-05','Trupti Desai','','',9970847283,9970847283,'sales@sevafacility.com','Chinchwad,Pune','','Pune','Hot','2025-04-05',0,'Maharashtra',NULL,NULL,NULL,1,NULL,NULL,NULL),(84,'Google',NULL,'Pramod Gautam','Residential','2025-04-10','Rajesh Joshi','Pest Control','Cockroach Management',8966867309,8966867309,'indore.branch@sevafacility.com','New Palasia','','Indore','Warm','2025-04-10',1,'Maharashtra',NULL,NULL,NULL,8,30,NULL,NULL),(85,'Google',14,'Swati Kulkarni','Residential','2025-04-05','Trupti Desai','Pest Control','Bed Bugs Management',8855825177,8855825177,'sales@sevafacility.com','Thergaoon','','Pune','Cold','2025-04-05',1,'Maharashtra',NULL,NULL,NULL,1,NULL,NULL,NULL),(86,'Google',14,'Nyati Evania','Industrial / Commercial','2025-04-05','Trupti Desai','Pest Control','Beehive Management',8411044347,8411044347,'sales@sevafacility.com','Sadashiv Peth, Pune','','Pune','Hot','2025-04-05',1,'Maharashtra',NULL,NULL,NULL,1,NULL,NULL,NULL),(87,'Google',14,'Amritkant Debasis','Residential','2025-04-05','Trupti Desai','Pest Control','Cockroach Management',9922922082,9922922082,'sales@sevafacility.com','Ravet','','Pune','Cold','2025-04-05',0,'Maharashtra',NULL,NULL,NULL,1,NULL,NULL,NULL),(88,'Google',3,'Paresh Padalkar','Residential','2025-04-12','Jyoti Hule','Pest Control','Cockroach management',9099974655,9099974655,'sales@sevafacility.com','Paresh Padalkar, A-601, Kohinoor Grandeur, Mukai Chowk, Kiwale-Ravet road, Ravet.','https://maps.app.goo.gl/turMsEg7JzuvSBiw6','Pune','Hot','2025-04-17',0,'Maharashtra',NULL,NULL,NULL,1,NULL,NULL,NULL),(89,'Google',NULL,'Ria Viayvargiya','Residential','2025-04-12','Rajesh JOshi','Pest Control','Cockroach Management',8871918882,8871918882,'indore.branch@sevafacility.com','Opp. bombay hospital','','Indore','Warm','2025-04-12',1,'Maharashtra',NULL,NULL,NULL,8,30,NULL,NULL),(90,'Google',NULL,'Sushil Rathod','Industrial / Commercial','2025-04-12','Rajesh JOshi','Pest Control','Bee Hive Removal',8850792695,8850792695,'indore.branch@sevafacility.com','Khargone','','Khargone','Warm','2025-04-12',1,'Maharashtra',NULL,NULL,NULL,5,30,NULL,NULL),(91,'Others',14,'Sujata Bhaskre','Residential','2025-04-12','Trupti Desai','Pest Control','Cockroach Management',9860399527,9860399527,'sales@sevafacility.com','Lodha Belmando','','Pune','Hot','2025-04-12',1,'Maharashtra',NULL,NULL,NULL,1,NULL,NULL,NULL),(92,'Others',14,'Sujata Bhaskre','Residential','2025-04-12','Trupti Desai','Pest Control','Cockroach Management',9860399527,9860399527,'sales@sevafacility.com','Lodha Belmando','','Pune','Hot','2025-04-12',1,'Maharashtra',NULL,NULL,NULL,1,NULL,NULL,NULL),(93,'Google',14,'Yash Tekawade','Residential','2025-04-14','Trupti Desai','Pest Control','Cockroach Management',8421319837,8421319837,'sales@sevafacility.com','Dhayari','','Pune','Hot','2025-04-14',1,'Maharashtra',NULL,NULL,NULL,1,NULL,NULL,NULL),(94,'Google',14,'Lalit Badgujar','Residential','2025-04-12','Trupti Desai','Pest Control','Cockroach Management',8459396466,8459396466,'sales@sevafacility.com','Pune','','Pune','Hot','2025-04-12',1,'Maharashtra',NULL,NULL,NULL,1,NULL,NULL,NULL),(95,'Google',14,'Lalit Badgujar','Residential','2025-04-12','Trupti Desai','Pest Control','Cockroach Management',8459396466,8459396466,'sales@sevafacility.com','Pune','','Pune','Hot','2025-04-12',1,'Maharashtra',NULL,NULL,NULL,1,NULL,NULL,NULL),(96,'Google',14,'Sanju Nair','Residential','2025-04-12','Trupti Desai','Pest Control','Cockroach Management',7972118757,7972118757,'sales@sevafacility.com','Chinchwad','','Pune','Cold','2025-04-12',1,'Maharashtra',NULL,NULL,NULL,1,NULL,NULL,NULL),(97,'Others',14,'Chandrakant Mahajan','Residential','2025-04-12','Trupti Desai','Pest Control','Cockroach Management',9881004995,9881004995,'sales@sevafacility.com','Chinchwad','','pune','Hot','2025-04-18',4,'Maharashtra',NULL,NULL,NULL,1,NULL,NULL,NULL),(98,'Google',14,'Dilip Bhagat','Residential','2025-04-11','Trupti Desai','Pest Control','Cockroach Management',9923974437,9923974437,'sales@sevafacility.com','B206, GK Aaron, Gaikwad Nagar, Kate Wasti Road, Punawale','https://maps.app.goo.gl/bqnxRJ2AFSe1SUPW9','Pune','Hot','2025-04-11',5,'Maharashtra',NULL,NULL,NULL,1,NULL,NULL,NULL),(99,'Google',14,'Juber Shiekh','Residential','2025-04-11','Trupti Desai','Pest Control','Cockroach Management',9594786644,9594786644,'sales@sevafacility.com','Hinjewadi','','Pune','Hot','2025-04-11',1,'Maharashtra',NULL,NULL,NULL,1,NULL,NULL,NULL),(100,'Google',14,'Shree','Residential','2025-04-11','Trupti Desai','Pest Control','Cockroach Management',7776983987,7776983987,'sales@sevafacility.com','Chinchwad','','Pune','Warm','2025-04-11',1,'Maharashtra',NULL,NULL,NULL,1,NULL,NULL,NULL),(101,'Google',14,'Faizan','Residential','2025-04-10','Trupti Desai','Pest Control','Ant Management',8408997355,8408997355,'sales@sevafacility.com','Nigadi','','Pune','Hot','2025-04-10',0,'Maharashtra',NULL,NULL,NULL,1,NULL,NULL,NULL),(102,'Others',14,'Sumit Shetty','Industrial / Commercial','2025-04-09','Trupti Desai','Pest Control','Beehive Management',9130036545,9130036545,'sales@sevafacility.com','Tathawade','','Pune','Hot','2025-04-09',1,'Maharashtra',NULL,NULL,NULL,1,NULL,NULL,NULL),(103,'Google',14,'Mradul Chaturvedi','Residential','2025-04-07','Trupti Desai','Pest Control','Cockroach Management',7875306002,7875306002,'sales@sevafacility.com','Punawale','','Pune','Hot','2025-04-07',1,'Maharashtra',NULL,NULL,NULL,1,NULL,NULL,NULL),(104,'Google',NULL,'Suresh Sanjane','Residential','2025-04-14','Rajesh Joshi','Pest Control','Cockroach Management',9826633362,9826633362,'indore.branch@sevafacility.com','Omex City-1','','Indore','Warm','2025-04-14',1,'Maharashtra',NULL,NULL,NULL,8,30,NULL,NULL),(105,'Google',NULL,'Sumi Nanda','Residential','2025-04-14','Rajesh Joshi','Pest Control','Termite Treatment',9302189498,9302189498,'indore.branch@sevafacility.com','Nipania','','Indore','Warm','2025-04-14',1,'Maharashtra',NULL,NULL,NULL,8,30,NULL,NULL),(106,'Google',NULL,'Sumant','Residential','2025-04-14','Rajesh Joshi','Pest Control','Cockroach Management',9850055799,9850055799,'indore.branch@sevafacility.com','Talawali Chanda','','Indore','Warm','2025-04-14',1,'Maharashtra',NULL,NULL,NULL,8,30,NULL,NULL),(107,'Google',NULL,'Arif Nawaz','Residential','2025-04-15','Rajesh Joshi','Pest Control','Cockroach Management',8879680999,8879680999,'','Nipania','','Indore','Hot','2025-04-15',3,'Maharashtra',NULL,NULL,NULL,8,30,NULL,NULL),(108,'Google',NULL,'Asin Mohm.','Residential','2025-04-15','Rajesh Joshi','Pest Control','Bedbug Management',9300000084,9300000084,'indore.branch@sevafacility.com','Malhargunj','','Indore','Warm','2025-04-15',1,'Maharashtra',NULL,NULL,NULL,8,30,NULL,NULL),(109,'Others',NULL,'Flipkart','Industrial / Commercial','2025-04-16','Hiraman Rathod','Fumigation','Wooden Pallet Fumigation',8433737048,8433737048,'sales@sevafacility.com','','','Kheda,Ahemdabad, Gujarat','Hot','2025-04-16',1,'Maharashtra',NULL,NULL,NULL,NULL,25,NULL,NULL),(110,'Others',14,'Sujata Bhaskar','Residential','2025-04-12','Trupti Desai','Pest Control','Cockroach Management',9860399527,9860399527,'sales@sevafacility.com','Tower 22 -1601, Lodha Belmando Gahunje Pune 412101','https://maps.app.goo.gl/J24kAsoP7fD4BDni9','Pune','Hot','2025-04-12',1,'Maharashtra',NULL,NULL,NULL,1,NULL,NULL,NULL),(111,'Google',4,'Dnyanesh jadhav','Residential','2025-04-12','SS','Pest Control','Cockroach management',9594967757,9594967757,'sales@sevafacility.com','Pune','','Pune','Cold','2025-04-12',5,'Maharashtra',NULL,NULL,NULL,1,NULL,NULL,NULL),(112,'Google',NULL,'Surmai Hotel','Industrial / Commercial','2025-04-07','Trupti Desai','Pest Control','Rodent Management',9307597401,9307597401,'sales@sevafacility.com','Ravet','','Pune','Hot','2025-04-07',1,'Maharashtra',NULL,NULL,NULL,1,28,NULL,NULL),(113,'Google',4,'Fahim Khan','Residential','2025-04-08','SS','Pest Control','BBM',9284664592,9284664592,'sales@sevafacility.com','','','Pune','Warm','2025-04-08',5,'Maharashtra',NULL,NULL,NULL,1,NULL,NULL,NULL),(114,'Others',4,'Ramesh Shirol','Residential','2025-04-17','SS','Pest Control','Bed Bug Management',8788480944,8788480944,'sales@sevafacility.com','Pimpri','','Pune','Hot','2025-04-17',5,'Maharashtra',NULL,NULL,NULL,1,NULL,NULL,NULL),(115,'Google',3,'Abhishek Khurd','Residential','2025-04-05','Jyoti Hule','Pest Control','Cockroach Management Service',9881130509,9881130509,'sales@sevafacility.com','Punawale','https://maps.app.goo.gl/fWYSMmKLciLsDKWy8','Pune','Not Interested','2025-04-17',0,'Maharashtra',NULL,NULL,NULL,1,NULL,NULL,NULL),(116,'Google',4,'Amit Chaudhary','Residential','2025-04-08','SS','Pest Control','Bed Bug Management',9881399952,9881399952,'sales@sevafacility.com','Pimple Saudagar','https://maps.app.goo.gl/F7ifeX4rjnAZKEYc7','Pune','LossOfOrder','2025-04-08',5,'Maharashtra',NULL,NULL,NULL,1,NULL,NULL,NULL),(117,'Google',14,'Isha Harkawat','Residential','2025-04-16','Trupti Desai','Pest Control','Cockroach Management',9602033933,9602033933,'sales@sevafacility.com','Tathawade, Pune','','Pune','Cold','2025-04-16',1,'Maharashtra',NULL,NULL,NULL,1,NULL,NULL,NULL),(118,'Others',14,'Bhushan Sonawane','Residential','2025-04-15','Trupti Desai','Pest Control','Cockroach Management',9860334030,9860334030,'sales@sevafacility.com','Kotharud, Pune','','Pune','Cold','2025-04-15',4,'Maharashtra',NULL,NULL,NULL,1,NULL,NULL,NULL),(119,'Google',14,'Aishvarya Pophli','Residential','2025-04-16','Trupti Desai','Pest Control','Cockroach Management',8871726541,8871726541,'sales@sevafacility.com','Ravet, Bhondwe chowk, Ravet','','Pune','Not Interested','2025-04-16',0,'Maharashtra',NULL,NULL,NULL,1,NULL,NULL,NULL),(120,'Others',14,'Nisha Shah','Residential','2025-04-17','Hiraman Rathod','Pest Control','Cockroach Management',9850024890,9850024890,'sales@sevafacility.com','Market Yard, Pune','','Pune','Hot','2025-04-17',1,'Maharashtra',NULL,NULL,NULL,1,NULL,NULL,NULL),(121,'Google',NULL,'Santosh Jadhav','Residential','2025-04-18','Siman Shaikh','Pest Control','Cockroach Management',9762386020,9762386020,'sales@sevafacility.com','A-508 Kamalaraj Parijat Dighi-Alandi Road Dighi Pune 411015','','Pune','Hot','2025-04-18',1,'Maharashtra',NULL,NULL,NULL,1,29,NULL,NULL),(122,'Others',14,'Kishor Tambve','Residential','2025-04-15','Trupti Desai','Product Sell','UV Fly Control Board',9960101587,9960101587,'sales@sevafacility.com','A-76, Chemical Zone,MIDC Kurkumbh-413802.','','Pune','Hot','2025-04-15',2,'Maharashtra',NULL,NULL,NULL,1,NULL,NULL,NULL),(123,'Google',NULL,'Dipika Birla','Residential','2025-04-18','Rajesh Joshi','Pest Control','Cockroach Management',7904690031,7904690031,'indore.branch@sevafacility.com','Sai Kripa Coloni','','Indore','Warm','2025-04-18',1,'Maharashtra',NULL,NULL,NULL,8,30,NULL,NULL),(124,'Google',NULL,'Shikha Shrivastava','Residential','2025-04-18','Rajesh Joshi','Pest Control','Cockroach Management',9993368430,9993368430,'indore.branch@sevafacility.com','Sch.150','','Indore','Warm','2025-04-18',1,'Maharashtra',NULL,NULL,NULL,8,30,NULL,NULL),(125,'Google',NULL,'Shikha Shrivastava','Residential','2025-04-18','Rajesh Joshi','Pest Control','Cockroach Management',9993368430,9993368430,'indore.branch@sevafacility.com','sch.140','','Indore','Warm','2025-04-18',1,'Maharashtra',NULL,NULL,NULL,8,30,NULL,NULL),(126,'Google',NULL,'Prachi Agrawal','Residential','2025-04-18','Rajesh Joshi','Pest Control','',9424455562,9424455562,'indore.branch@sevafacility.com','Palda','','Indore','Warm','2025-04-18',1,'Maharashtra',NULL,NULL,NULL,8,30,NULL,NULL),(127,'Google',NULL,'Dayaal Jain','Residential','2025-04-18','Rajesh Joshi','Pest Control','Bedbug Management',7974894506,7974894506,'indore.branch@sevafacility.com','Ganesh Dham Colony','','Indore','Warm','2025-04-18',1,'Maharashtra',NULL,NULL,NULL,8,30,NULL,NULL),(128,'Indianmart',NULL,'Ayushi Tongiya','Residential','2025-04-18','Rajesh Joshi','Pest Control','Termite Treatment',8989939989,8989939989,'indore.branch@sevafacility.com','Kanadia Road','','Indore','Warm','2025-04-18',1,'Maharashtra',NULL,NULL,NULL,8,30,NULL,NULL),(129,'Google',3,'Madan Deshpande','Residential','2025-04-19','Jyoti Hule','Pest Control','Cockroach Management Service',9503462962,9503462962,'sales@sevafacility.com','Ravet','https://maps.app.goo.gl/rx44axTzoNdCHbog8','Pune','Not Interested','2025-04-21',0,'Maharashtra',NULL,NULL,NULL,1,NULL,NULL,NULL),(130,'Google',20,'Ajay Chorge','Residential','2025-04-19','Pradnya Borate','Pest Control','Cockroach Management',7219485714,7219485714,'sales@sevafacility.com','punawale pandhare wasti near bhandan sweet .Flat add: bhalchandra vatika 4 floor 405.','https://maps.app.goo.gl/4vB5WbjszUECp3Cn8','Pune','Hot','2025-04-19',5,'Maharashtra',NULL,NULL,NULL,1,NULL,NULL,NULL),(131,'Google',3,'No Name','Residential','2025-04-08','Jyoti Hule','Pest Control','Cockroach Management',9834079134,9834079134,'sales@sevafacility.com','Hinjewadi','https://maps.app.goo.gl/FaumencmqQp4C6sy6','Pune','Loss of Order','2025-04-09',0,'Maharashtra',NULL,NULL,NULL,1,NULL,NULL,NULL),(132,'Google',3,'Laxmikant Ghayal','Residential','2025-04-09','Jyoti Hule','Pest Control','Bedbug Management Service',8669432778,8669432778,'sales@sevafacility.com','Nigadi','https://maps.app.goo.gl/YYfeTaK3s8R7Vewb9','Pune','Not Interested','2025-04-10',0,'Maharashtra',NULL,NULL,NULL,1,NULL,NULL,NULL),(133,'Google',3,'Rupal Karpe','Residential','2025-04-09','Jyoti Hule','Pest Control','Cockroach Management',7218889685,7218889685,'sales@sevafacility.com','Ravet','https://maps.app.goo.gl/xq4BRJeAGgmaSj6F7','Pune','Loss of Order','2025-04-10',0,'Maharashtra',NULL,NULL,NULL,1,NULL,NULL,NULL),(134,'Google',20,'Amruta Chakradhare','Residential','2025-04-21','Ranjeet Jadhav','Pest Control','Bedbug Management Service',9766572561,9766572561,'sales@sevafacility.com','Laxmi Nagar','https://maps.app.goo.gl/g85X1e6krz3foSv26','Nagpur','Warm','2025-04-26',1,'Maharashtra',NULL,NULL,NULL,9,NULL,NULL,NULL),(135,'Others',14,'Rohit Suryawanshi','Industrial / Commercial','2025-04-16','Trupti Desai','Pest Control Service','Bee hive Management',9730770749,9730770749,'sales@sevafacility.com','Ravet','','Pune','Hot','2025-04-25',5,'Maharashtra',NULL,NULL,NULL,1,NULL,NULL,NULL),(136,'Google',14,'Varad Vattamwar','Residential','2025-04-16','Trupti Desai','Pest Control Service','Cockroach Management',8390920105,8390920105,'sales@sevafacility.com','Tathawade','','Pune','NotInterested','2025-04-16',5,'Maharashtra',NULL,NULL,NULL,1,NULL,NULL,NULL),(137,'Google',14,'Ganesh Gund','Residential','2025-04-17','Trupti Desai','Pest Control Service','Bed Bugs Management',9890015139,9890015139,'sales@sevafacility.com','','','Pune','Cold','2025-04-17',3,'Maharashtra',NULL,NULL,NULL,1,NULL,NULL,NULL),(138,'Google',14,'Aditya Dalavi','Residential','2025-04-17','Trupti Desai','Pest Control Service','Bed Bugs Management',9307344566,9307344566,'sales@sevafacility.com','Akurdi','','Pune','Hot','2025-04-17',0,'Maharashtra',NULL,NULL,NULL,1,NULL,NULL,NULL),(139,'Google',4,'Divya Dusane','Residential','2025-04-17','SS','Pest Control','Cockroach management',7798231009,7798231009,'sales@sevafacility.com','PCMC','','Pune','Warm','2025-04-23',5,'Maharashtra',NULL,NULL,NULL,1,NULL,NULL,NULL),(140,'Indianmart',NULL,'EDS Technologies Pvt. Ltd.','Industrial / Commercial','2025-04-17','Trupti Desai','Pest Control Service','Pest Control Service',9730069577,9730069577,'sales@sevafacility.com','Baner','','Pune','Cold','2025-04-17',1,'Maharashtra',NULL,NULL,NULL,1,29,NULL,NULL),(141,'Google',14,'Atharv Raut','Residential','2025-04-17','Trupti Desai','Pest Control Service','Bed Bugs Management',9511228622,9511228622,'sales@sevafacility.com','Somvar Peth, Pune','','Pune','Hot','2025-04-17',0,'Maharashtra',NULL,NULL,NULL,1,NULL,NULL,NULL),(142,'Others',14,'Santosh Patil','Residential','2025-04-18','Trupti Desai','Pest Control Service','Cockroach Management',8483861743,8483861743,'sales@sevafacility.com','Aadarsh Nagar, Pune','','Pune','Cold','2025-04-18',5,'Maharashtra',NULL,NULL,NULL,1,NULL,NULL,NULL),(143,'Google',4,'Pradiip Sv','Residential','2025-04-23','SS','Pest Control','Cockroach management',9623349071,9623349071,'sales@sevafacility.com','Punawale','https://maps.app.goo.gl/dviLyjN86FRmFQZS8','Pune','Warm','2025-04-23',5,'Maharashtra',NULL,NULL,NULL,1,NULL,NULL,NULL),(144,'Google',14,'Arvind','Residential','2025-04-23','Trupti Desai','Pest Control Service','Beehive Management',9284548094,9284548094,'sales@sevafacility.com','Society Office, Gera\'s Isle Royale, Near Ind Search, Bavdhan, Pune 411021','','Pune','Hot','2025-04-23',0,'Maharashtra',NULL,NULL,NULL,1,NULL,NULL,NULL),(145,'Google',4,'Rupali Dhene','Residential','2025-04-23','SS','Pest Control','Bed Bug Management',7448061887,7448061887,'sales@sevafacility.com','Pimpri','','Pune','Warm','2025-04-08',5,'Maharashtra',NULL,NULL,NULL,1,NULL,NULL,NULL),(146,'Google',4,'Aniket Mahajan','Residential','2025-04-03','SS','Pest Control','Cockroach management',9890916472,9890916472,'sales@sevafacility.com','Pune','','Pune','NotInterested','2025-04-03',5,'Maharashtra',NULL,NULL,NULL,1,NULL,NULL,NULL),(147,'Google',3,'Sandip Tiwari','Residential','2025-04-23','Jyoti Hule','Pest Control','Cockroach Management Service',9503677420,9503677420,'sales@sevafacility.com','Punawale','https://maps.app.goo.gl/zDsRrdERgKmMB6AZ9','Pune','Not Interested','2025-04-24',0,'Maharashtra',NULL,NULL,NULL,1,NULL,NULL,NULL),(148,'Google',4,'Rajat Gurjar','Residential','2025-04-24','SS','Pest Control','Cockroach management',8871510650,8871510650,'sales@sevafacility.com','Hinjewadi','','','Hot','2025-04-24',5,'Maharashtra',NULL,NULL,NULL,1,NULL,NULL,NULL),(149,'Google',4,'Rajat Gurjar','Residential','2025-04-24','SS','Pest Control','Cockroach management',8871510650,8871510650,'sales@sevafacility.com','Hinjewadi','','Pune','Hot','2025-04-24',2,'Maharashtra',NULL,NULL,NULL,1,NULL,NULL,NULL),(150,'Google',4,'Rajat Gurjar','Residential','2025-04-24','SS','Pest Control','Cockroach management',8871510650,8871510650,'sales@sevafacility.com','Hinjewadi','https://maps.app.goo.gl/suwQTgJSDFBFkFTZ6','Pune','Hot','2025-04-24',1,'Maharashtra',NULL,NULL,NULL,1,NULL,NULL,NULL),(151,'Google',4,'Nehal Kasliwal','Residential','2025-04-25','SS','Pest Control','Cockroach management',8087008091,8087008091,'sales@sevafacility.com','Koregaon Park, Pune, Maharashtra','https://maps.app.goo.gl/GxpGbj6LfyBYbSu58','Pune','Warm','2025-04-25',1,'Maharashtra',NULL,NULL,NULL,1,NULL,NULL,NULL),(152,'Employee Reference',14,'Mayuri Shingi','Residential','2025-04-23','Trupti Desai','Pest Control Service','Cockroach Management',8329296365,8329296365,'sales@sevafacility.com','Flat No. 205, Phase 1, Aakash Raaj Co-operative Housing Society, Beside Hotel Urban Gateway, Ravet.','','Pune','Hot','2025-04-22',1,'Maharashtra',NULL,NULL,NULL,1,NULL,NULL,NULL),(153,'Customer Reference',14,'Prashant Gopale','Residential','2025-04-22','Trupti Desai','Pest Control Service','Bed Bugs Management',8149607977,8149607977,'sales@sevafacility.com','Sai mandir, Shirgaon Maval, Pune','','Pune','Hot','2025-04-24',1,'Maharashtra',NULL,NULL,NULL,1,NULL,NULL,NULL),(154,'Customer Reference',14,'Shobha Gopale','Residential','2025-04-25','Trupti Desai','Pest Control Service','Cockroach Management',9921674326,9921674326,'sales@sevafacility.com','Sai Mandir, Shirgaon Maval, Pune','','Pune','Hot','2025-04-25',1,'Maharashtra',NULL,NULL,NULL,1,NULL,NULL,NULL),(155,'Google',3,'Sanket Banginwar','Residential','2025-04-25','Jyoti Hule','Pest Control','Cockroach Management Service',8149873153,8149873153,'sales@sevafacility.com','Ravet','https://maps.app.goo.gl/poxJrYCnLHsqkbMEA','Pune','Not Interested','2025-04-26',0,'Maharashtra',NULL,NULL,NULL,1,NULL,NULL,NULL),(156,'Google',3,'Vishal Borhade','Residential','2025-04-26','Jyoti Hule','Pest Control','Cockroach Management Service',9766141104,9766141104,'sales@sevafacility.com','Ravet Kiwale','https://maps.app.goo.gl/otfNNYz63GSJnT87A','Pune','Not Interested','2025-04-26',0,'Maharashtra',NULL,NULL,NULL,1,NULL,NULL,NULL),(157,'Google',3,'Salil Khapekar','Residential','2025-04-24','Jyoti Hule','Pest Control','Cockroach Management Service',9922503370,9922503370,'sales@sevafacility.com','Ravet','https://maps.app.goo.gl/2d1WiPyQk9vy8Neh8','Pune','Not Interested','2025-04-26',0,'Maharashtra',NULL,NULL,NULL,1,NULL,NULL,NULL),(158,'Google',3,'Nikita Shrodkar','Residential','2025-04-25','Jyoti Hule','Pest Control','Cockroach Management Service',7588331042,7588331042,'sales@sevafacility.com','Punawale','https://maps.app.goo.gl/Q1uinB2XcpKuPbM2A','Pune','Hot','2025-04-26',0,'Maharashtra',NULL,NULL,NULL,1,NULL,NULL,NULL),(159,'Google',14,'Sanjay S. Mahajan','Residential','2025-04-26','Trupti Desai','Pest Control Service','Bed Bugs Management',9011062527,9011062527,'sales@sevafacility.com','flat no -8, Nachiket Apt, survey no 149, lane 26 A, Shiv Chhatrapati colony, Ganesh Nagar, Dhayari, Pune 411041','','Pune','Hot','2025-04-26',1,'Maharashtra',NULL,NULL,NULL,1,NULL,NULL,NULL),(160,'Google',4,'Rohit R Patil','Residential','2025-04-25','SS','Pest Control','Bed Bug Management',7057720202,7057720202,'sales@sevafacility.com','Ravet','','Pune','Warm','2025-04-26',2,'Maharashtra',NULL,NULL,NULL,1,NULL,NULL,NULL),(161,'Google',4,'Shreyash Bhosale','Residential','2025-04-26','SS','Pest Control','Bed Bug Management',9370418032,9370418032,'sales@sevafacility.com','Pimpri Chichwad','','Pune','Warm','2025-04-26',2,'Maharashtra',NULL,NULL,NULL,1,NULL,NULL,NULL),(162,'Google',4,'Shivani Ayagole','Residential','2025-04-26','SS','Pest Control','Cockroach management',9763017614,9763017614,'sales@sevafacility.com','Vadgaon','','Pune','Warm','2025-04-26',1,'Maharashtra',NULL,NULL,NULL,1,NULL,NULL,NULL),(163,'Google',14,'Ritesh M','Residential','2025-05-05','Trupti Desai','Pest Control Service','Cockroach Management',9404414848,9404414848,'sales@sevafacility.com','Hinjewadi','NULL','Pune','Hot','2025-05-05',1,'Maharashtra',NULL,NULL,NULL,1,NULL,NULL,NULL),(164,'Google',14,'Ameya Saraf','Residential','2025-06-26','Trupti Desai','Pest Control Service','Cockroach Management',8087188080,8087188080,'sales@sevafacility.com','Punawale','','Pune','Not Interested','2025-06-26',0,'Maharashtra',NULL,NULL,NULL,1,NULL,NULL,NULL),(165,'Google',14,'Ameya Saraf','Residential','2025-05-06','Trupti Desai','Pest Control Service','Cockroach Management',8087188080,8087188080,'sales@sevafacility.com','Punawale','NULL','Pune','Hot','2025-05-01',0,'Maharashtra',NULL,NULL,NULL,1,NULL,NULL,NULL),(166,'Others',NULL,'Parag Shah','Residential','2025-05-06','Hiraman Rathod','Pest Control Service','Cockroach Management',9028588168,9028588168,'sales@sevafacility.com','Nigadi','NULL','Pune','Hot','2025-05-01',1,'Maharashtra',NULL,NULL,NULL,1,25,NULL,NULL),(167,'Google',14,'Savita Pachpute','Residential','2025-05-06','Trupti Desai','Pest Control Service','Cockroach Management',9637891616,9637891616,'sales@sevafacility.com','Chakan','NULL','Pune','Cold','2025-05-02',4,'Maharashtra',NULL,NULL,NULL,1,NULL,NULL,NULL),(168,'Google',NULL,'KOMAL PACKAGING','Industrial / Commercial','2025-07-02','Yogesh Pawar','Pest Control','Rodent Management Service',8668812198,8668812198,'vicepresident.operations@komalpackaging.net','Plot no- 3037, Sonale, Sonale Village, Gholgaon, Bhiwandi, Maharashtra 421302','https://maps.app.goo.gl/wGUhoQwk9WCSCudM7','Bhiwandi','Hot','2025-07-02',0,'Maharashtra',NULL,NULL,NULL,5,32,NULL,NULL),(169,'Google',14,'RP Laxmi Narayan Industries','Residential','2025-05-06','Trupti Desai','Product sale','Fly Catcher machine',7972040149,7972040149,'sales@sevafacility.com','Hadapsar','NULL','Pune','Cold','2025-05-02',1,'Maharashtra',NULL,NULL,NULL,1,NULL,NULL,NULL),(170,'Google',14,'Anshuman Pati','Residential','2025-05-06','Trupti Desai','Pest Control Service','Pest Control Service',7022922390,7022922390,'sales@sevafacility.com','Wakad','NULL','Pune','Hot','2025-05-05',0,'Maharashtra',NULL,NULL,NULL,1,NULL,NULL,NULL),(171,'Google',14,'Vikasini','Residential','2025-05-05','Trupti Desai','Pest Control Service','Cockroach Management',9657126735,9657126735,'sales@sevafacility.com','Ravet','NULL','Pune','Hot','2025-05-03',1,'Maharashtra',NULL,NULL,NULL,1,NULL,NULL,NULL),(172,'Google',3,'Asha Singh','Residential','2025-05-06','Jyoti Hule','Pest Control','Cockroach Management Service',7745014181,7745014181,'sales@sevafacility.com','PCMC','https://maps.app.goo.gl/MP5t3xqhi7z8TeNB6','Pune','Not Interested','2025-05-07',0,'Maharashtra',NULL,NULL,NULL,1,NULL,NULL,NULL),(173,'Google',14,'Gaurav Gite','Residential','2025-05-05','Trupti Desai','Pest Control Service','Cockroach Management',9004925550,9004925550,'sales@sevafacility.com','Ravet','NULL','Pune','Hot','2025-05-01',1,'Maharashtra',NULL,NULL,NULL,1,NULL,NULL,NULL),(174,'Google',3,'Pranab Mitra','Residential','2025-05-06','Jyoti Hule','Pest Control','Bedbug Management Service',8709888306,8709888306,'sales@sevafacility.com','PCMC','https://maps.app.goo.gl/MP5t3xqhi7z8TeNB6','Pune','Not Interested','2025-05-07',0,'Maharashtra',NULL,NULL,NULL,1,NULL,NULL,NULL),(175,'Google',14,'Shraddha Kamble','Residential','2025-05-05','Trupti Desai','Pest Control Service','Bed Bugs Management',9823932164,9823932164,'sales@sevafacility.com','Chinchwad','NULL','Pune','Hot','2025-05-03',3,'Maharashtra',NULL,NULL,NULL,1,NULL,NULL,NULL),(176,'Google',14,'Pravin Pawar','Residential','2025-05-05','Trupti Desai','Pest Control Service','Cockroach Management',7875846805,7875846805,'sales@sevafacility.com','Punawale','NULL','Pune','Hot','2025-05-03',5,'Maharashtra',NULL,NULL,NULL,1,NULL,NULL,NULL),(177,'Google',14,'Ganesh Bavasar','Residential','2025-05-06','Trupti Desai','Pest Control Service','Cockroach Management',8237081110,8237081110,'sales@sevafacility.com','Chinchwad','NULL','Pune','Cold','2025-05-03',3,'Maharashtra',NULL,NULL,NULL,1,NULL,NULL,NULL),(178,'Google',14,'Nitin Shelar','Residential','2025-05-06','Trupti Desai','Pest Control Service','Bed Bugs Management',9763526478,9763526478,'sales@sevafacility.com','Nigadi','NULL','Pune','Warm','2025-05-03',4,'Maharashtra',NULL,NULL,NULL,1,NULL,NULL,NULL),(179,'Google',14,'Sanju Nair','Residential','2025-05-05','Trupti Desai','Pest Control Service','Cockroach Management',7972118757,7972118757,'sales@sevafacility.com','Chinchwad','NULL','Pune','Cold','2025-05-01',1,'Maharashtra',NULL,NULL,NULL,1,NULL,NULL,NULL),(180,'Google',NULL,'Munesh Karanjikar','Residential','2025-05-07','Yogesh Pawar','Pest Control','Cockroach Management',9665441555,9665441555,'mumbai.branch@Sevafacility.com','Flat no 203, 15-B, Ashok Nagar Bhiwandi','https://maps.app.goo.gl/XG6WR9a3eLtScwb39','Bhiwandi','Hot','2025-05-01',5,'Maharashtra',NULL,NULL,NULL,5,32,NULL,NULL),(181,'Google',NULL,'Pramitee Engineering And Surveys Pvt Ltd','Industrial / Commercial','2025-05-07','Yogesh Pawar','Pest Control','Bed Bugs Management',9648928884,8928097331,'accounts2@pramitee.com','Kharbav Station Bhiwandi','https://maps.app.goo.gl/t9nzdcs5yrFDbvF7A','Bhiwandi, Mumbai','Hot','2025-05-02',5,'Maharashtra',NULL,NULL,NULL,5,32,NULL,NULL),(182,'Google',14,'Biju M Baby','Residential','2025-05-06','Trupti Desai','Pest Control Service','Cockroach Management',9765396265,9765396265,'sales@sevafacility.com','Flat no. 501Janaki crystalVikas nagarDehuroad','NULL','Pune','Hot','2025-05-04',1,'Maharashtra',NULL,NULL,NULL,1,NULL,NULL,NULL),(183,'Google',NULL,'himali Nemade','Residential','2025-05-07','Yogesh Pawar','Pest Control','Cockroach Management',7507936994,7507936994,'mumbai.branch@Sevafacility.com','ulhasnagar','https://maps.app.goo.gl/uVPDocqpLmnAvgaFA','Kalyan','Cold','2025-05-02',3,'Maharashtra',NULL,NULL,NULL,5,32,NULL,NULL),(184,'Indianmart',NULL,'MR ratnadeep karamkar','Industrial / Commercial','2025-05-10','kisan mankar','fumigation','stack fumigation',9325583260,9325583260,'arthpurtipatsansta@gmail.com','jintur midc','https://maps.app.goo.gl/phbHSbhe71xnoNbn8?g_st=am','parbhani','Warm','2025-05-10',4,'Maharashtra',NULL,NULL,NULL,NULL,40,NULL,NULL),(185,'Google',NULL,'Sanjay paden','Residential','2025-05-06','kisan mankar','pest management','Bedbugs  managment',8600542295,8600542295,'amravati.sevafacility@gmail.com','Mahadevkhori yashodha nagar road amravati','https://maps.app.goo.gl/wPQrBs9LLaZdfr1FA?g_st=am','amravati','Hot','2025-05-06',3,'Maharashtra',NULL,NULL,NULL,4,40,NULL,NULL),(186,'Google',NULL,'part gaikwad','Residential','2025-05-06','kisan mankar','pest management','termite managmnet',7218046496,7218046496,'amravati.sevafacility@gmail.com','sai nagar','https://maps.app.goo.gl/KagySNTS3rJRpGNS9?g_st=am','amravati','Hot','2025-05-06',1,'Maharashtra',NULL,NULL,NULL,4,40,NULL,NULL),(187,'Google',NULL,'Nikhil Gupta','Industrial / Commercial','2025-05-08','Rajesh Joshi','Pest Control','Cockroach Management',9806370340,9806370340,'indore.branch@sevafacility.com','Geeta Bhawan','NULL','Indore','Warm','2025-05-01',1,'Maharashtra',NULL,NULL,NULL,8,30,NULL,NULL),(188,'Google',NULL,'Sarij Shrivastava','Residential','2025-05-08','Rajesh Joshi','Pest Control','Cockroach Management',9926660289,9926660289,'indore.branch@sevafacility.com','Bombay Hospital','NULL','Indore','Warm','2025-05-01',1,'Maharashtra',NULL,NULL,NULL,8,30,NULL,NULL),(189,'Google',NULL,'Ankit Tiwari','Residential','2025-05-08','Rajesh Joshi','Pest Control','Cockroach Management',9977997784,9977997784,'indore.branch@sevafacility.com','Ab Road By Pass','NULL','Indore','Warm','2025-05-05',1,'Maharashtra',NULL,NULL,NULL,8,30,NULL,NULL),(190,'Google',NULL,'Tushar','Residential','2025-05-08','Rajesh Joshi','Pest Control','Mosquito Management',6264389558,6264389558,'indore.branch@sevafacility.com','Talawali Chanda','NULL','Indore','Warm','2025-05-05',1,'Maharashtra',NULL,NULL,NULL,8,30,NULL,NULL),(191,'Indianmart',NULL,'Pranjal','Residential','2025-05-08','Rajesh Joshi','Pest Control','Lizard Management',9691657523,9691657523,'indore.branch@sevafacility.com','Dewas Naka','NULL','Indore','Warm','2025-05-07',1,'Maharashtra',NULL,NULL,NULL,8,30,NULL,NULL),(192,'Google',NULL,'Vedant Jain','Residential','2025-05-08','Rajesh Joshi','Pest Control','Cockroach Management',9131752162,9131752162,'indore.branch@sevafacility.com','Aurovindo Hospital','NULL','Indore','Warm','2025-05-08',1,'Maharashtra',NULL,NULL,NULL,8,30,NULL,NULL),(193,'Google',NULL,'Ishanu','Residential','2025-05-08','Rajesh Joshi','Pest Control','Rodent Control',8770659638,8770659638,'indore.branch@sevafacility.com','Nipania','NULL','Indore','Warm','2025-05-08',1,'Maharashtra',NULL,NULL,NULL,8,30,NULL,NULL),(194,'Google',NULL,'Ashish','Residential','2025-05-08','Rajesh Joshi','Pest Control','Cockroach Management',8818888730,8818888730,'indore.branch@sevafacility.com','Royal Amar Green, 804, H Block Niranjanpur','NULL','Indore','Hot','2025-05-08',1,'Maharashtra',NULL,NULL,NULL,8,30,NULL,NULL),(195,'Google',NULL,'Neha kamdar','Residential','2025-05-09','Kisan mankar','Pest management','Termite management',9370112295,9370112295,'amravati.branch@sevafacility.com','Shankar nagar','https://maps.app.goo.gl/hyAdrAxCmwkpnoML9?g_st=awb','Amravati','Hot','2025-05-09',1,'Maharashtra',NULL,NULL,NULL,4,40,NULL,NULL),(196,'Google',3,'Vijay Chaudhari','Residential','2025-05-09','Jyoti Hule','Pest Control','Cockroach Management Service',8108553350,8108553350,'sales@sevafacility.com','Punawale','https://maps.app.goo.gl/GGtVfVrPwJkRpwjX9','Pune','Not Interested','2025-05-10',0,'Maharashtra',NULL,NULL,NULL,1,NULL,NULL,NULL),(197,'Google',3,'Pravin Gawade','Residential','2025-05-09','Jyoti Hule','Pest Control','Cockroach Management Service',9594061172,9594061172,'','Ravet','https://maps.app.goo.gl/58bC1yY8jTpxoPat9','Pune','Loss of Order','2025-05-09',0,'Maharashtra',NULL,NULL,NULL,1,NULL,NULL,NULL),(198,'Google',NULL,'Chandrakant bhubhure','Residential','2025-05-10','Kisan mankar','Pest management','Termite management',8446138021,8446138021,'amravati.branch@sevafacility.com','Daterao layout behind Manohar mangalore karyalay','https://maps.app.goo.gl/hyAdrAxCmwkpnoML9?g_st=awb','Amravati','Hot','2025-05-10',1,'Maharashtra',NULL,NULL,NULL,4,40,NULL,NULL),(199,'Google',NULL,'Latur co op bank ltd','Industrial / Commercial','2025-05-10',',','Pest management','Prophylactic treatment',9930046487,9930046487,'amravati.branch@sevafacility.com','Prabhat chowk old tahsil road Amravati','https://maps.app.goo.gl/T65WXckguijVX3hS7?g_st=awb','Amravati','Hot','2025-05-10',1,'Maharashtra',NULL,NULL,NULL,4,40,NULL,NULL),(200,'Google',14,'Tabs Dsouza','Residential','2025-05-09','Trupti Desai','Pest Control Service','Cockroach Management',9860220902,9860220902,'sales@sevafacility.com','Gahunje','NULL','Pune','Cold','2025-05-06',1,'Maharashtra',NULL,NULL,NULL,1,NULL,NULL,NULL),(201,'Google',14,'Vaibhav Naikwade','Residential','2025-05-09','Trupti Desai','Pest Control Service','Cockroach Management',8087903531,8087903531,'sales@sevafacility.com','Punawale','NULL','Pune','Cold','2025-05-05',1,'Maharashtra',NULL,NULL,NULL,1,NULL,NULL,NULL),(202,'Google',14,'Vaishali Belgude','Residential','2025-05-09','Trupti Desai','Pest Control Service','Bed Bugs Management',9850625864,9850625864,'','Narayan Peth, Pune','NULL','Pune','NotInterested','2025-05-06',1,'Maharashtra',NULL,NULL,NULL,1,NULL,NULL,NULL),(203,'Customer Reference',14,'Nyati Evania','Industrial / Commercial','2025-05-09','Trupti Desai','Pest Control Service','Beehive Management',8459893958,8459893958,'sales@sevafacility.com','Sadashiv Peth, Pune','NULL','Pune','Hot','2025-05-07',0,'Maharashtra',NULL,NULL,NULL,1,NULL,NULL,NULL),(204,'Others',NULL,'Harsh','Residential','2025-05-10','Trupti Desai','Pest Control Service','Bed Bugs Management',9158947747,9158947747,'sales@sevafacility.com','Flat no.5, first floor, B wing, Sidharth Complex , kashinath patil Nagar ,Shankar Maharaj Math, Dhankawadi Pune-411043','NULL','Pune','Hot','2025-05-10',1,'Maharashtra',NULL,NULL,NULL,1,25,NULL,NULL),(205,'Google',14,'Vidya Ramesh','Residential','2025-05-09','Trupti Desai','Pest Control Service','Cockroach Management',9766558970,9766558970,'sales@sevafacility.com','Dehuroad, Pune','NULL','Pune','Warm','2025-05-08',4,'Maharashtra',NULL,NULL,NULL,1,NULL,NULL,NULL),(206,'Google',14,'Pragya Singha','Residential','2025-05-08','Trupti Desai','Pest Control Service','Beehive Management',7023564958,7023564958,'sales@sevafacility.com','Hinjewadi','','Pune','NotInterested','2025-05-10',2,'Maharashtra',NULL,NULL,NULL,1,NULL,NULL,NULL),(207,'Google',14,'Angel Singha','Residential','2025-05-09','Trupti Desai','Pest Control Service','Cockroach Management',7391985963,7391985963,'sales@sevafacility.com','Ravet','NULL','Pune','Hot','2025-05-09',0,'Maharashtra',NULL,NULL,NULL,1,NULL,NULL,NULL),(208,'Google',14,'Deepak Ram','Residential','2025-05-09','Trupti Desai','Pest Control Service','Bed Bugs Management',9172211092,9172211092,'sales@sevafacility.com','Chikhali, Pune','NULL','Pune','Cold','2025-05-09',5,'Maharashtra',NULL,NULL,NULL,1,NULL,NULL,NULL),(209,'Others',3,'Gayatri Kalelkar','Residential','2025-05-10','Jyoti Hule','Pest Control','Cockroach Management Service',8805025963,8805025963,'','Ravet','NULL','Pune','Not Interested','2025-05-10',0,'Maharashtra',NULL,NULL,NULL,1,NULL,NULL,NULL),(210,'Google',NULL,'Latur co op bank ltd','Industrial / Commercial','2025-05-10','Kisan mankar','Pest management','Prophylactic treatment',9930046487,9930046487,'amravati.branch@sevafacility.com','Prabhat chowk old tahsil road Amravati','https://maps.app.goo.gl/T65WXckguijVX3hS7?g_st=awb','Amravati','Hot','2025-05-10',1,'Maharashtra',NULL,NULL,NULL,4,40,NULL,NULL),(211,'Google',NULL,'Dhiraj chauhan','Residential','2025-05-10','Kisan mankar','Pest management','Cockroach management',7972353063,7972353063,'amravati.branch@sevafacility.com','Telai Mangal karyalay Geeta apartment  arjun nagar','https://maps.app.goo.gl/1T5pdWoyoSU5SgxB8?g_st=awb','Amravati','Hot','2025-05-10',1,'Maharashtra',NULL,NULL,NULL,4,40,NULL,NULL),(212,'Google',NULL,'Ram jadhav','Residential','2025-05-10','Kisan mankar','Pest management','Bedbug  management',9022302756,9022302756,'amravati.branch@sevafacility.com','Amravati','https://maps.app.goo.gl/hyAdrAxCmwkpnoML9?g_st=awb','Amravati','Cold','2025-05-10',1,'Maharashtra',NULL,NULL,NULL,4,40,NULL,NULL),(213,'Google',NULL,'Siddharth Gosavi','Residential','2025-05-13','Jyoti','Pest control','CM',9423558076,9423558076,'','Besa','NULL','Nagpur','Warm','2025-05-09',1,'Maharashtra',NULL,NULL,NULL,9,13,NULL,NULL),(214,'Google',NULL,'Smeeta Ghiye','Residential','2025-05-13','Sumona','Pest control','CM',9579846294,9579846294,'','Ladekar layout, Manewada','NULL','Nagpur','Warm','2025-05-10',1,'Maharashtra',NULL,NULL,NULL,9,13,NULL,NULL),(215,'Google',NULL,'Sachin Chandekar','Residential','2025-05-14','Jyoti','Pest control','Termite',8149770553,8149770553,'','Belatrodi','NULL','Nagpur','Warm','2025-05-10',1,'Maharashtra',NULL,NULL,NULL,9,13,NULL,NULL),(216,'Google',NULL,'Sachin Tarare','Residential','2025-05-14','Trupti','Pest control','CM',8177807296,8177807296,'','Flat No. 501, 5th floor, Monarch Heights, New Manish Nagar,','NULL','n','Hot','2025-04-04',1,'Maharashtra',NULL,NULL,NULL,NULL,13,NULL,NULL),(217,'Google',NULL,'Avinash Mohore','Residential','2025-05-14','Sumona','Pest control','CM',9421252279,9421252279,'','Plot No. 32, Jaydurga Society, Manish Nagar','NULL','Nagpur','Hot','2025-04-10',1,'Maharashtra',NULL,NULL,NULL,9,13,NULL,NULL),(218,'Google',NULL,'Sontakke','Residential','2025-05-13','Trupti','Pest control','CM',9765606999,9765606999,'','Dhantoli','NULL','Nagpur','Cold','2025-04-11',1,'Maharashtra',NULL,NULL,NULL,9,13,NULL,NULL),(219,'Google',NULL,'Siddhant Phadke','Residential','2025-05-14','Jyoti','Pest control','CM',9370201723,9370201723,'','Khamla','NULL','Nagpur','Warm','2025-04-12',1,'Maharashtra',NULL,NULL,NULL,9,13,NULL,NULL),(220,'Google',NULL,'Akshay Dhule','Residential','2025-05-14','Jyoti','Pest control','AM',9518320537,9518320537,'','Hudkeshwar','NULL','Nagpur','Cold','2025-04-12',1,'Maharashtra',NULL,NULL,NULL,9,13,NULL,NULL),(221,'Google',NULL,'Aarti Jangid','Residential','2025-05-14','Sumona','Pest control','CM',7276177574,7276177574,'','Dighori','NULL','Nagpur','Cold','2025-04-14',2,'Maharashtra',NULL,NULL,NULL,9,13,NULL,NULL),(222,'Google',NULL,'Ravi Maske','Residential','2025-05-14','Trupti','Pest control','CM',9960406552,9960406552,'','Jaitala','NULL','Nagpur','Cold','2025-04-17',1,'Maharashtra',NULL,NULL,NULL,9,13,NULL,NULL),(223,'Google',NULL,'Sarla Chimote','Residential','2025-05-14','Himanshu','Pest control','CM',7262953687,7262953687,'','Flat No. 302, 1 wing, Shewalkar garden, Near VNIT college','NULL','Nagpur','Hot','2025-04-23',1,'Maharashtra',NULL,NULL,NULL,9,13,NULL,NULL),(224,'Google',NULL,'Vimal Ingalkar','Residential','2025-05-14','Sumona','Pest control','CM',9423710625,9423710625,'','Shreehari Nagar No. 1, Manewada','NULL','Nagpur','Hot','2025-04-24',1,'Maharashtra',NULL,NULL,NULL,9,13,NULL,NULL),(225,'Google',NULL,'Aarav Belkhade','Residential','2025-05-14','Jyoti','Pest control','CM',9594600100,9594600100,'','Indora','NULL','Nagpur','Warm','2025-04-28',2,'Maharashtra',NULL,NULL,NULL,9,13,NULL,NULL),(226,'Google',3,'Rahul Yadav','Residential','2025-05-16','Jyoti Hule','Pest Control','Cockroach Management Service',9004879479,9004879479,'sales@sevafacility.com','C1001 Twin Arcs, Society , Mumbai Bangalore Highway, near Bharat petroleum, punawale','https://maps.app.goo.gl/TCMk6eU8RP9oqmkbA','Pune','Hot','2025-05-17',0,'Maharashtra',NULL,NULL,NULL,1,NULL,NULL,NULL),(227,'Others',14,'Saurav Mujumdar','Residential','2025-05-17','Trupti Desai','Pest Control Service','Cockroach Management',7093005442,7093005442,'sales@sevafacility.com','Ravet','https://maps.app.goo.gl/CK3PGcCHWc5tZGso6','Pune','LossOfOrder','2025-05-17',2,'Maharashtra',NULL,NULL,NULL,1,NULL,NULL,NULL),(228,'Google',3,'Anagha Vishwanathan','Residential','2025-05-07','Jyoti Hule','Pest Control','Cockroach Management Service',7972001628,NULL,'sales@sevafacility.com','Ravet','https://maps.app.goo.gl/U9K1yqL41xnKjrxMA','Pune','Not Interested','2025-05-08',0,'Maharashtra',NULL,NULL,NULL,1,NULL,NULL,NULL),(229,'Google',4,'Amrish Navandar','Residential','2025-05-01','Siman Shaikh','Pest Control','Cockroach Management Service',7588197484,7588197484,'sales@sevafacility.com','Ravet','https://maps.app.goo.gl/swqhNEiwfeXSybTR8','Pune','Loss of Order','2025-05-02',0,'Maharashtra',NULL,NULL,NULL,1,NULL,NULL,NULL),(230,'Google',3,'Vrushali Khurge','Residential','2025-05-12','Jyoti Hule','Pest Control','Cockroach Management Service',9225211005,9225211005,'sales@sevafacility.com','Ravet','https://maps.app.goo.gl/swqhNEiwfeXSybTR8','Pune','Hot','2025-05-13',0,'Maharashtra',NULL,NULL,NULL,1,NULL,NULL,NULL),(231,'Google',4,'Sweeti Singh','Residential','2025-05-08','Siman Shaikh','Pest Control','Cockroach management',7550760679,7550760679,'sales@sevafacility.com','Bhiwandi','https://maps.app.goo.gl/wZ6XwM1g6UkQVftV7','Mumbai','Loss of Order','2025-05-05',0,'Maharashtra',NULL,NULL,NULL,5,NULL,NULL,NULL),(232,'Google',3,'Sourav Mohapatra','Residential','2025-05-14','Jyoti Hule','Pest Control','Cockroach Management Service',7008344756,7008344756,'sales@sevafacility.com','Ravet','https://maps.app.goo.gl/swqhNEiwfeXSybTR8','Pune','Loss of Order','2025-05-15',0,'Maharashtra',NULL,NULL,NULL,1,NULL,NULL,NULL),(233,'Google',4,'Ranjit Yadav','Residential','2025-05-04','Siman Shaikh','Pest Control','Cockroach management',9730329700,9730329700,'sales@sevafacility.com','Pimpari chinchwad','https://maps.app.goo.gl/fLDfs32beN8HHCWv7','Pune','Loss of Order','2025-05-07',0,'Maharashtra',NULL,NULL,NULL,1,NULL,NULL,NULL),(234,'Google',4,'Manoj Pittawar','Residential','2025-05-09','Siman Shaikh','Pest Control','Cockroach management',9028001845,9028001845,'sales@sevafacility.com','PMC','https://maps.app.goo.gl/Aou6rHzyhKHcz4mf6','Pune','Loss of Order','2025-05-10',0,'Maharashtra',NULL,NULL,NULL,1,NULL,NULL,NULL),(235,'Google',4,'Bablu Nikal','Residential','2025-05-09','Siman Shaikh','Pest Control','Cockroach management',8484854576,8484854576,'sales@sevafacility.com','Ravet','https://maps.app.goo.gl/Aou6rHzyhKHcz4mf6','Pune','Loss of Order','2025-05-09',0,'Maharashtra',NULL,NULL,NULL,1,NULL,NULL,NULL),(236,'',4,'Adiwashi samrajya','','2025-07-03','Siman Shaikh','Pest Control','Cockroach management',8793952208,8793952208,'sales@sevafacility.com','Ravet','https://maps.app.goo.gl/a7z289bqiw9PuNiu8','Pune','Loss of Order','2025-07-03',0,'Maharashtra',NULL,NULL,NULL,1,NULL,NULL,NULL),(237,'Google',4,'Manoj Sarwade','Residential','2025-05-12','Siman Shaikh','Pest Control','Cockroach management',9552005050,9552005050,'sales@sevafacility.com','Pimpri Chinchwad','https://maps.app.goo.gl/F7ifeX4rjnAZKEYc7','Pune','Loss of Order','2025-05-14',0,'Maharashtra',NULL,NULL,NULL,1,NULL,NULL,NULL),(238,'Google',4,'Shital Gundage','Residential','2025-05-21','Siman Shaikh','Pest Control','Cockroach management',9021418530,9021418530,'sales@sevafacility.com','Ravet','https://maps.app.goo.gl/Aou6rHzyhKHcz4mf6','Pune','Not Interested','2025-05-22',0,'Maharashtra',NULL,NULL,NULL,1,NULL,NULL,NULL),(239,'Google',4,'Arti','Residential','2025-05-14','Siman Shaikh','Pest Control','Cockroach management',8600604847,8600604847,'sales@sevafacility.com','PCMC','https://maps.app.goo.gl/F7ifeX4rjnAZKEYc7','Pune','Loss of Order','2025-05-16',0,'Maharashtra',NULL,NULL,NULL,1,NULL,NULL,NULL),(240,'Google',4,'H.P','Residential','2025-05-17','Siman Shaikh','Pest Control','Cockroach management',9011120125,9011120125,'sales@sevafacility.com','Ravet','https://maps.app.goo.gl/Aou6rHzyhKHcz4mf6','Pune','Loss of Order','2025-05-19',0,'Maharashtra',NULL,NULL,NULL,1,NULL,NULL,NULL),(241,'Google',4,'Sandeep Panse','Residential','2025-05-20','Siman Shaikh','Pest Control','BBM',7757912463,7757912463,'sales@sevafacility.com','ravet','https://maps.app.goo.gl/Aou6rHzyhKHcz4mf6','Pune','Loss of Order','2025-05-20',0,'Maharashtra',NULL,NULL,NULL,1,NULL,NULL,NULL),(242,'Indianmart',NULL,'Shesh Mani','Residential','2025-05-03','Yogesh Pawar','Product','Rat Guard',9028326213,9028326213,'mumbai.branch@sevafacility.com','Vasai','https://maps.app.goo.gl/t1R3Nrs4svVJdjmBA','Mumbai','NotInterested','2025-05-05',1,'Maharashtra',NULL,NULL,NULL,5,32,NULL,NULL),(243,'Google',NULL,'Rahul Patil','Residential','2025-05-03','Yogesh Pawar','Pest Control','Rodent Management Service',9930534386,9930534386,'mumbai.branch@sevafacility.com','Kalyan','https://maps.app.goo.gl/Ab7jhrQ73j5k25DV6','Mumbai','Cold','2025-05-05',1,'Maharashtra',NULL,NULL,NULL,5,32,NULL,NULL),(244,'Google',NULL,'Nirmala Kothari','Residential','2025-05-04','Yogesh Pawar','Pest Control','Termite And General Pest Control',9503294429,9503294429,'mumbai.branch@sevafacility.com','Kalyan','https://maps.app.goo.gl/Ab7jhrQ73j5k25DV6','Mumbai','LossOfOrder','2025-05-06',1,'Maharashtra',NULL,NULL,NULL,5,32,NULL,NULL),(245,'Google',NULL,'Amit Morya','Residential','2025-05-04','Yogesh Pawar','Pest Control','Termite Management Service',9867708423,9867708423,'mumbai.branch@sevafacility.com','Ambernath','https://maps.app.goo.gl/HYiEonhBqpdTwQFC7','Mumbai','LossOfOrder','2025-05-06',1,'Maharashtra',NULL,NULL,NULL,5,32,NULL,NULL),(246,'Indianmart',NULL,'Madam Chitra','Residential','2025-05-05','Yogesh Pawar','Pest Control','Snake Control Service',9372838767,9372838767,'mumbai.branch@sevafacility.com','Thane','https://maps.app.goo.gl/mr4QKrahXAcPbvss6','Mumbai','LossOfOrder','2025-05-06',1,'Maharashtra',NULL,NULL,NULL,5,32,NULL,NULL),(247,'Google',NULL,'Meet Patel','Residential','2025-05-05','Yogesh Pawar','Pest Control','Cockroach Management Service',9833991200,9833991200,'mumbai.branch@sevafacility.com','Bhiwandi','https://maps.app.goo.gl/J1cAExVaN5WohqVk8','Mumbai','Hot','2025-05-05',1,'Maharashtra',NULL,NULL,NULL,5,32,NULL,NULL),(248,'Google',NULL,'Nubi Ansari','Residential','2025-05-05','Yogesh Pawar','Pest Control','Termite Management Service',8369335448,8369335448,'mumbai.branch@sevafacility.com','Bhiwandi','https://maps.app.goo.gl/J1cAExVaN5WohqVk8','Mumbai','LossOfOrder','2025-05-06',1,'Maharashtra',NULL,NULL,NULL,5,32,NULL,NULL),(249,'Google',NULL,'Rakesh Mali','Residential','2025-05-06','Yogesh Pawar','Pest Control','Wood Borer Treatment',7715078133,7715078133,'mumbai.branch@sevafacility.com','Kalyan','https://maps.app.goo.gl/BnC3cVNeAS6v2vjZ7','Mumbai','Hot','2025-05-06',1,'Maharashtra',NULL,NULL,NULL,5,32,NULL,NULL),(250,'Indianmart',NULL,'Vinesh Vora','Residential','2025-05-07','Yogesh Pawar','Pest Control','Bedbug Management Service',8779695699,8779695699,'mumbai.branch@sevafacility.com','Mulund','https://maps.app.goo.gl/y718NcfWQYxdDaHt6','Mumbai','NotInterested','2025-05-09',1,'Maharashtra',NULL,NULL,NULL,5,32,NULL,NULL),(251,'Google',NULL,'Krishna Yadav','Industrial / Commercial','2025-05-07','Yogesh Pawar','Pest Control','Termite Management Service',9588412367,9588412367,'mumbai.branch@sevafacility.com','Bhiwandi','https://maps.app.goo.gl/J1cAExVaN5WohqVk8','Mumbai','LossOfOrder','2025-05-09',1,'Maharashtra',NULL,NULL,NULL,5,32,NULL,NULL),(252,'Google',NULL,'Mr. K P','Residential','2025-05-07','Yogesh Pawar','Pest Control','Cockroach Management Service',9112156652,9112156652,'mumbai.branch@sevafacility.com','Kalyan','https://maps.app.goo.gl/BnC3cVNeAS6v2vjZ7','Mumbai','LossOfOrder','2025-05-07',1,'Maharashtra',NULL,NULL,NULL,5,32,NULL,NULL),(253,'Google',NULL,'Daksha Patel','Industrial / Commercial','2025-05-07','Yogesh Pawar','Pest Control','Rodent & Cockroach Management Service',7021570756,7021570756,'mumbai.branch@sevafacility.com','Kalyan','https://maps.app.goo.gl/Ab7jhrQ73j5k25DV6','Mumbai','Cold','2025-05-07',1,'Maharashtra',NULL,NULL,NULL,5,32,NULL,NULL),(254,'Google',NULL,'Darshak Ruparel','Residential','2025-05-08','Yogesh Pawar','Pest Control','Termite Management Service',9819850242,9819850242,'mumbai.branch@sevafacility.com','Kalyan','https://maps.app.goo.gl/Ab7jhrQ73j5k25DV6','Mumbai','Cold','2025-05-09',1,'Maharashtra',NULL,NULL,NULL,5,32,NULL,NULL),(255,'Indianmart',NULL,'Mr.Sanjay Sir','Industrial / Commercial','2025-05-08','Yogesh Pawar','Pest Control','Rodent Management Service',9892801556,9892801556,'mumbai.branch@sevafacility.com','Kalyan','https://maps.app.goo.gl/Ab7jhrQ73j5k25DV6','Mumbai','Cold','2025-05-09',1,'Maharashtra',NULL,NULL,NULL,5,32,NULL,NULL),(256,'Google',NULL,'Swapnil Patil','Residential','2025-05-22','Yogesh Pawar','Pest Control','Cockroach & Lizard Management Service',7972300317,7972300317,'mumbai.branch@sevafacility.com','Kalyan','https://maps.app.goo.gl/Ab7jhrQ73j5k25DV6','Mumbai','Hot','2025-05-22',1,'Maharashtra',NULL,NULL,NULL,5,32,NULL,NULL),(257,'Google',NULL,'Atul Vora','Residential','2025-05-18','Yogesh Pawar','Pest Control','Termite Management Service',8446628170,8446628170,'mumbai.branch@sevafacility.com','Bhiwandi','https://maps.app.goo.gl/UGC1AnmJsnvnUngR9','Mumbai','Cold','2025-05-19',1,'Maharashtra',NULL,NULL,NULL,5,32,NULL,NULL),(258,'Google',NULL,'Yash Mogaveer','Residential','2025-05-18','Yogesh Pawar','Pest Control','Bedbug Management Service',9892714083,9892714083,'mumbai.branch@sevafacility.com','Mankoli','https://maps.app.goo.gl/xdjK4RUjt7jMVKKZ7','Mumbai','Hot','2025-05-19',1,'Maharashtra',NULL,NULL,NULL,5,32,NULL,NULL),(259,'Google',NULL,'Lagom Food Labs Private Limited','Industrial / Commercial','2025-05-19','Yogesh Pawar','Pest Control','General Pest  Control Service',9637551114,9637551114,'jayshri@lagominc.com','B4-8, BhumiWorld Industrial Park,Mumbai-NashikHighway, Pimplas, Bhiwandi, 421302.','https://maps.app.goo.gl/onxqdwH4K8GkeVws7','Mumbai','Hot','2025-05-22',0,'Maharashtra',NULL,NULL,NULL,5,32,NULL,NULL),(260,'Google',NULL,'Maharaj','Residential','2025-05-19','Yogesh Pawar','Pest Control','Cockroach Management Service',8766865063,8766865063,'mumbai.branch@sevafacility.com','Bhiwandi','https://maps.app.goo.gl/CtxozM6NThXHa8dU6','Mumbai','Cold','2025-05-20',1,'Maharashtra',NULL,NULL,NULL,5,32,NULL,NULL),(261,'Indianmart',14,'Sneha','Industrial / Commercial','2025-05-22','Trupti Desai','Pest Control Service','Cockroach Management',8767648568,8767648568,'sales@sevafacility.com','Kharadi','https://maps.app.goo.gl/GgUexoPRmiXWaiKk6','Pune','Warm','2025-05-22',2,'Maharashtra',NULL,NULL,NULL,1,NULL,NULL,NULL),(262,'Google',14,'Nilesh Dikhule','Residential','2025-05-22','Trupti Desai','Pest Control Service','Bed Bugs Management',8668455216,8668455216,'sales@sevafacility.com','Sadashiv Peth','https://maps.app.goo.gl/vEt94QxGj37Rb8f28','Pune','Warm','2025-05-23',1,'Maharashtra',NULL,NULL,NULL,1,NULL,NULL,NULL),(263,'Google',14,'Omkar Nanaware','Residential','2025-05-23','Trupti Desai','Pest Control Service','Bed Bugs Management',8855828585,8855828585,'sales@sevafacility.com','Dattawadi, Akurdi, Pune','https://maps.app.goo.gl/fR3LbH1UqrunMUEf8','Pune','Hot','2025-05-23',0,'Maharashtra',NULL,NULL,NULL,1,NULL,NULL,NULL),(265,'Google',14,'Bhaskar Malpe','Residential','2025-05-25','Trupti Desai','Pest Control Service','Bed Bugs Management',9822530647,9822530647,'sales@sevafacility.com','Ravet','https://maps.app.goo.gl/TQa8hz6xRR8kn4ZE7','Pune','Hot','2025-05-25',1,'Maharashtra',NULL,NULL,NULL,1,NULL,NULL,NULL),(266,'Google',14,'Rachana Chouhan','Residential','2025-05-27','Trupti Desai','Pest Control Service','Cockroach Management',9923794616,9923794616,'sales@sevafacility.com','Dehu Road','https://maps.app.goo.gl/Up2BbJ5ZgKMTEkrQ6','Pune','Not Interested','2025-05-27',0,'Maharashtra',NULL,NULL,NULL,1,NULL,NULL,NULL),(267,'Employee Reference',14,'Mahesh Phundkar','Residential','2025-05-27','Trupti Desai','Pest Control Service','Bed Bugs Management',9326548008,9326548008,'sales@sevafacility.com','Kotharud','https://maps.app.goo.gl/iDWGYWmK3R7vV3vp9','Pune','Cold','2025-05-27',1,'Maharashtra',NULL,NULL,NULL,1,NULL,NULL,NULL),(268,'Google',14,'Abhishek Khandelwal','Industrial / Commercial','2025-05-27','Trupti Desai','Product sale','Fly Catcher machine',8668350919,8668350919,'sales@sevafacility.com','Kotharud','https://maps.app.goo.gl/RyqF2auoXmbSbkfF7','Pune','Hot','2025-05-27',0,'Maharashtra',NULL,NULL,NULL,1,NULL,NULL,NULL),(269,'Google',14,'Abhishek Khandelwal','Industrial / Commercial','2025-05-27','Trupti Desai','Product sale','Fly Catcher machine',8668350919,8668350919,'sales@sevafacility.com','Kotharud','https://maps.app.goo.gl/RyqF2auoXmbSbkfF7','Pune','Hot','2025-05-27',0,'Maharashtra',NULL,NULL,NULL,1,NULL,NULL,NULL),(270,'Google',14,'Abhishek Khandelwal','Industrial / Commercial','2025-05-27','Trupti Desai','Product sale','Fly Catcher machine',8668350919,8668350919,'sales@sevafacility.com','Kotharud','https://maps.app.goo.gl/RyqF2auoXmbSbkfF7','Pune','Hot','2025-05-27',0,'Maharashtra',NULL,NULL,NULL,1,NULL,NULL,NULL),(271,'Google',14,'Mukund Baburao Mahalungkar','Residential','2025-05-30','Trupti Desai','Pest Control Service','Cockroach Management',9850597933,9850597933,'sales@sevafacility.com','Bajarpeth Rd, Mahalunge Ingale, Mahalunge, Maharashtra 410501','https://maps.app.goo.gl/9d8nZccmRoKeBGGF7','Pune','Hot','2025-05-30',1,'Maharashtra',NULL,NULL,NULL,1,NULL,NULL,NULL),(272,'Google',14,'Nitin Jadhav','Residential','2025-05-30','Trupti Desai','Pest Control Service','Bed Bugs Management',9600777121,8600777121,'sales@sevafacility.com','B308, 3rd floor, Megsparsh Apartment,  Ambegoan Khurd,400146.','https://maps.app.goo.gl/B2i7VnNutV1p5VLr8','Pune','Hot','2025-05-30',1,'Maharashtra',NULL,NULL,NULL,1,NULL,NULL,NULL),(273,'Indianmart',14,'Nitin Shah','Industrial / Commercial','2025-05-29','Trupti Desai','Product sale','Fly Catcher machine',7038388047,NULL,'sales@sevafacility.com','Sinhgad Road, Pune','NULL','Pune','Warm','2025-05-29',1,'Maharashtra',NULL,NULL,NULL,1,NULL,NULL,NULL),(274,'Google',14,'Vikas Agrawal','Industrial / Commercial','2025-05-31','Trupti Desai','Pest Control Service','Cockroach Management',8058190357,NULL,'sales@sevafacility.com','Tathawade','NULL','Pune','Cold','2025-05-31',1,'Maharashtra',NULL,NULL,NULL,1,NULL,NULL,NULL),(275,'Others',14,'Nayana Kitadikar','Residential','2025-05-31','Trupti Desai','Pest Control Service','Cockroach Management',7709389559,NULL,'sales@sevafacility.com','Tropica, Ravet','NULL','Pune','Hot','2025-05-31',1,'Maharashtra',NULL,NULL,NULL,1,NULL,NULL,NULL),(276,'Google',14,'Somnath Gade','Residential','2025-05-31','Trupti Desai','Pest Control Service','Bed Bugs Management',9923693574,NULL,'sales@sevafacility.com','Alandi Phata, Pune','NULL','Pune','Cold','2025-05-31',1,'Maharashtra',NULL,NULL,NULL,1,NULL,NULL,NULL),(277,'Indianmart',14,'Geeta Ahuja','Industrial / Commercial','2025-05-31','Trupti Desai','Product sale','Mini Fogger Machine',8669308995,NULL,'sales@sevafacility.com','Pune','NULL','Pune','Not Interested','2025-05-31',0,'Maharashtra',NULL,NULL,NULL,1,NULL,NULL,NULL),(278,'Google',14,'Naresh sharma','Industrial / Commercial','2025-06-03','Trupti Desai','Pest Control Service','Beehive Management',9890463999,NULL,'sales@sevafacility.com','Nigadi','NULL','Pune','Hot','2025-06-03',0,'Maharashtra',NULL,NULL,NULL,1,NULL,NULL,NULL),(279,'Google',14,'Nitin Jadhav','Residential','2025-05-30','Trupti Desai','Pest Control Service','Bed Bugs Management',8600777121,NULL,'sales@sevafacililty.com','Ambegaon Khurd, Pune','NULL','Pune','Hot','2025-05-30',1,'Maharashtra',NULL,NULL,NULL,1,NULL,NULL,NULL),(280,'Others',14,'Rohit More','Industrial / Commercial','2025-06-04','Trupti Desai','Pest Control Service','Beehive Management',7350808421,NULL,'sales@sevafacility.com','PVPIT college, Bavdhan, Pune','NULL','Pune','Hot','2025-06-04',1,'Maharashtra',NULL,NULL,NULL,1,NULL,NULL,NULL),(281,'Others',14,'Rohit More','Industrial / Commercial','2025-06-04','Trupti Desai','Pest Control Service','Beehive Management',7350808421,NULL,'sales@sevafacility.com','PVPIT college, Bavdhan, Pune','NULL','Pune','Hot','2025-06-04',1,'Maharashtra',NULL,NULL,NULL,1,NULL,NULL,NULL),(282,'Indianmart',14,'test test','Irrelevant Lead','2025-06-07','test','test','test',1234567890,NULL,'test@gmail.com','test','','Deogarh','NotInterested','2025-06-08',1,'Odisha',NULL,NULL,NULL,NULL,NULL,NULL,NULL),(284,'Indianmart',20,'test test','Irrelevant Lead','2025-06-18','test','test','test',1234567890,1122334455,'test@gmail.com','pune','https://maps.app.goo.gl/DWsR2cpfCbb9CQbo6','Pune','Hot','2025-06-20',1,'Maharashtra',NULL,NULL,NULL,NULL,NULL,NULL,NULL),(285,'Google',3,'Akshay Chidrawar','Residential','2025-06-19','Jyoti Hule','Pest Control','Cockroach Management Service',9545110341,NULL,'sales@sevafacility.com','A402 Stellar Rhythmm, Wakad','https://maps.app.goo.gl/c57hzCumBEMsofbJ6','Pune','Hot','2025-06-19',0,'Maharashtra',NULL,NULL,NULL,1,NULL,NULL,NULL),(286,'Google',14,'Dhruv Patil','Residential','2025-06-20','Trupti Desai','Pest Control Service','Bed Bugs Management',9313163320,NULL,'sales@gamail.com','Ravet','','Pune','Hot','2025-06-19',0,'Maharashtra',NULL,NULL,NULL,1,NULL,NULL,NULL),(287,'Google',14,'Pankaj Pandurang Patil ','Residential','2025-06-20','Trupti Desai','Pest Control Service','Cockroach Management',8850544253,NULL,'sales@sevafacility.com','103, Vaishnavi Homes, B wing , near sarkar chowk Marunji pune','','Pune','Hot','2025-06-21',0,'Maharashtra',NULL,NULL,NULL,1,NULL,NULL,NULL),(288,'Google',14,'Anil Vaidya','Residential','2025-06-26','Trupti Desai','Pest Control Service','Cockroach Management',9987128731,NULL,'sales@sevafacility.com','53, Govind Smruti\r\nShailesh Society\r\nOff Samarth Path\r\nNear Alankar Police Chowky\r\nPune 411052','','Pune','Hot','2025-07-07',0,'Maharashtra',NULL,NULL,NULL,1,NULL,NULL,NULL),(289,'Google',4,'Unmesh Shastri','Residential','2025-06-24','Siman Shaikh','Pest Control','Cockroach management',8308824157,8308824157,'sales@sevafacility.com','C-1101, Nano Spaces , Ravet, Near hanging bridge.','https://maps.app.goo.gl/vtWqoxQ4s93iZtVv5','Pune','Hot','2025-06-24',0,'Maharashtra',NULL,NULL,NULL,1,NULL,NULL,NULL),(290,'Google',14,'Greensave Evolutions PvtLtd.','Industrial / Commercial','2025-06-25','Rahul Chhetri','Fumigation','Fumigation Service',9730045245,NULL,'info@greensave.in','606, Brahma Sky Uzuri, Pimpri, Pune-411018','','Pune','Hot','2025-06-25',0,'Maharashtra',NULL,NULL,NULL,1,NULL,NULL,NULL),(291,'Google',14,'Sagar Shah','Residential','2025-06-25','Trupti Desai','Pest Control Service','Cockroach Management',8141583907,NULL,'sales@sevafacility.com','Tathawade','','Pune','Hot','2025-06-23',0,'Maharashtra',NULL,NULL,NULL,1,NULL,NULL,NULL),(292,'Google',14,'Machindra Bhalekar ','Industrial / Commercial','2025-06-30','Trupti Desai','Product sale','Fly Catcher machine',9922774500,NULL,'sales@sevafacility.com','Talegaon','','Pune','Not Interested','2025-06-30',0,'Maharashtra',NULL,NULL,NULL,1,NULL,NULL,NULL),(293,'Google',14,'Manish Fegade','Residential','2025-06-30','Trupti Desai','Pest Control Service','Cockroach Management',8087976269,NULL,'sales@sevafacility.com',' G-307, G.K. Aarcon, Katewasti, Gaikwad Nagar, Punawale, Chinchwad-411033','https://maps.app.goo.gl/wt2YnSJAa8H2rVsQ8','Pune','Hot','2025-06-30',0,'Maharashtra',NULL,NULL,NULL,1,NULL,NULL,NULL),(294,'Google',14,'Ashwini Shinde','Residential','2025-06-30','Trupti Desai','Pest Control Service','Ant Management',9890182445,NULL,'sales@sevafacility.com','Chinchwad','','Pune','Hot','2025-06-30',0,'Maharashtra',NULL,NULL,NULL,1,NULL,NULL,NULL),(295,'Google',3,'Yogesh Shete','Residential','2025-07-02','Jyoti Hule','Pest Control','Cockroach Management Service',8178678779,NULL,'sales@sevafacility.com','1102, C-18, Little earth. Kiwale. Pune','','Pune','Hot','2025-07-02',0,'Maharashtra',NULL,NULL,NULL,1,NULL,NULL,NULL),(296,'Google',NULL,'Pooja Sone','Residential','2025-07-01','Yogesh Pawar','Pest Control','Bedbug Management Service',8855085654,NULL,'mumbai.branch@sevafacility.com','Ambernath','','Thane','Cold','2025-07-02',1,'Maharashtra',NULL,NULL,NULL,5,32,NULL,NULL),(297,'Google',NULL,'Mr. Jenkins','Residential','2025-07-02','Yogesh Pawar','Pest Control','Cockroach Management Service & Termite Treatment',9594441668,NULL,'mumbai.branch@sevafacility.com','Ambernath','','Thane','Warm','2025-07-02',1,'Maharashtra',NULL,NULL,NULL,5,32,NULL,NULL),(298,'Google',NULL,'Pratik Nayak ','Industrial / Commercial','2025-07-02','Yogesh Pawar','Pest Control','Rodent Management Service',7977658395,NULL,'mumbai.branch@sevafacility.com','Bhiwandi','','Thane','Hot','2025-07-02',1,'Maharashtra',NULL,NULL,NULL,5,32,NULL,NULL),(299,'Google',3,'Ketan Swami','Residential','2025-07-02','Jyoti Hule','Pest Control','Cockroach Management Service',8208316501,NULL,'sales@sevafacility.com','Punawale','','Pune','Not Interested','2025-07-03',0,'Maharashtra',NULL,NULL,NULL,1,NULL,NULL,NULL),(300,'Google',14,'Pravin Jagtap','Residential','2025-07-02','Trupti Desai','Pest Control Service and Product Sale','Bed Bugs Management',8087568889,NULL,'sales@sevafacility.com','Punawale','','Pune','Hot','2025-07-03',0,'Maharashtra',NULL,NULL,NULL,1,NULL,NULL,NULL),(301,'Google',3,'Jabsons Foods Pvt. Ltd.','Industrial / Commercial','2025-07-03','Jyoti Hule','Product','Products &Materials',9512001872,NULL,'bhumi.jabsons@gmail.com','A-2, Udyog Nagar, Bholav, Bholav, Bharuch, Gujarat 392002.','','Bharuch','Hot','2025-07-04',0,'Gujarat',NULL,NULL,NULL,1,NULL,NULL,NULL),(302,'Google',NULL,'Priyanka Mishra','Residential','2025-07-03','Yogesh pawar','Pest Control','Lizard Management ',9930106221,9930106221,'mumbai.branch@sevafacility.com','Bhiwandi','','Thane','Hot','2025-07-03',0,'Maharashtra',NULL,NULL,NULL,5,32,NULL,NULL),(303,'Justdial',4,'Saleha memon','Residential','2025-07-03','Siman Shaikh','Pest Control','Cockroach management',9022932008,9022932008,'mumbai.branch@sevafacility.com','Millat nagar 2 opp  makdumiya hotel zidan tpwer','https://maps.app.goo.gl/BNvJ4ETWKhm9cwcL7','Thane','Hot','2025-07-03',0,'Maharashtra',NULL,NULL,NULL,5,NULL,NULL,NULL),(304,'Google',14,'Sunita Suralkar','Residential','2025-07-04','Trupti Desai','Pest Control Service','Cockroach Management',8329520621,NULL,'sales@sevafacility.com','Ravet','','Pune','Cold','2025-07-04',0,'Maharashtra',NULL,NULL,NULL,1,NULL,NULL,NULL),(305,'Google',4,'Dilkhush Kushwaha','Residential','2025-07-07','Siman Shaikh','Pest Control','Rat Snap trap',9798092194,9798092194,'sales@sevafacility.com','14/132, Thite Vasti, Kharadi, Pune, Maharashtra 411014','https://maps.app.goo.gl/YaAdnronpRvVi29MA','Pune','Warm','2025-07-07',1,'Maharashtra',NULL,NULL,NULL,1,NULL,NULL,NULL),(306,'Google',3,'Godrej Agrovet Ltd. (Pune Region)','Industrial / Commercial','2025-07-07','Jyoti Hule','Fumigation','Commodity Fumigation',8411887058,NULL,'jotiram.chavan@godrejagrovet.com','Pune.\r\n','','Pune','Not Interested','2025-07-07',0,'Maharashtra',NULL,NULL,NULL,1,NULL,NULL,NULL),(307,'Indianmart',14,'Sandeep Kapase','Industrial / Commercial','2025-07-06','Trupti Desai','Product sale','Ratoout ',9923357957,NULL,'sandipenter@gmail.com','Flat no.2/2, Shree Ganesha Heights,\r\nServ. No. 180/2, M.I.D.C. Road, Ganesh Nagar, Ravet– Nigdi \r\nPune-412101 Maharashtra (India)','https://maps.app.goo.gl/bBvdKAqmWpbbvhAn8','Pune','Hot','2025-07-06',0,'Maharashtra',NULL,NULL,NULL,1,NULL,NULL,NULL),(308,'Google',14,'Chinmay Patil','Residential','2025-07-08','Trupti Desai','Pest Control Service','Beehive Management',8459943447,NULL,'sales@sevafacility.com','MQ33+C2 Ravet, Pimpri-Chinchwad, Maharashtra','https://maps.app.goo.gl/NtLHrM17LXsAKRZNA','Pune','Hot','2025-07-01',0,'Maharashtra',NULL,NULL,NULL,1,NULL,NULL,NULL),(309,'Google',14,'Harishikesh Patil','Residential','2025-07-07','Trupti Desai','Pest Control Service','Cockroach Management',9960285347,NULL,'sales@sevafacility.com','Kiwale','','Pune','Hot','2025-07-02',0,'Maharashtra',NULL,NULL,NULL,1,NULL,NULL,NULL),(310,'Google',14,'Sitalakshmi Gopal','Residential','2025-07-26','Trupti Desai','Pest Control','Cockroach Management Service',7387226789,NULL,'sales@sevafacility.com','Chikhali, Pune','','Pune','Hot','2025-07-29',0,'Maharashtra','Individual',NULL,'None',1,NULL,NULL,NULL),(311,'Google',14,'Kalpesh Bhamare','Residential','2025-07-08','Trupti Desai','Pest Control Service','Cockroach Management',9604041904,NULL,'sales@sevafacility.com','Kiwale','','Pune','Hot','2025-07-08',0,'Maharashtra',NULL,NULL,NULL,1,NULL,NULL,NULL),(312,'Google',3,'Eco Pest','Industrial / Commercial','2025-07-08','Jyoti Hule','Product','Fly catcher and killer machine',9890936323,9307555965,'sales@sevafacility.com','Pune','','Pune','Not Interested','2025-09-06',0,'Maharashtra','Individual',NULL,'None',1,NULL,NULL,NULL),(313,'Google',14,'Alok Agase','Residential','2025-07-08','Trupti Desai','Pest Control Service','Cockroach Management',9637300394,NULL,'sales@sevafacility.com','Ravet','','Pune','Warm','2025-07-08',1,'Maharashtra',NULL,NULL,NULL,1,NULL,NULL,NULL),(314,'Google',3,'Ritesh Devmore','Residential','2025-07-09','Jyoti Hule','Pest Control','Cockroach Management Service',9130238737,NULL,'sales@sevafacility.com','Punawale','','Pune','Not Interested','2025-07-10',0,'Maharashtra',NULL,NULL,NULL,1,NULL,NULL,NULL),(315,'Others',14,'Tooshar Bendale','Residential','2025-07-08','Trupti Desai','Pest Control Service','Cockroach Management',9823399512,NULL,'sales@sevafacility.com','Nigdi','','Pune','Hot','2025-07-08',0,'Maharashtra',NULL,NULL,NULL,1,NULL,NULL,NULL),(316,'Others',14,'Kartik Despande','Residential','2025-07-09','Trupti Desai','Pest Control Service','Cockroach Management',9970859358,NULL,'sales@sevafacility.com','Chinchwad','','Pune','Hot','2025-07-07',0,'Maharashtra',NULL,NULL,NULL,1,NULL,NULL,NULL),(317,'Google',14,'Shubham Pawar','Residential','2025-07-09','Trupti Desai','Pest Control Service','Cockroach Management',8329531044,NULL,'sales@sevafacility.com','Punawale','','Pune','Not Interested','2025-07-08',0,'Maharashtra',NULL,NULL,NULL,1,NULL,NULL,NULL),(318,'Google',14,'Adesh Kolhe','Residential','2025-07-10','9503102302','Pest Control Service','Cockroach Management',9130920133,NULL,'sales@sevafacilitly.com','Punawale','','Pune','Cold','2025-07-10',0,'Maharashtra',NULL,NULL,NULL,1,NULL,NULL,NULL),(319,'Google',14,'Parag Chaoudhary','Residential','2025-07-10','Trupti Desai','Pest Control Service','Cockroach Management',9152432123,NULL,'sales@sevafacility.com','Kalyani Nagar','','Pune','Not Interested','2025-07-10',0,'Maharashtra',NULL,NULL,NULL,1,NULL,NULL,NULL),(320,'Google',14,'Kaira Magnani','Residential','2025-07-10','Trupti Desai','Pest Control','Cockroach Management',8412055551,NULL,'sales@sevafacility.com','Chinchwad','','Pune','Cold','2025-07-10',1,'Maharashtra',NULL,NULL,NULL,1,NULL,NULL,NULL),(321,'',14,'Sagar Sulebhavikar','','2025-07-10','Trupti Desai','Pest Control Service','Bed Bugs Management',7276562126,NULL,'sales@sevafacilty.com','Nigadi','','Pune','Hot','2025-07-10',0,'Maharashtra',NULL,NULL,NULL,1,NULL,NULL,NULL),(322,'Google',NULL,'Techno Vision Engineers Pvt Ltd','Industrial / Commercial','2025-07-11','Prakash Chothe','Pest Control','Mosquito Management',9588499972,9588499972,'operation.sevafacility@gmail.com','Gate No 1559-1560 Dehu Alandi Rd Shelarwadi Chikhali Pune.','https://maps.app.goo.gl/MvM9Cc46S1819p1G7','Pune','Hot','2025-09-20',0,'Maharashtra','Individual',NULL,'None',1,29,NULL,NULL),(323,'Google',14,'Meera Sardar','Residential','2025-07-11','Trupti Desai','Pest Control Service','Cockroach Management',9226334751,NULL,'sales@sevafacility.com','Ravet','https://g.co/kgs/Ncx7qr1','Pune','Hot','2025-07-11',1,'Maharashtra',NULL,NULL,NULL,1,NULL,NULL,NULL),(324,'Google',14,'Amol Kamble','Residential','2025-07-14','Trupti Desai','Pest Control Service','Cockroach Management',9767340847,NULL,'sales@sevafacility.com','Flat -101, Jeevanshree Apartment, beside global hospital, Shinde Vasti, Ravet \r\nLandmark: dmart ','','Pune','Hot','2025-06-26',0,'Maharashtra','Individual',NULL,'',1,NULL,NULL,NULL),(325,'Google',14,'Rushali Pawale','Residential','2025-07-14','Trupti Desai','Pest Control Service','Bed Bugs Management',9623900789,NULL,'sales@sevafacility.com','Walhekarwadi, Pimpri Chinchwad, Pune','','Pune','Hot','2025-07-14',0,'Maharashtra','Individual',NULL,'',1,NULL,NULL,NULL),(326,'Others',14,'Ashok Hukeri','Residential','2025-07-14','Trupti Desai','Pest Control Service','Cockroach Management',8459957783,NULL,'sales@sevafacility.com','Chinchwad','','Pune','Hot','2025-07-14',0,'Maharashtra','Individual',NULL,'',1,NULL,NULL,NULL),(327,'Indianmart',14,'Sunmoon Traders','Industrial / Commercial','2025-07-14','Trupti Desai','Product sale','Eco Biotrap',7017432620,NULL,'sunmoontraders786@gmail.com','Chet Gountiya, Chanehti, Kandharpur, Bareilly (U.P.)','','Bareilly','Warm','2025-07-16',1,'Uttar Pradesh','Organization',7017432620,'Schindra Prakash',1,NULL,NULL,NULL),(328,'Indianmart',NULL,'Shree Laxmidham','Industrial / Commercial','2025-07-16','TD','Pest Control','Snake Management',9763361326,9763361326,'sales@sevafacilitly.com','Block No. B 104 Sutarwadi Pashan Pune 411021','https://maps.app.goo.gl/e7cNmxNjdadDKVvd6','Pune','Hot','2025-07-16',1,'Maharashtra','Organization',9763361326,'Pradeep Tupe',1,28,NULL,NULL),(329,'Google',14,'Milind Phatak','Residential','2025-07-16','Trupti Desai','Pest Control Service','Bed Bugs Management',9422089212,NULL,'sales@sevafacility.com','Kotharud, Pune','','Pune','Not Interested','2025-07-16',0,'Maharashtra','Individual',NULL,'',1,NULL,NULL,NULL),(330,'Google',14,'Savita Malagi','Residential','2025-07-18','Trupti Desai','Pest Control Service','Cockroach Management',8262913598,NULL,'sales@sevafacility.com','Runal Spacio B-901, Mukai Chowk, Kiwle Ravet','','Pune','Hot','2025-07-16',1,'Maharashtra','Individual',NULL,'',1,NULL,NULL,NULL),(331,'Google',14,'Arviend Chauhan','Residential','2025-07-17','Trupti Desai','Pest Control Service','Cockroach Management',8381006111,NULL,'sales@sevafacility.com','Ravet','','Pune','Hot','2025-07-17',0,'Maharashtra','Individual',NULL,'',1,NULL,NULL,NULL),(333,'Employee Reference',14,'Vishal Parwati','Residential','2025-07-18','Trupti Desai','Pest Control Service','Cockroach Management',9860190451,NULL,'sales@sevafacility.com','Dhanori','','Pune','Hot','2025-07-18',0,'Maharashtra','Individual',NULL,'',1,NULL,NULL,NULL),(334,'Others',NULL,'Shradha Kumbhar','Residential','2025-07-18','Laxman Hotkar','Pest Control Service','Cockroach Management',9175722125,NULL,'sales@sevafacility.com','A307,19 Grand west , near Dange chowk, Thergaon  ','https://maps.app.goo.gl/DMBs9dCjfNmCMUdp6','Pune','Hot','2025-07-18',1,'Maharashtra','Individual',NULL,'',1,28,NULL,NULL),(335,'Others',3,'Nature Delight Cattle Feeds Pvt. Ltd.','Industrial / Commercial','2025-07-18','Jyoti Hule','Fumigation','Stack Fumigation ',8796712712,NULL,'jaihindfeedqc@gmail.com','Baramati MIDC warehouse','','Pune','Not Interested','2025-07-19',0,'Maharashtra','Organization',8796712712,'Datta Jadhav',6,NULL,NULL,NULL),(336,'Google',4,'Chetan Chavan','Residential','2025-07-18','Siman Shaikh','Pest Control','Bed Bug Management',9860591872,9860591872,'sales@sevafacility.com','K-61, Meena colony vikas nagar dehu road \r\nNear church.','https://maps.app.goo.gl/vyFFzN5yomCfQjAd7','Pune','Hot','2025-07-16',0,'Maharashtra','Individual',NULL,'',1,NULL,NULL,NULL),(337,'Employee Reference',14,'L.B. Pujari','Residential','2025-07-18','Trupti Desai','Pest Control Service','Cockroach Management',8830404030,NULL,'sales@sevafacility.com','Royal Galaxy Apartment Flat No. 504...Near Balaji Mandir,Wadmukhwadi Pune-412105','','Pune','Hot','2025-07-18',0,'Maharashtra','Individual',NULL,'',1,NULL,NULL,NULL),(338,'Google',4,'Ritesh kadu','Residential','2025-07-19','Siman Shaikh','Pest Control','Bed Bug Management',8888333503,8888333503,'sales@sevafacility.com','Mitra Nagar, manewada.','https://maps.app.goo.gl/tiARTMMwLj9kyHs19','Nagpur','Hot','2025-07-19',0,'Maharashtra','Individual',NULL,'',9,NULL,NULL,NULL),(339,'Google',NULL,'Flyberry Gourment','Industrial / Commercial','2025-07-18','Himanshu Rathod','Product','Cocoon Bags',7710016869,NULL,'nidhi2381@gmail.com','Kattedan, Hyderabad','','Hyderabad','Hot','2025-09-22',1,'Telangana','Organization',7710016869,'Dr. Nidhi',7,23,NULL,NULL),(340,'Google',3,'Sameer Bhamare,','Residential','2025-07-21','Jyoti Hule','Pest Control','Cockroach Management Service',9130033350,NULL,'sales@sevafacility.com','1701, Tower 1, VTP Aethereus, Nande Balewadi Road, Mahalunge, Pune','https://maps.app.goo.gl/E1X9RFweVwNSm31t7','Pune','Hot','2025-07-21',0,'Maharashtra','Individual',NULL,'',1,NULL,NULL,NULL),(341,'Google',14,'Prachi Mahajan','Residential','2025-07-21','9503102302','Pest Control Service','Cockroach Management',8087634888,NULL,'sales@sevafacility.com','Ravet','','Pune','Cold','2025-07-21',1,'Maharashtra','Individual',NULL,'',1,NULL,NULL,NULL),(342,'Google',NULL,'Mr. Nirmalkar.','Residential','2025-07-23','Pravin Pimple','Pest Control','Ant Management Service',9405318995,NULL,'nagpur.branch@sevafacility.com','Manish Nagar, Nagpur.','','Nagpur','Hot','2025-07-30',1,'Maharashtra','Individual',NULL,NULL,9,13,NULL,NULL),(343,'Customer Reference',NULL,'Vighnaharta Life Canvas','Industrial / Commercial','2025-07-23','Kiran  Mahajan','Pest Control','Beehive Management',9604715456,9604715456,'operation.sevafacility@gmail.com','Vighnaharta Life Canvas St Tukaram Nagar Mamurdi Dehu Rd Pune','https://share.google/JCpC2PFiHuM0Ov5wa','Pune','Hot','2025-07-23',1,'Maharashtra','Individual',NULL,'',1,28,NULL,NULL),(344,'Indianmart',3,'Manjunatha. B.S','Industrial / Commercial','2025-07-23','Jyoti Hule','Product','Rat Snap Traps',9980884952,NULL,'tdtspest@gmail.com','No.104/5, Byravanadoddi Village, Near Coca Cola Circle, Bidadi Industrial Area, Ramanagara.- 562 109.','','Ramanagara','Hot','2025-07-23',0,'Karnataka','Organization',9980884952,'TDTS Pest Control Services',1,NULL,NULL,NULL),(345,'Google',14,'Anwar Pinjari','Residential','2025-07-23','Trupti Desai','Pest Control Service','Cockroach Management',9822990929,NULL,'sales@sevafacility.com','Chaphekar chowk, Chinchwad,Pune','','Pune','Not Interested','2025-07-23',0,'Maharashtra','Individual',NULL,'',1,NULL,NULL,NULL),(346,'Employee Reference',14,'Lavina Puneet','Residential','2025-07-23','Trupti Desai','Pest Control Service','Cockroach Management',8149662027,NULL,'sales@sevafacility.com','Wakad, Pune','','Pune','Not Interested','2025-07-23',0,'Maharashtra','Individual',NULL,'',1,NULL,NULL,NULL),(347,'Google',14,'Mangesh Chandratre','Residential','2025-07-26','9503102302','Pest Control Service ','Cockroach Management',7020156201,NULL,'sales@sevafacility.com','304 Krushnai Imperio Behind Madhav Mithas Shinde vasti Pipeline Road Ravet','https://maps.app.goo.gl/YWKWfH2KXXJWQABq9?g_st=awb','Pune','Hot','2025-07-26',0,'Maharashtra','Individual',NULL,'',1,NULL,NULL,NULL),(348,'Google',14,'Sonal Kadam','Residential','2025-07-25','9503102302','Pest Control Service ','Cockroach Management',7066811733,NULL,'sales@sevafacility.com','Ravet','','Pune','Not Interested','2025-07-25',0,'Maharashtra','Individual',NULL,'',1,NULL,NULL,NULL),(349,'Google',3,'Kunda Shivale','Residential','2025-07-26','Jyoti Hule','Pest Control','Cockroach Management Service',7038168821,NULL,'sales@sevafacility.com','Bhosari','','Pune','Not Interested','2025-07-26',0,'Maharashtra','Individual',NULL,'',1,NULL,NULL,NULL),(350,'Google',14,'Hemant Chaudhari','Residential','2025-07-27','Trupti Desai','Pest Control Service','Cockroach Management',8850440268,NULL,'sales@sevafacility.com','Punawale','','Pune','Cold','2025-07-11',1,'Maharashtra','Individual',NULL,'',1,NULL,NULL,NULL),(351,'Google',14,'Bhosale','Industrial / Commercial','2025-07-28','Trupti Desai','Product sale','Fly Catcher machine',7620333916,NULL,'sales@sevafacility.com','Pune','','Pune','Not Interested','2025-07-14',0,'Maharashtra','Individual',NULL,'',1,NULL,NULL,NULL),(352,'Google',14,'Aali Khan','Residential','2025-07-28','Trupti Desai','Pest Control Service','Cockroach Management',8750674943,NULL,'sales@sevafacility.com','Wakad','','Pune','Cold','2025-07-15',1,'Maharashtra','Individual',NULL,'',1,NULL,NULL,NULL),(353,'Google',14,'Basavraj','Residential','2025-07-28','Trupti Desai','Pest Control Service','Bed Bugs Management',9637165591,NULL,'sales@sevafacility.com','Nigdi','','Pune','Cold','2025-07-17',1,'Maharashtra','Individual',NULL,'',1,NULL,NULL,NULL),(354,'Google',14,'Supriya Mohite','Residential','2025-07-28','Trupti Desai','Pest Control Service','Cockroach Management',8080195019,NULL,'sales@sevafacility.com','Walhekarwadi, Chinchwad','','Pune','Cold','2025-07-18',1,'Maharashtra','Individual',NULL,'',1,NULL,NULL,NULL),(355,'Google',14,'Anjali Joshi','Residential','2025-07-28','Trupti Desai','Pest Control Service','Cockroach Management',8097614346,NULL,'sales@sevafacility.com','Mamurdi','','Pune','Not Interested','2025-07-19',0,'Maharashtra','Individual',NULL,'',1,NULL,NULL,NULL),(356,'Google',14,'Prateek Chavan','Residential','2025-07-28','Trupti Desai','Pest Control Service','Bed Bugs Management',9673200857,NULL,'sales@sevafacility.com','Ravet','','Pune','NotInterested','2025-07-19',1,'Maharashtra','Individual',NULL,'',1,NULL,NULL,NULL),(357,'Google',14,'Ankit Gavle','Residential','2025-07-28','Trupti Desai','Pest Control Service','Bed Bugs Management',7721803020,NULL,'sales@sevafacility.com','Swarget','','Pune','Not Interested','2025-07-21',0,'Maharashtra','Individual',NULL,'',1,NULL,NULL,NULL),(358,'Google',14,'Akshay Shete','Residential','2025-07-28','Trupti Desai','Pest Control Service','Cockroach Management',9595193143,NULL,'sales@sevafacility.com','Wakad','','Pune','Cold','2025-07-21',1,'Maharashtra','Individual',NULL,'',1,NULL,NULL,NULL),(359,'Google',14,'Amol Mane','Residential','2025-07-28','Trupti Desai','Pest Control Service','Cockroach Management',9041674167,NULL,'sales@sevafacility.com','Ravet','','Pune','Loss of Order','2025-07-21',0,'Maharashtra','Individual',NULL,'',1,NULL,NULL,NULL),(360,'Google',14,'Gayatri','Residential','2025-07-28','Trupti Desai','Pest Control Service','Cockroach Management',9028769539,NULL,'sales@sevafacility.com','Nigdi','','Pune','Cold','2025-07-25',1,'Maharashtra','Individual',NULL,'',1,NULL,NULL,NULL),(361,'Google',14,'Sagar Ghule','Residential','2025-07-28','Trupti Desai','Pest Control Service','Bed Bugs Management',9881797774,NULL,'sales@sevafacility.com','Pimple gurav','','Pune','Not Interested','2025-07-25',0,'Maharashtra','Individual',NULL,'',1,NULL,NULL,NULL),(362,'Google',NULL,'Asha Enterprises','Industrial / Commercial','2025-07-28','Rahul Chhetri','Pest Control Service','Anti Termite Treatment',7304263363,NULL,'Vinay@aashaenterprises.in','Uday Co-Operative Housing Society, 60 feet road Sion,\r\nBaner, Pune-411045\r\n','','Pune','Hot','2025-07-27',0,'Maharashtra','Organization',7304263363,'Aasha Enterprises',1,24,NULL,NULL),(363,'Google',NULL,'Damodar Industries Limited','Industrial / Commercial','2025-07-29','Kisan Mankar','Pest Control','Anti Termite Post Construction Management Service',9096334247,NULL,'store.amr@damodargroup.com','T-26 Textile Park, New AdditionalM.i.d.c Area Amravati Nagpur Road, Nandgaon Peth Amravati,Maharashtra,444801.','','Amravati','Hot','2025-07-29',1,'Maharashtra','Organization',9096334247,'Sumeet Vadive',4,40,NULL,NULL),(364,'Google',NULL,'Singhavi Foods Pvt. Ltd.','Industrial / Commercial','2025-07-29','Yogesh Pawar','Pest Control','General Pest Control Services',7583048887,NULL,'sparkhi@sanghvifoods.com','Godown no. 15 to 22, Building No A5, Ground floor, Harihar Compound.\r\n','','Thane','Hot','2025-07-26',0,'Maharashtra','Organization',7583048887,'Mr. Akhilesh Diwedi',5,32,NULL,NULL),(365,'Google',NULL,'Karnail Singh','Residential','2025-07-29','Laxman Hotkar','Pest Control Service','Bed Bugs Management',9422311624,NULL,'sales@sevafacility.com','Gurudwara Colony, Akurdi,  Pimpri-Chinchwad,','','Pune','Hot','2025-07-24',0,'Maharashtra','Individual',NULL,'',1,28,NULL,NULL),(366,'Google',14,'Albert Santhiagu','Residential','2025-07-30','Trupti Desai','Pest Control Service','Cockroach Management',9422159444,NULL,'sales@sevafacility.com','Flat 1004, B wing Revanta, Opposite kiwale, Adarshnagar chowk, Ravet','https://maps.app.goo.gl/sW6vCmAAxoJyxWMi6','Pune','Hot','2025-07-30',1,'Maharashtra','Individual',NULL,'',1,NULL,NULL,NULL),(367,'Employee Reference',NULL,'Sangita Kirdat','Residential','2025-07-30','Aparna Shinde','Pest Control Service','Prophylactic Treatment',9371023451,NULL,'sales@sevafacility.com','Aditi Apartment, Flat no 301, Nehrunagar, Pimpri, Pune','https://maps.app.goo.gl/Gq5EaY76d35NeXL16','Pune','Hot','2025-07-30',1,'Maharashtra','Individual',NULL,'',1,28,NULL,NULL),(368,'Google',14,'Dinesh Kamble','Residential','2025-07-31','Trupti Desai','Pest Control Service','Bed Bugs Management',9049455327,NULL,'sale@sevafacility.com','Hinjewadi Phase-3, Pune','','Pune','Cold','2025-07-31',1,'Maharashtra','Individual',NULL,'',1,NULL,NULL,NULL),(369,'Google',NULL,'Jayraj Foods Pvt. Ltd.','Industrial / Commercial','2025-07-31','Yogesh Pawar','Fumigation','ALP & MBr Fumigation',7977760649,NULL,'dkhambodiya15@gmail.com','A-10, Paramount Logitrade Complex, Godown No. D11 to\r\nD13,Lonad Village, Near Sawad Naka, Bhiwandi 421302.\r\n','','Thane','Hot','2025-07-31',1,'Maharashtra','Organization',7977760649,' Deep Khambodiya',5,32,NULL,NULL),(370,'Others',NULL,'TBOF Foods Pvt.Ltd.','Industrial / Commercial','2025-07-31','7774918071','Product sale','Fly Catcher machine',7887938691,NULL,'sales@sevafacility.com','Plot no C-6 , IndapurIndustrial Area, Village - Balpudi ,\r\n413132.\r\n','','Pune','Cold','2025-07-26',1,'Maharashtra','Individual',NULL,'',1,23,NULL,NULL),(371,'Google',NULL,'Somali Lohia','Residential','2025-08-01','Kisan Mankar','Pest Control','Bedbug Management Service',9860665586,NULL,'amravati.branch@sevafacility.com','Rayli plot','','Amravati','Hot','2025-08-01',0,'Maharashtra','Individual',NULL,'',4,40,NULL,NULL),(372,'Others',NULL,'RBS Renewables Private Limited','Industrial / Commercial','2025-08-01','7774918071','Fumigation Service','Silo Fumigation',9923430039,NULL,'rbs.renewables@gmail.com','Borgaon road, Bramhapuri Dist-Chandrapur','','Chandrapur','Warm','2025-08-01',1,'Maharashtra','Organization',9923430039,'Niraj Mohata',1,23,NULL,NULL),(373,'Google',4,'Parth Ghatge','Residential','2025-08-01','Siman Shaikh','Pest Control','Cockroach management',9309376434,9309376434,'sales@sevafacility.com','C-1101, Nano Spaces , Ravet, Near hanging bridge.','https://maps.app.goo.gl/DB96yLqFUWEsupB28','Pune','Hot','2025-08-01',0,'Maharashtra','Individual',NULL,'',1,NULL,NULL,NULL),(374,'Google',NULL,'Plastic Omnium OPmobility','Industrial / Commercial','2025-08-01','Prakash Chothe','Pest Control Service','Cockroach Management',8421165267,NULL,'sayali.daware@opmobility.com','Plot C4,MIDC Chakan Phase II, Bhamboli, Tal Khed, Pune\r\n410501.','','Pune','Warm','2025-07-23',1,'Maharashtra','Organization',8421165267,'Sayali Daware ',1,29,NULL,NULL),(375,'Google',14,'Rohit Dalal','Residential','2025-08-01','Trupti Desai','Pest Control Service','Cockroach Management',9960046428,NULL,'sales@sevafacility.com','D102, Richmond park, kalewadi Rahatani road, Neat Thopte Lawns, Near Nakhate Petrol Pump','','Pune','Hot','2025-08-02',0,'Maharashtra','Individual',NULL,'None',1,NULL,NULL,NULL),(376,'Google',4,'Ashit Kurkure','Residential','2025-08-02','Siman Shaikh','Pest Control','Cockroach management',7378958958,7378958958,'sales@sevafacility.com','C-1101, Nano Spaces , Ravet, Near hanging bridge.','https://maps.app.goo.gl/Hb5beEA7oUVUh4318','Pune','Warm','2025-08-02',1,'Maharashtra','Individual',NULL,'',1,NULL,NULL,NULL),(377,'Google',14,'Hemesh Hemantkumar Bhole','Residential','2025-08-02','Trupti Desai','Pest Control Service','Cockroach Management',8898737899,NULL,'sales@sevafacility.com','Flat-104,Floor-1,Golden Copac wing A, behind Krishna Hotel, near Mukai Chowk, Opposite Devrai building, Near Mumbai pune express way,at kiwale 412101 ','https://maps.app.goo.gl/F6qekbK4QnERWHBa9','Pune','Hot','2025-08-02',0,'Maharashtra','Individual',NULL,'',1,NULL,NULL,NULL),(378,'Google',4,'Thomas Philip','Residential','2025-08-02','Siman Shaikh','Pest Control','Cockroach management',9850775596,9850775596,'sales@sevafacility.com','Ravet','https://maps.app.goo.gl/QkRsdFiw1FwwxzRg6','Pune','NotInterested','2025-08-02',1,'Maharashtra','Individual',NULL,'',1,NULL,NULL,NULL),(380,'Others',14,'Dhaval Gujar','Residential','2025-08-04','Trupti Desai','Pest Control Service','Cockroach Management',9173095043,NULL,'sales@sevafacility.com','R3, E-1905, Life Republic, Sr No. 74, Marunji Kasarsai Road, Hinjewadi-Mulshi, Pune','https://maps.app.goo.gl/UXY81BjsHjt7Vknc6','Pune','Hot','2025-08-04',0,'Maharashtra','Individual',NULL,'',1,NULL,NULL,NULL),(381,'Employee Reference',NULL,'Vasant Ilawe ','Residential','2025-08-04','Laxman Hotkar','Pest Control Service','Anti Termite Treatment',9689608686,8600015064,'sales@sevafacility.com','24/278 Sahwas bunglow,near central bank, Pradhikaran ,nigdi Pune ','https://maps.app.goo.gl/KZShTihxV3KMC68w9','Pune','Hot','2025-07-23',0,'Maharashtra','Individual',NULL,'',1,28,NULL,NULL),(382,'Google',NULL,'Ratnakar Kambe','Industrial / Commercial','2025-08-06','Yogesh Pawar','Pest Control','General Pest  Control Service',9820710181,NULL,'mumbai.branch@sevafacility.com','Navi Mumbai','','Thane','Cold','2025-08-06',1,'Maharashtra','Individual',NULL,'',5,32,NULL,NULL),(383,'BNI',NULL,'Nilesh Misal','Residential','2025-08-07','Prakash Chothe','Pest Control Service','Cockroach Management',8329579612,NULL,'nilesh.misal@bharat-bamboo.com','C1/303, Shree Venkatesh Puram, S. No. 33/11,34/2, Phale Nagar,  Ambegaon Budruk, Katraj Pune 411046.\r\nAura hospital lane','https://maps.app.goo.gl/XRf23dy8dcbLD8fc8','Pune','Hot','2025-08-07',1,'Maharashtra','Individual',NULL,'',1,29,NULL,NULL),(384,'Customer Reference',NULL,'Antony Waste Handling Cell Limited','Industrial / Commercial','2025-08-07','Rahul Chhetri','Product',' Catcher Machine',7304462540,7304462540,'Hemant.bhosale@antonywaste.in','A-59, Road No. 10,Wagle Industrial Estate, Thane (West) -\r\n400604\r\n','','Thane','Hot','2025-08-07',1,'Maharashtra','Organization',7304462540,'Hemant Bhosale',1,24,NULL,NULL),(385,'Employee Reference',NULL,'Saloni Gambhir','Residential','2025-08-08','Kiran Mahajan','Pest Control Service','Rodent Management Service',7410027616,NULL,'sales@sevafacility.com','Shrileela Row house No.1, Opposite KFC/Pizza Hut, Behind HDFC Bank, Baner, Pune','https://maps.app.goo.gl/pTAb2wMGzDe5DktTA','Pune','Hot','2025-08-08',0,'Maharashtra','Individual',NULL,'',1,35,NULL,NULL),(386,'Google',14,'Swapnil Shah','Residential','2025-08-08','Trupti Desai','Pest Control Service','Cockroach Management',9822901753,NULL,'sales@sevafacility.com','Nigdi','','Pune','Cold','2025-08-06',0,'Maharashtra','Individual',NULL,'',1,NULL,NULL,NULL),(387,'Google',14,'Meghana Krishanan','Residential','2025-08-08','Trupti Desai','Pest Control Service','Cockroach Management',9664351581,NULL,'sales@sevafacility.com','Ravet','','Pune','Cold','2025-08-07',1,'Maharashtra','Individual',NULL,'',1,NULL,NULL,NULL),(388,'Google',14,'Sandeep Kadam','Residential','2025-08-08','Trupti Desai','Pest Control Service','Cockroach Management',8454937489,NULL,'sales@sevafacility.com','Chinchwad','','Pune','Cold','2025-08-06',1,'Maharashtra','Individual',NULL,'',1,NULL,NULL,NULL),(389,'Google',14,'Ajit Sarwal','Residential','2025-08-08','Trupti Desai','Pest Control Service','Cockroach Management',9789866762,NULL,'sales@sevafacility.com','Punawale','','Pune','Cold','2025-08-05',1,'Maharashtra','Individual',NULL,'',1,NULL,NULL,NULL),(390,'Employee Reference',14,'Mrunmayee Talokar','Residential','2025-08-08','Trupti Desai','Pest Control Service','Cockroach Management',9561638880,NULL,'sales@sevafacility.com','Chinchwad','','Pune','Cold','2025-08-07',1,'Maharashtra','Individual',NULL,'',1,NULL,NULL,NULL),(391,'Google',3,'Anant Narkhede','Residential','2025-08-11','Jyoti Hule','Pest Control','Cockroach Management Service',9762789291,NULL,'sales@sevafacility.com','Flat No B15 4th Floor B wing Yashom lifespaces. S b patil school road Ravet Pune 412101.','','Pune','Hot','2025-08-11',0,'Maharashtra','Individual',NULL,'',1,NULL,NULL,NULL),(392,'Indianmart',NULL,'Bhavesh','Residential','2025-08-11','Yogesh Pawar','Product','Rat Guard ',8879002129,NULL,'bhavesh.chanchad@gmail.com','mumbai','','Thane','Cold','2025-08-11',1,'Maharashtra','Individual',NULL,'',5,32,NULL,NULL),(393,'Google',NULL,'Shashank Kumar','Industrial / Commercial','2025-08-11','Yogesh Pawar','Fumigation','Fumigation Service',7531880437,NULL,'mumbai.branch@sevafacility.com','Bhiwandi','','Thane','Cold','2025-08-11',1,'Maharashtra','Organization',7531880437,'Shashank Kumar',5,32,NULL,NULL),(394,'Google',NULL,'Shivam Parikh','Industrial / Commercial','2025-08-11','Yogesh Pawar','Pest Control','General Pest  Control Service',7977867211,NULL,'mumbai.branch@sevafacility.com','Bhiwandi','','Thane','Cold','2025-08-11',1,'Maharashtra','Organization',7977867211,'Shivam Parikh',5,32,NULL,NULL),(395,'Google',NULL,'Akshay bagde','Residential','2025-08-11','Pravin Pimple','Pest Control','Termite Management Service',8551949356,NULL,'nagpur.branch@sevafacility.com',' Shatabdi square, Nagpur.','','Nagpur','Hot','2025-08-12',1,'Maharashtra','Individual',NULL,'',9,13,NULL,NULL),(396,'Google',3,'Sachin Jankar','Residential','2025-08-13','Jyoti Hule','Pest Control','Cockroach Management Service',9545443943,NULL,'sales@sevafacility.com','Punawale','','Pune','Not Interested','2025-08-14',0,'Maharashtra','Individual',NULL,'',1,NULL,NULL,NULL),(397,'Customer Reference',NULL,'The Green Gate Resort','Industrial / Commercial','2025-08-13','Prakash Chothe','Pest Control Service','Cockroach Management',9921997777,NULL,'sales@sevafacility.com','S. No. 96, Dholakwadi, Mulshi, Pune, Maharashtra 412108','','Pune','Hot','2025-08-13',0,'Maharashtra','Organization',7774016212,'Ram Patil',1,29,NULL,NULL),(398,'Employee Reference',NULL,'The Green Gate Resort','Industrial / Commercial','2025-08-13','Prakash Chothe','Pest Control Service','Cockroach Management',9921997777,NULL,'sales@sevafacility.com','Plot No. 96, Dholakwadi, Mulshi, Pune','','Pune','Hot','2025-08-13',1,'Maharashtra','Organization',7774016213,'Ram Patil',1,29,NULL,NULL),(399,'Google',NULL,'Bakeknowlogy Store','Industrial / Commercial','2025-08-13','Prakash Chothe','Pest Control Service','Cockroach Management',9820873335,NULL,'sales@sevafacilityl.com','Shop no. 26, Dwarka Lords, shivar Chowk, Pimple Saudagar, Pune','https://maps.app.goo.gl/Q2Ch3TqeXjnYcjMh6','Pune','Hot','2025-08-13',0,'Maharashtra','Organization',9860115876,'Sunil Nidode',1,29,NULL,NULL),(400,'Google',14,'Pradeep Bareth','Residential','2025-08-13','Trupti Desai','Pest Control Service','Bed Bugs Management',8956293004,NULL,'sales@sevafacility.com','ROYAL ENTRADA SOCIETY, Bhumkar Nagar, Wakad, Pimpri-Chinchwad, Maharashtra 411057','','Pune','Hot','2025-08-13',0,'Maharashtra','Individual',NULL,'',1,NULL,NULL,NULL),(401,'Customer Reference',NULL,'BITS Control And Solutions ','Industrial / Commercial','2025-08-13','Prakash Chothe','Pest Control Service','Mosquito Management Service',8483974180,NULL,'sales@sevafacility.com','J-237/2, MIDC Bhosari Pune-411026','','Pune','Hot','2025-08-13',0,'Maharashtra','Organization',8208379951,'Vrushali',1,29,NULL,NULL),(402,'Google',14,'Pankaj Chavan','Residential','2025-08-13','Trupti Desai','Pest Control Service','Bed Bugs Management',9518747498,NULL,'sales@sevafacility.com','House No. 07, Scheme No. 6A, Sector 21, PENTDA, Yamunanagar, Nigdi\r\nPIMPRI CHINCHWAD, MAHARASHTRA 411035\r\nIndia','','Pune','Hot','2025-08-13',0,'Maharashtra','Individual',NULL,'',1,NULL,NULL,NULL),(403,'BNI',NULL,'Tanushree Madhugiri','Residential','2025-08-13','Laxman Hotkar','Pest Control Service','Cockroach Management',9657710874,NULL,'sales@sevafacility.com','B-303, Bhalchandra Prospera,\r\nSurvey no 95,\r\nNear IDBI Bank, Ravet','','Pune','Hot','2025-07-24',0,'Maharashtra','Individual',NULL,'',1,28,NULL,NULL),(404,'Google',14,'Biju kumar','Residential','2025-08-14','Trupti Desai','Pest Control Service','Cockroach Management',9922161331,NULL,'sales@sevafacility.com','B-34, Forest County, EON Free Zone, Kharadi, Pune, Maharashtra 411014','','Pune','Hot','2025-08-14',0,'Maharashtra','Individual',NULL,'',1,NULL,NULL,NULL),(405,'Indianmart',3,'LEELA HARDWARE','Industrial / Commercial','2025-08-13','Jyoti Hule','Product','Rat Snap Traps',9447979350,NULL,'stanleymathew01@gmail.com','61-VEGETABLE MARKET VIEW, MUNNAR - 685 612, KERALA.\r\n','','Malappuram','Hot','2025-08-19',0,'Kerala','Organization',9447979350,'Stanly Mathew',1,NULL,NULL,NULL),(406,'Employee Reference',NULL,'Nitin Magar','Residential','2025-08-16','Kiran Mahajan','Pest Control Service','Cockroach Management',8380813986,NULL,'sales@sevafacility.com','Flat no H 1002, Ganga Amber, Ashok nagar, Tathwade 411033','','Pune','Hot','2025-08-16',0,'Maharashtra','Individual',NULL,'',1,35,NULL,NULL),(407,'Employee Reference',14,'Ritesh Dhote','Residential','2025-08-16','Trupti Desai','Pest Control Service','Cockroach Management',9970364664,NULL,'sales@sevafacility.com','D402 Silver Palm Grove, BRT Road, Ravet','','Pune','Hot','2025-08-16',0,'Maharashtra','Individual',NULL,'',6,NULL,NULL,NULL),(408,'Employee Reference',14,'Vijayendra Pardeshi','Residential','2025-08-16','Trupti Desai','Pest Control Service','Cockroach Management',9011438899,NULL,'sales@sevafacility.com','Flat no A2/7\r\nBhakti Heim Yashwantnagar \r\nTalegoan Dabhade ','','Pune','Hot','2025-08-16',1,'Maharashtra','Individual',NULL,'',1,NULL,NULL,NULL),(409,'Others',14,'Winsun Green Pvt. Ltd','Residential','2025-08-18','Trupti Desai','Pest Control Service','Sanitization Service',9634356475,9373427701,'admin@winsungreen.com','KP Sqaure,41, 3, Telco Rd, Indira Nagar, Mohan Nagar, MIDC, Chinchwad, Pimpri-Chinchwad, Maharashtra 411019','','Pune','Hot','2025-08-18',0,'Maharashtra','Organization',9634356475,'Ayush Tyagi',1,NULL,NULL,NULL),(410,'Google',14,'Apoorva','Residential','2025-08-19','Trupti Desai','Pest Control Service','Cockroach Management',8109088838,NULL,'sales@sevafacility.com','Wakad','','Pune','Cold','2025-08-18',1,'Maharashtra','Individual',NULL,'',1,NULL,NULL,NULL),(411,'Google',14,'Nikhil Deulkar','Residential','2025-08-18','Trupti Desai','Pest Control Service','Cockroach Management',9970663599,NULL,'sales@sevafacility.com','Ravet','','Pune','Hot','2025-08-15',0,'Maharashtra','Individual',NULL,'',1,NULL,NULL,NULL),(412,'Google',14,'Anil Chitanis','Residential','2025-08-18','Trupti Desai ','Pest Control Service','Cockroach Management',9730080595,NULL,'sales@sevafacility.com','Ravet','','Pune','Hot','2025-08-15',0,'Maharashtra','Individual',NULL,'',1,NULL,NULL,NULL),(413,'Google',14,'Nitin Rasne','Residential','2025-08-19','Trupti Desai','Pest Control Service','Cockroach Management',9011053112,NULL,'sales@sevafacility.com','Mulshi','','Pune','Cold','2025-08-16',0,'Maharashtra','Individual',NULL,'',1,NULL,NULL,NULL),(414,'Google',14,'Pankaj Nikam','Residential','2025-08-18','Trupti Desai','Pest Control Service','Cockroach Management',9503223297,NULL,'sales@sevafacility.com','Lohegaon ','','Pune','Cold','2025-08-16',1,'Maharashtra','Individual',NULL,'',1,NULL,NULL,NULL),(415,'Google',3,'Swapnil Bawge','Residential','2025-08-19','Jyoti Hule','Pest Control','Cockroach Management Service',9860839397,NULL,'sales@sevafacility.com','Punawale','','Pune','Cold','2025-08-20',0,'Maharashtra','Individual',NULL,'',1,NULL,NULL,NULL),(416,'Employee Reference',14,'JP Laboratories Pvt Ltd','Industrial / Commercial','2025-08-18','Trupti Desai','Product Sell','UV Fly Control Board',9960101587,9960101587,'sales@sevafacility.com','A-76, Chemical Zone,MIDC Kurkumbh-413802','','Pune','Hot','2025-08-13',0,'Maharashtra','Organization',9960101587,'Kishor Tambve',1,NULL,NULL,NULL),(417,'Google',3,'Verna Ramson','Residential','2025-08-20','Jyoti Hule','Pest Control','Cockroach Management Service',9011229885,NULL,'sales@sevafacility.com','Nigdi Pradhikaran','','Pune','Cold','2025-08-21',0,'Maharashtra','Individual',NULL,'',1,NULL,NULL,NULL),(418,'Google',14,'Jeethesh Poojary','Residential','2025-08-20','Trupti Desai','Pest Control Service','Cockroach Management',9004236931,NULL,'sales@sevafacility.com','Talawade','','Pune','Cold','2025-08-19',1,'Maharashtra','Individual',NULL,'',1,NULL,NULL,NULL),(419,'Google',14,'Dhiraj Magargat','Residential','2025-08-20','Trupti Desai','Pest Control Service','Bed Bugs Management',8169071058,NULL,'sales@sevafacility.com','Moshi','','Pune','Cold','2025-08-19',1,'Maharashtra','Individual',NULL,'',1,NULL,NULL,NULL),(420,'Employee Reference',NULL,'Alltech Biotechnology Pvt Ltd.','Industrial / Commercial','2025-08-22','Hiraman Rathod','Fumigation Service','Container Leakage Testing ',8484063028,NULL,'Shashikant.Mane@Alltech.com','PAP-S-65, Village - Savardari,MIDC – Phase II, Chakan\r\nIndustrial Area, Taluka: Khed, Dist. Pune-410501 (MH) India','','Pune','Hot','2025-08-21',1,'Maharashtra','Organization',8484063028,'Shashikant Mane',1,25,NULL,NULL),(421,'Google',14,'Rahul Bari','Residential','2025-08-23','Trupti Desai','Pest Control Service','Cockroach Management',8177879354,NULL,'sales@sevafacility.com','B605, Miravet district phase 1 B building,MIRAVET,Survey No, Educational Institutes, Dnv Arcelia Wing-B, 149 & 150, BRT Link Rd, nr. S B Patil Public School, Ravet, Pimpri-Chinchwad, Maharashtra 412101','','Pune','Hot','2025-08-23',0,'Maharashtra','Individual',NULL,'',1,NULL,NULL,NULL),(422,'Google',14,'Manish Donderiya','Residential','2025-08-23','Trupti Desai','Pest Control Service','Cockroach Management',9768463385,NULL,'sales@sevafacility.com','B1105, Vision Ace society, Tathawade Pune.','','Pune','Hot','2025-08-23',0,'Maharashtra','Individual',NULL,'',1,NULL,NULL,NULL),(423,'Google',NULL,'Tropica NurseryLLP','Industrial / Commercial','2025-08-30','Yogesh Pawar','Fumigation','MBr Fumigation ',9664427183,NULL,'kapasi@tropicanursery.com','49 & 50,FirstFloor, Hi-Life, Near Santacruz Station, P.M.Road, SantacruzWest,Mumbai 400054.','','Mumbai City','Hot','2025-08-30',1,'Maharashtra','Organization',9664427183,'Dhwanil Kapasi',5,32,NULL,NULL),(424,'BNI',NULL,'Bipinchandra Vasant Karni','Residential','2025-08-31','Kiran  Mahajan','Pest Control','Cockroach Management',9152745380,NULL,'operation.sevafacility@gmail.com','B-603, B Wing, 6th floor,\r\nMarvel Isola CHS,\r\nOpposite Corinthians Club,\r\nMohammed Wadi,','https://maps.app.goo.gl/hP9rSuoGNJyQCUQX6','Pune','Hot','2025-08-30',1,'Maharashtra','Individual',NULL,'None',1,35,NULL,NULL),(425,'Google',4,'Amol Suryawanshi','Residential','2025-08-30','Siman Shaikh','Pest Control','Cockroach management',8668727131,NULL,'sales@sevafacility.com','Sairaj Apartment, Sairaj Apartment, Infront of Ranjan Heights, SB Patil School Rd, Ravet, Pune, 412101','https://maps.app.goo.gl/PiUCTxG15o6nEi7e8','Pune','Hot','2025-08-30',0,'Maharashtra','Individual',NULL,'',1,NULL,NULL,NULL),(426,'Google',14,'Rajendra Bagal ','Residential','2025-08-30','Trupti Desai','Pest Control','Cockroach Management Service',9922502373,9922502373,'sales@sevafacility.com','T 10 / 308 , Ashbridge E , Lodha Belmando, Gahunje.','','Pune','Hot','2025-08-30',1,'Maharashtra','Individual',NULL,'',1,NULL,NULL,NULL),(427,'Employee Reference',3,'Prasanna Ronge','Residential','2025-09-02','Jyoti Hule','Pest Control','Bedbug Management Service',8669454251,NULL,'sales@sevafacility.com','Flat no D303\r\nSai India park society, behind santosh mangal karyalaya, Thergaon 411033','','Pune','Hot','2025-09-01',0,'Maharashtra','Individual',NULL,'',1,NULL,NULL,NULL),(428,'Google',3,'Shirish Shanbhag','Residential','2025-09-01','Jyoti Hule','Pest Control','Cockroach Management Service',8680072875,NULL,'sales@sevafacility.com','PCMC','','Pune','Warm','2025-09-02',1,'Maharashtra','Individual',NULL,'',1,NULL,NULL,NULL),(429,'Google',3,'Rajiv Kumar ','Residential','2025-09-01','Jyoti Hule','Product','Fly Killer',9179852073,NULL,'sales@sevafacility.com','Lohegaon ','','Pune','Cold','2025-09-02',1,'Maharashtra','Individual',NULL,'',1,NULL,NULL,NULL),(430,'Indianmart',NULL,'Mahagrid Energy Rental','Industrial / Commercial','2025-09-02','Yogesh Pawar','Fumigation','MBr Fumigation ',7875757471,NULL,'Info@mahagridenergy.com','PAP-86, Additional AmbernathMIDC,Anand Nagar,\r\nAmbernath (E)– 421406, District Thane,Maharashtra, India.\r\n','','Thane','Loss of Order','2025-09-02',0,'Maharashtra','Organization',7875757471,'Arjun Patil ',5,32,NULL,NULL),(432,'Customer Reference',NULL,'Tasna Exports India Pvt. Ltd.','Industrial / Commercial','2025-09-02','Himanshu Rathod','Fumigation','Container Fumigation Service',9588459116,NULL,'logisticsl@tasnaexports.com','R/O-3-9.16 Aswa Niwas, Kirana Chawadi, Aurangabad 431001 (M.S) INDIA.\r\n','','Aurangabad','Warm','2025-09-03',1,'Maharashtra','Organization',9588459116,'Bhushan Sir',NULL,23,NULL,NULL),(433,'Google',3,'Mike Miller','Residential','2025-09-02','Jyoti Hule','Pest Control','Cockroach Management Service',8888817164,NULL,'sales@sevafacility.com','PCMC','','Pune','Not Interested','2025-09-03',0,'Maharashtra','Individual',NULL,'',1,NULL,NULL,NULL),(434,'Google',3,'Sandip More','Residential','2025-09-02','Jyoti Hule','Pest Control','Cockroach Management Service',9960231818,NULL,'sales@sevafacility.com','Baner','','Pune','Warm','2025-09-03',1,'Maharashtra','Individual',NULL,'',1,NULL,NULL,NULL),(435,'Google',3,'Nikhil D','Residential','2025-09-03','Jyoti Hule','Pest Control','CM, BBM',8975320680,NULL,'sales@sevafacility.com','HInjewadi','','Pune','Cold','2025-09-04',1,'Maharashtra','Individual',NULL,'',1,NULL,NULL,NULL),(436,'Google',14,'Rakesh Chaudhari','Residential','2025-09-08','Trupti Desai','Pest Control Service','Bed Bugs Management',8421796996,NULL,'sales@sevafacility.com','Chinchwad','','Pune','Hot','2025-09-05',0,'Maharashtra','Individual',NULL,'',1,NULL,NULL,NULL),(437,'Google',14,'Shivani Palekar','Residential','2025-09-08','Trupti Desai','Pest Control Service ','Bed Bugs Management',9322519080,NULL,'sales@sevafacility.com','Nigdi','','Pune','Hot','2025-09-05',0,'Maharashtra','Individual',NULL,'',1,NULL,NULL,NULL),(438,'Google',14,'Ashwini Kolhe','Residential','2025-09-09','Trupti Desai','Pest Control Service','Bed Bugs Management',7888143591,NULL,'sales@sevafacility.com','Nigdi','','Pune','Hot','2025-09-07',1,'Maharashtra','Individual',NULL,'',1,NULL,NULL,NULL),(439,'Google',14,'Rohini Daine','Residential','2025-09-09','Trupti Desai','Pest Control Service','Cockroach Management',9766590485,NULL,'sales@sevafacility.com','Nigdi','','Pune','Not Interested','2025-09-08',0,'Maharashtra','Individual',NULL,'',1,NULL,NULL,NULL),(440,'Google',14,'Abhijeet Barbole','Residential','2025-09-09','Trupti Desai','Pest Control Service','Cockroach Management',9921438333,NULL,'sales@sevafacility.com','Punawale','','Pune','Cold','2025-09-09',1,'Maharashtra','Individual',NULL,'',1,NULL,NULL,NULL),(441,'Google',14,'Nikhil Zambare ','Residential','2025-09-10','Trupti Desai','Pest Control Service','Cockroach Management',9923960975,NULL,'sales@sevafacility.com','Punawale','','Pune','Hot','2025-09-10',1,'Maharashtra','Individual',NULL,'',1,NULL,NULL,NULL),(442,'Google',3,'Sunil Patil','Residential','2025-09-13','Jyoti Hule ','Pest Control Service ','Cockroach Management Service ',9158328967,NULL,'sales@sevafacility.com','Ravet ','','Pune','Loss of Order','2025-09-15',0,'Maharashtra','Individual',NULL,'',1,NULL,NULL,NULL),(443,'Google',14,' Parag Dandegaonkar','Residential','2025-09-13','Trupti Desai','Pest Control Service','Cockroach Management',8380086558,NULL,'sales@sevafacility.com','Aundh - Ravet BRTS Rd, Ram Nagar, Tathawade, Pimpri-Chinchwad, Maharashtra 411033','','Pune','Hot','2025-09-10',0,'Maharashtra','Individual',NULL,'',1,NULL,NULL,NULL),(444,'Google',3,'DANIEL RAMESH','Residential','2025-09-16','Jyoti Hule','Product','Ratoout',8015033853,NULL,'sales@sevafacility.com','Chennai','','Chennai','Not Interested','2025-09-17',0,'Tamil Nadu','Individual',NULL,'',1,NULL,NULL,NULL),(445,'Indianmart',3,'Himanshu Railkar','Residential','2025-09-15','Jyoti Hule','Product','Hermetic Bags Grainpro',8888880019,NULL,'himanshurailkar@gmail.com','Pune','','Pune','Hot','2025-09-17',0,'Maharashtra','Individual',NULL,'',1,NULL,NULL,NULL),(446,'Google',3,'Rushikesh Suryawanshi','Residential','2025-09-16','Jyoti Hule','Pest Control','Cockroach Management Service',7276107209,NULL,'sales@sevafacility.com','PCMC','','Pune','Warm','2025-09-17',1,'Maharashtra','Individual',NULL,'',1,NULL,NULL,NULL),(447,'Google',NULL,'Bibek Jha','Industrial / Commercial','2025-09-15','Yogesh Pawar','Fumigation','MBR',8510005275,NULL,'mumbai.branch@Sevafacility.com','bhiwandi','','Mumbai City','Cold','2025-09-15',1,'Maharashtra','Individual',NULL,'',5,32,NULL,NULL),(448,'Google',4,'Madhuri Akojwar','Residential','2025-09-15','Siman Shaikh','Pest Control','Bed Bug Management',7020167811,9881996617,'sales@sevafacility.com','Flat no. A-102, Golden Treasures, Punawale.','','Pune','Hot','2025-09-16',0,'Maharashtra','Individual',NULL,NULL,1,NULL,NULL,NULL),(449,'Google',4,'Siddesh Abhang','Residential','2025-09-15','Siman Shaikh','Pest Control','Bed Bug Management',9130740800,NULL,'sales@sevafacility.com','PCMC','','Pune','Loss of Order','2025-09-15',0,'Maharashtra','Individual',NULL,'',1,NULL,NULL,NULL),(450,'Google',4,'A.k','Residential','2025-09-16','Siman Shaikh','Pest Control','Cockroach management',7350100178,NULL,'sales@sevafacility.com','PCMC','','Pune','Hot','2025-09-16',0,'Maharashtra','Individual',NULL,'',1,NULL,NULL,NULL),(451,'Google',4,'Shabana Parween','Residential','2025-09-16','Siman Shaikh','Pest Control','Cockroach management',9301689890,NULL,'sales@sevafacility.com','PCMC','','Pune','Warm','2025-09-16',1,'Maharashtra','Individual',NULL,NULL,1,NULL,NULL,NULL),(452,'Google',4,'Namrata Shah','Residential','2025-09-16','Siman Shaikh','Pest Control','Cockroach management',9637549454,NULL,'sales@sevafacility.com','PCMC','','Pune','Warm','2025-09-16',1,'Maharashtra','Individual',NULL,'',1,NULL,NULL,NULL),(453,'Google',4,'Mr V I','Residential','2025-09-16','Siman Shaikh','Pest Control','Cockroach management',9823886535,NULL,'sales@sevafacility.com','pune','','Pune','Hot','2025-09-16',0,'Maharashtra','Individual',NULL,'',1,NULL,NULL,NULL),(454,'Google',3,'Shafi Shaikh ','Residential','2025-09-16','Jyoti Hule','Pest Control','Cockroach Management Service',9881429261,NULL,'sales@sevafacility.com','PCMC','','Pune','NotInterested','2025-09-17',1,'Maharashtra','Individual',NULL,'',1,NULL,NULL,NULL),(455,'Google',4,'Tanushree Khapare','Residential','2025-09-15','Siman Shaikh','Pest Control','Cockroach management',9820185248,NULL,'sales@sevafacility.com','PCMC','','Pune','Hot','2025-09-15',1,'Maharashtra','Individual',NULL,'',1,NULL,NULL,NULL),(456,'Google',3,'Air Pratik HVAC Private Limited','Industrial / Commercial','2025-09-16','Jyoti Hule','Product','Mini Fogger Machine',8484855982,NULL,'purchase@airpratikhvac.com','938/B, Rajani Building, behind Freedy Go,Model Colony,Shivajinagar, Pune,Maharashtra 411005.','','Pune','Hot','2025-09-16',0,'Maharashtra','Organization',8484855982,'Aditya Sir',1,NULL,NULL,NULL),(457,'Google',14,'Pawan Dutte','Residential','2025-09-15','Trupti Desai','Pest Control Service','Bed Bugs Management',9920014058,NULL,'sales@sevafacility.com','Punawale','','Pune','Hot','2025-09-08',0,'Maharashtra','Individual',NULL,'',1,NULL,NULL,NULL),(458,'Google',14,'Rohini Waghmare','Residential','2025-09-15','Trupti Desai','Pest Control Service','Bed Bugs Management',9168809758,NULL,'sales@sevafacility.com','Wakad','','Pune','Hot','2025-09-15',0,'Maharashtra','Individual',NULL,'',1,NULL,NULL,NULL),(459,'Google',14,'Charul M','Residential','2025-09-15','Trupti Desai','Pest Control Service','Bed Bugs Management',9604215157,NULL,'sales@sevafacility.com','Pimpri','','Pune','Cold','2025-09-15',1,'Maharashtra','Individual',NULL,'',1,NULL,NULL,NULL),(460,'Google',NULL,'Sakshi Thakur ','Residential','2025-09-15','Laxman Hotkar ','Pest control Service ','Bed Bugs ',7028814592,NULL,'sevafacility616@gmail.com','Nigdi ','https://maps.app.goo.gl/MG7fypAEezNgu1Uo8','Pune','Hot','2025-09-18',1,'Maharashtra','Individual',NULL,NULL,1,28,NULL,NULL),(461,'Others',NULL,'Capitaland Group','Industrial / Commercial','2025-09-15','Rahul Chhetri','Pest Control Service','Pest Control Service',9850034951,NULL,'ankur.phadke@capitaland.com','Unit No. 607 & 608, 6th floor, Amar Business Park,Survey No.\r\n105 (3), Pune 411045','','Pune','Cold','2025-09-04',1,'Maharashtra','Organization',9850034951,'Ankur Phadke',1,24,NULL,NULL),(462,'Others',NULL,'Maharashtra Knowledge Corporation Ltd.','Industrial / Commercial','2025-09-16','Rahul Chhetri','Pest Control Service','General Pest Control Service ',9370287489,2040114500,'msptsec@mkcl.org','ICC Trade \r\nTower, ‘A’ Wing, 5th Floor, Senapati \r\nBapat Road, Shivajinagar, Pune 411016 ','https://maps.app.goo.gl/5YojZ7LD5s2RpxXTA?g_st=awb','Pune','Hot','2025-09-17',0,'Maharashtra','Organization',9370287489,'Pratibha Saraf',1,24,NULL,NULL),(463,'Customer Reference',NULL,'Sai Packing Industries ','Industrial / Commercial','2025-09-16','Prakash Chothe','Pest Control ','Woodborar',9359598131,NULL,'saipkgind@yahoo.com','Nigdi ','','Pune','Hot','2025-09-16',1,'Maharashtra','Organization',9359598131,'Archana ',1,29,NULL,NULL),(464,'Others',NULL,'Ganesh','Residential','2025-09-17','7447400616','Pest control ','Rodent ',9637782727,8485851802,'sevafacility616@gmail.com','Morwadi ','','Pune','Hot','2025-09-18',1,'Maharashtra','Individual',8485851802,'Ganesh',1,28,NULL,NULL),(465,'Others',NULL,'Amol Powle','Residential','2025-09-18','Himanshu Rathod','Pest Control Service','Cockroach Management',9820488541,NULL,'','G 2104, Puneville Phase 2, Pharande Spaces, Kate wasti, Punawale, Dattawadi, Pimpri Chinchwad, District Pune, Maharashtra - 411033','https://maps.app.goo.gl/LpJhx4qaAZJKQYmG7?g_st=aw','Pune','Hot','2025-09-17',0,'Maharashtra','Individual',NULL,'',1,23,NULL,NULL),(466,'Google',20,'Tanmay Kulkarni ','Residential','2025-09-18','sfs','Pestcontrol ','Pest1',9325661413,NULL,'tanmaykulkarni1413@gmail.com','pune ','','Pune','Hot','2025-09-18',1,'Maharashtra','Individual',NULL,NULL,1,NULL,NULL,NULL),(467,'Google',NULL,'Siraj Ansari ','Industrial / Commercial','2025-09-18','Yogesh Pawar','Fumigation','Stack Fumigation',8888356000,NULL,'','Padgha','','Mumbai City','Hot','2025-09-19',0,'Maharashtra','Individual',NULL,'',5,32,NULL,NULL),(468,'Google',NULL,'police','Residential','2025-09-18','Yogesh Pawar','Pest Control','Cockroach Management',8605000022,NULL,'','Bhiwandi','','Thane','Hot','2025-09-18',0,'Maharashtra','Individual',NULL,'',5,32,NULL,NULL),(469,'Google',4,'DBS Priyanka Rathore','Residential','2025-09-18','Siman Shaikh','Pest Control','Cockroach management',9607919506,NULL,'sales@sevafacility.com','PCMC','','Pune','Warm','2025-09-19',1,'Maharashtra','Individual',NULL,'',8,NULL,NULL,NULL),(470,'Google',NULL,'Sneha Bhandari','Residential','2025-09-19','Rajesh JOshi','Pest Control','Cockroach Management',8109045666,NULL,'','116, Malay Residency B Block','','Indore','Hot','2025-09-19',0,'Madhya Pradesh','Individual',NULL,'',8,30,NULL,NULL),(471,'Google',NULL,'Ruchika','Residential','2025-09-19','Rajesh JOshi','Pest Control','Cockroach Management',6260540897,NULL,'','Shahnai Residency','','Indore','Warm','2025-09-19',1,'Madhya Pradesh','Individual',NULL,'',8,30,NULL,NULL),(472,'Google',NULL,'Satyendra Kushwah','Residential','2025-09-19','Rajesh JOshi','Pest Control','Bedbug Management',9770040721,NULL,'','Sanwer Road','','Indore','Warm','2025-09-19',1,'Madhya Pradesh','Individual',NULL,'',8,30,NULL,NULL),(473,'Google',NULL,'Siddharth','Residential','2025-09-19','Rajesh JOshi','Pest Control','Cockroach Management',9582549199,NULL,'','Niranjanpur Square','','Indore','Hot','2025-09-19',0,'Madhya Pradesh','Individual',NULL,'',8,30,NULL,NULL),(474,'Google',NULL,'Jaya','Residential','2025-09-19','Rajesh JOshi','Pest Control','Cockroach Management',9893456656,NULL,'','Bangali Square','','Indore','Warm','2025-09-19',1,'Madhya Pradesh','Individual',NULL,'',8,30,NULL,NULL),(475,'Employee Reference',14,'Pritesh Shinkar','Residential','2025-09-19','Trupti Desai','Pest Control Service','Cockroach Management',9561150905,NULL,'','F1303, Runal Gateway,  Mukai Chowk , Kiwale','','Pune','Hot','2025-09-18',0,'Maharashtra','Individual',NULL,'',1,NULL,NULL,NULL),(476,'Customer Reference',NULL,'Techno Vision Engineers Pvt Ltd','Residential','2025-09-19','Prakash Chothe','Pest Control','Bed Bugs Service ',9588499972,9588499972,'operation.sevafacility@gmail.com','Aishwaryam Hamara, Behind Moshi Dmart, Flat no-1112, Chikhali ','https://maps.app.goo.gl/MvM9Cc46S1819p1G7','Pune','Hot','2025-07-16',0,'Maharashtra','Organization',9588499972,'Pravin Zunjare',1,29,NULL,NULL),(477,'Google',3,'Sagar Jadhav','Residential','2025-09-20','Jyoti Hule','Pest Control','Cockroach Management Service',9175003861,NULL,'','pcmc','','Pune','Hot','2025-09-22',1,'Maharashtra','Individual',NULL,'',1,NULL,NULL,NULL),(478,'Google',NULL,'Gunjan','Residential','2025-09-20','Rajesh Joshi','Pest Control','Cockroach Management',8602029149,NULL,'','HB-6, Gate No.2, Tashshila Parisar, Rajendra nagar','','Indore','Hot','2025-09-20',0,'Madhya Pradesh','Individual',NULL,'',8,30,NULL,NULL),(479,'Google',NULL,'Ankur Jain','Residential','2025-09-20','Rajesh JOshi','Pest Control','Cockroach Management',9826977066,NULL,'','Mahalaxmi Nagar','','Indore','Warm','2025-09-20',1,'Madhya Pradesh','Individual',NULL,'',8,30,NULL,NULL),(480,'Google',NULL,'Deepesh Kapoor','Residential','2025-09-20','Rajesh JOshi','Pest Control','Cockroach Management',9893049123,NULL,'','Mahalaxmi Nagar','','Indore','Warm','2025-09-20',1,'Madhya Pradesh','Individual',NULL,'',8,30,NULL,NULL),(481,'Google',NULL,'Nidhi Singh','Residential','2025-09-20','Rajesh Joshi','Pest Control','Anti Termite Treatment',6264480336,NULL,'','BangaliSquare','','Indore','Warm','2025-09-20',1,'Madhya Pradesh','Individual',NULL,'',8,30,NULL,NULL),(482,'Google',NULL,'Kartik','Residential','2025-09-20','Rajesh Joshi','Pest Control','Anti Termite Treatment',8956683113,NULL,'','Mahalaxmi Nagar','','Indore','Warm','2025-09-20',1,'Madhya Pradesh','Individual',NULL,'',8,30,NULL,NULL),(483,'Google',NULL,'Ayush','Residential','2025-09-20','Rajesh Joshi','Pest Control','Fly Management',9716164700,NULL,'','Bicholi Hapsi','','Indore','Warm','2025-09-20',1,'Madhya Pradesh','Individual',NULL,'',8,30,NULL,NULL),(484,'Employee Reference',14,'Nishigandha Vishal Verma ','Residential','2025-09-20','Trupti Desai','Pest Control Service','Cockroach Management',8149395799,8087738549,'','B 1501, Probo Prolix Pride,Shinde Wasti, Ravet','https://maps.app.goo.gl/hMGSaq6uikNVrtHUA','Pune','Hot','2025-09-20',0,'Maharashtra','Individual',NULL,'',1,NULL,NULL,NULL),(485,'Employee Reference',14,'Mayur Bharambe','Residential','2025-09-20','Trupti Desai ','Pest Control ','Cockroach Management ',9975874123,NULL,'','Flat no 201, Aarohi Park,Meena Colony, Vikas Nagar Road, Kiwale 412101','','Pune','Hot','2025-09-20',0,'Maharashtra','Individual',NULL,'',1,NULL,NULL,NULL),(486,'Employee Reference',14,'Jaya Chitranshi','Residential','2025-09-22','Trupti Desai','Pest Control Service','Cockroach Management',9049027799,NULL,'','Tower 9 Flat No 2101\r\nBlue Ridge Hinjewadi Phase1','','Pune','Hot','2025-09-22',0,'Maharashtra','Individual',NULL,'',1,NULL,NULL,NULL),(487,'Google',4,'Krunal Pawar','Residential','2025-09-22','Siman Shaikh','Pest Control','Bed Bug Management',8793805727,NULL,'sales@sevafacility.com','Ravet','','Pune','Warm','2025-09-22',1,'Maharashtra','Individual',NULL,'',1,NULL,NULL,NULL),(488,'Google',NULL,'Vikas Goyel','Industrial / Commercial','2025-09-22','Rajesh Joshi','Pest Control','Cockroach Management',8109008180,NULL,'','Vijay Nagar','','Indore','Warm','2025-09-22',1,'Madhya Pradesh','Individual',NULL,'',8,30,NULL,NULL),(489,'Google',NULL,'Anshul Gupta','Residential','2025-09-22','Siman sheikh','Pest control ','CM',9158971971,NULL,'','Trimurti Nagar ','','Nagpur','Warm','2025-09-22',1,'Maharashtra','Individual',NULL,'',9,13,NULL,NULL),(490,'Google',NULL,'Mohit Vyas','Residential','2025-09-22','Rajesh Joshi','Pest Control','Cockroach Management',8770807265,NULL,'','Bicholi Happsi','','Indore','Warm','2025-09-22',1,'Madhya Pradesh','Individual',NULL,'',8,30,NULL,NULL),(491,'Google',NULL,'Shamoy','Residential','2025-09-22','Rajesh Joshi','Pest Control','Cockroach Management',7772951849,NULL,'','Dhar Road','','Indore','Warm','2025-09-01',1,'Madhya Pradesh','Individual',NULL,'',8,30,NULL,NULL),(492,'Google',3,'Vaibhav S','Residential','2025-09-22','Jyoti Hule','Pest Control','Cockroach Management Service',9527283114,NULL,'','Hinjewadi','','Pune','Not Interested','2025-09-23',0,'Maharashtra','Individual',NULL,'',1,NULL,NULL,NULL),(493,'Google',NULL,'not connected','Residential','2025-09-22','Rajesh Joshi','Pest Control','Cockroach Management',7772888717,NULL,'','indore','','Indore','NotInterested','2025-09-01',1,'Madhya Pradesh','Individual',NULL,'',8,30,NULL,NULL),(494,'Google',NULL,'Rounak Khandelwal','Residential','2025-09-22','Rajesh Joshi','Pest Control','Cockroach Management',9407038999,NULL,'','Dhar Road','','Indore','Warm','2025-09-02',1,'Madhya Pradesh','Individual',NULL,'',8,30,NULL,NULL),(495,'Google',NULL,'Dipti Bajaj','Residential','2025-09-22','Rajesh Joshi','Pest Control','Cockroach Management',9407163103,NULL,'','Pipliyahana','','Indore','Warm','2025-09-02',1,'Madhya Pradesh','Individual',NULL,'',8,30,NULL,NULL),(496,'Google',NULL,'Gourav Rai','Residential','2025-09-22','Rajesh Joshi','Pest Control','Cockroach Management',9967285793,NULL,'','Shiv Vatika','','Indore','Warm','2025-09-03',1,'Madhya Pradesh','Individual',NULL,'',8,30,NULL,NULL),(497,'Google',NULL,'Sarvesh Pandey','Residential','2025-09-22','Rajesh Joshi','Pest Control','Anti Termite Treatment',9993652952,NULL,'','Vijay Nagar','','Indore','Warm','2025-09-04',1,'Madhya Pradesh','Individual',NULL,'',8,30,NULL,NULL),(498,'Google',NULL,'Gagan','Residential','2025-09-22','Rajesh Joshi','Pest Control','Anti Termite Treatment',9425933333,NULL,'','Rajwada','','Indore','Warm','2025-09-04',1,'Madhya Pradesh','Individual',NULL,'',8,30,NULL,NULL),(499,'Google',NULL,'Sneha Jain','Residential','2025-09-22','Rajesh Joshi','Pest Control','Cockroach Management',9993588704,NULL,'','Aurvindo Hospital Area','','Indore','Hot','2025-09-05',1,'Madhya Pradesh','Individual',NULL,'',8,30,NULL,NULL),(500,'Google',NULL,'Parag Rege','Residential','2025-09-22','Rajesh Joshi','Pest Control','Bedbug Management',7869450319,NULL,'','Sukhliya','','Indore','Warm','2025-09-06',1,'Madhya Pradesh','Individual',NULL,'',8,30,NULL,NULL),(501,'Google',NULL,'not connected','Residential','2025-09-22','Rajesh Joshi','Pest Control','Cockroach Management',9784520000,NULL,'','Indore','','Indore','NotInterested','2025-09-09',1,'Madhya Pradesh','Individual',NULL,'',8,30,NULL,NULL),(502,'Google',NULL,'Aysh Sharma','Residential','2025-09-22','Rajesh Joshi','Pest Control','Cockroach Management',7509878888,NULL,'','Nipania','','Indore','Warm','2025-09-09',1,'Madhya Pradesh','Individual',NULL,'',8,30,NULL,NULL),(503,'Google',NULL,'Dinesh Sharma','Residential','2025-09-22','Rajesh Joshi','Pest Control','Bedbug Management',9770566594,NULL,'','Aerodrum Road','','Indore','Warm','2025-09-09',1,'Madhya Pradesh','Individual',NULL,'',8,30,NULL,NULL),(504,'Google',NULL,'Purva Tiwari','Residential','2025-09-22','Rajesh Joshi','Pest Control','Cockroach Management',9425052219,NULL,'','Bangali Square','','Indore','Hot','2025-09-11',1,'Madhya Pradesh','Individual',NULL,'',8,30,NULL,NULL),(505,'Google',NULL,'Dr. Rijil','Residential','2025-09-22','Rajesh Joshi','Pest Control','Cockroach Management',9826267333,NULL,'','Bangali Square','','Indore','Hot','2025-09-11',1,'Madhya Pradesh','Individual',NULL,'',8,30,NULL,NULL),(506,'Google',NULL,'Saket Sahoo','Residential','2025-09-22','Rajesh Joshi','Pest Control','Cockroach Management',8602651034,NULL,'','Dewas Naka','','Indore','Warm','2025-09-12',1,'Madhya Pradesh','Individual',NULL,'',8,30,NULL,NULL),(507,'Google',NULL,'Uday','Residential','2025-09-22','Rajesh Joshi','Pest Control','Cockroach Management',9827563771,NULL,'','Keshar Bagh Road','','Indore','Warm','2025-09-12',1,'Madhya Pradesh','Individual',NULL,'',8,30,NULL,NULL),(508,'Google',NULL,'not connected','Residential','2025-09-22','Rajesh Joshi','Pest Control','Cockroach Management',8770025732,NULL,'','Indore','','Indore','NotInterested','2025-09-13',1,'Madhya Pradesh','Individual',NULL,'',8,30,NULL,NULL),(509,'Google',NULL,'Vaishnavi Agrawal','Residential','2025-09-22','Rajesh Joshi','Pest Control','Cockroach Management',9302791900,NULL,'','Singapur Township','','Indore','Warm','2025-09-13',1,'Madhya Pradesh','Individual',NULL,'',8,30,NULL,NULL),(510,'Google',NULL,'Manoj','Residential','2025-09-22','Yogesh Pawar','Pest Control','Cockroach Management and Termite',9820345864,NULL,'','Bhiwandi','','Thane','Hot','2025-09-22',0,'Maharashtra','Individual',NULL,'',5,32,NULL,NULL),(511,'Google',NULL,'Vishal Mane','Residential','2025-09-22','Yogesh Pawar','Pest Control','Cockroach Management',9820901986,NULL,'','Kalher','','Thane','Cold','2025-09-22',0,'Maharashtra','Individual',NULL,'',5,32,NULL,NULL),(512,'Google',NULL,'Manish Mandev','Residential','2025-09-22','Rajesh Joshi','Pest Control','Anti Termite Treatment',8319997042,NULL,'','Bangali Square','','Indore','Warm','2025-09-13',1,'Madhya Pradesh','Individual',NULL,'',8,30,NULL,NULL),(513,'Google',NULL,'Chintan Doshi','Residential','2025-09-22','Yogesh Pawar','Pest Control','termite treatment',9082954231,NULL,'','Thane','','Thane','Hot','2025-09-22',0,'Maharashtra','Individual',NULL,'',5,32,NULL,NULL),(514,'Google',NULL,'Rajesh','Residential','2025-09-22','Rajesh Joshi','Pest Control','Cockroach Management',7471113664,NULL,'','Indore','','Indore','NotInterested','2025-09-13',1,'Madhya Pradesh','Individual',NULL,'',8,30,NULL,NULL),(515,'Google',NULL,'Rajesh','Residential','2025-09-22','Rajesh Joshi','Pest Control','Cockroach Management',7879532457,NULL,'','Indore','','Indore','NotInterested','2025-09-14',1,'Madhya Pradesh','Individual',NULL,'',8,30,NULL,NULL),(516,'Google',NULL,'Akhilesh Sharma','Residential','2025-09-22','Rajesh Joshi','Pest Control','Cockroach Management',8269203445,NULL,'','Marimata Square','','Indore','Warm','2025-09-15',1,'Madhya Pradesh','Individual',NULL,'',8,30,NULL,NULL),(517,'Others',NULL,'Poojan Developers','Industrial / Commercial','2025-09-21','Rahul Chhetri',' Anti Termite Treatment','Pre Construction',9975579451,NULL,'anandshinde6811@gmail.com',' No.7/1, 7/1/B/10/6, 7/11, 8/3/A/1(P), Village-Nighotwadi,\r\nTaluka-Ambegaon, Pune,Maharashtra.','','Pune','Hot','2025-09-22',1,'Maharashtra','Organization',9975579451,'Mr. Anand Shinde',1,24,NULL,NULL),(518,'Google',NULL,'Avdhesh','Residential','2025-09-22','Rajesh Joshi','Pest Control','Bedbug Management',8085113133,NULL,'','Geeta Bhavan','','Indore','Warm','2025-09-16',1,'Madhya Pradesh','Individual',NULL,'',8,30,NULL,NULL),(519,'Google',NULL,'Ruchi Jain','Residential','2025-09-22','Rajesh Joshi','Pest Control','Cockroach Management',9630021259,NULL,'','Bijalpur','','Indore','Warm','2025-09-16',1,'Madhya Pradesh','Individual',NULL,'',8,30,NULL,NULL),(520,'Google',NULL,'Priti Kapadiya','Residential','2025-09-22','Rajesh Joshi','Pest Control','Cockroach Management',9300802828,NULL,'','Amitesh Nagar','','Indore','Warm','2025-09-16',1,'Madhya Pradesh','Individual',NULL,'',8,30,NULL,NULL),(521,'Google',NULL,'Rajesh','Residential','2025-09-22','Rajesh Joshi','Pest Control','Cockroach Management',9752259193,NULL,'','Indore','','Indore','NotInterested','2025-09-16',1,'Madhya Pradesh','Individual',NULL,'',8,30,NULL,NULL),(522,'Google',NULL,'Ashish Baghel','Residential','2025-09-22','Rajesh Joshi','Pest Control','Cockroach Management',8109551067,NULL,'','Aurvindo Hospital Area','','Indore','Warm','2025-09-16',1,'Madhya Pradesh','Individual',NULL,'',8,30,NULL,NULL),(523,'Google',NULL,'Yash Shinde','Residential','2025-09-22','Rajesh Joshi','Pest Control','Anti Termite Treatment',9131169221,NULL,'','Vijay Nagar','','Indore','Warm','2025-09-16',1,'Madhya Pradesh','Individual',NULL,'',8,30,NULL,NULL),(524,'Google',NULL,'Abhinav Yadav','Residential','2025-09-22','Rajesh Joshi','Pest Control','Anti Termite Treatment',8982544225,8850792695,'','Tulsi Nagar','','Indore','Warm','2025-09-17',1,'Madhya Pradesh','Individual',NULL,'',8,30,NULL,NULL),(525,'Google',NULL,'Rajesh','Residential','2025-09-22','Rajesh Joshi','Pest Control','Cockroach Management',7947057478,NULL,'','Indore','','Indore','NotInterested','2025-09-17',1,'Madhya Pradesh','Individual',NULL,'',8,30,NULL,NULL),(526,'Google',NULL,'Rajesh Jain','Residential','2025-09-22','Rajesh Joshi','Pest Control','Ant Management',9425514890,NULL,'','Talawali Chanda','','Indore','Warm','2025-09-17',1,'Madhya Pradesh','Individual',NULL,'',8,30,NULL,NULL),(527,'Google',NULL,'Kanishak','Residential','2025-09-22','Rajesh Joshi','Pest Control','Cockroach Management',8130352451,NULL,'','Nipania','','Indore','Warm','2025-09-17',1,'Madhya Pradesh','Individual',NULL,'',8,30,NULL,NULL),(528,'Google',NULL,'Manish shelke','Residential','2025-09-22','kisan mankar','pest management','Bedbugs  managment',9960940402,NULL,'','nawate plot','','Amravati','Hot','2025-09-22',1,'Maharashtra','Individual',NULL,'',4,40,NULL,NULL),(529,'Google',NULL,'kiran pinjarkar','Residential','2025-09-22','kisan mankar','pest management','termite managmnet',8830370151,NULL,'','amravati','','Amravati','Cold','2025-09-22',1,'Maharashtra','Individual',NULL,'',4,40,NULL,NULL),(530,'Google',NULL,'Mahesh ramdhani','Residential','2025-09-22','kisan mankar','pest management','termite managmnet',9422168143,NULL,'','Nanded','','Nanded','Warm','2025-09-22',1,'Maharashtra','Individual',NULL,'',4,40,NULL,NULL),(531,'Google',NULL,'DEEPA  KHALADKAR','Residential','2025-09-22','kisan mankar','pest management','Bedbugs  managment',9422323667,NULL,'','amravati','','Amravati','Cold','2025-09-22',1,'Maharashtra','Individual',NULL,'',4,40,NULL,NULL),(532,'Google',NULL,'Atik prins','Residential','2025-09-22','kisan mankar','pest management','pest managmnet',7821085485,NULL,'','Amravati','','Amravati','Cold','2025-09-11',1,'Maharashtra','Individual',NULL,'',4,40,NULL,NULL),(533,'Google',NULL,'Ramesh dhangar','Residential','2025-09-22','kisan mankar','pest management','termite managmnet',9518584174,NULL,'','washim','','Washim','Warm','2025-09-12',1,'Maharashtra','Individual',NULL,'',4,40,NULL,NULL),(534,'Google',NULL,'yogendra kannao','Residential','2025-09-22','kisan mankar','pest management','cockroach Managmente ',9405074099,NULL,'','dastur nagar','','Amravati','Warm','2025-09-15',1,'Maharashtra','Individual',NULL,'',4,40,NULL,NULL),(535,'Google',NULL,'sandeep gulhane','Residential','2025-09-22','kisan mankar','pest management','Bedbugs  managment',8484981981,NULL,'','saturna','','Amravati','Hot','2025-09-15',1,'Maharashtra','Individual',NULL,'',4,40,NULL,NULL),(536,'Google',NULL,'Sanjeev kumar','Residential','2025-09-22','kisan mankar','pest management','cockroach Managmente ',7020401223,NULL,'','Amravati','','Amravati','Warm','2025-09-15',1,'Maharashtra','Individual',NULL,'',4,40,NULL,NULL),(537,'Google',NULL,'Shabbier hussain','Residential','2025-09-22','kisan mankar','pest management','Bedbugs  managment',9422156640,NULL,'','jawahar gate','','Amravati','Warm','2025-09-16',1,'Maharashtra','Individual',NULL,'',4,40,NULL,NULL),(538,'Google',NULL,'Amol wajurkar','Residential','2025-09-22','kisan mankar','pest management','bandicoot managment',8983795531,NULL,'','wadali','','Amravati','Hot','2025-09-17',1,'Maharashtra','Individual',NULL,'',4,40,NULL,NULL),(539,'Google',NULL,'Pravin  Tupat','Residential','2025-09-22','kisan mankar','pest management','Bedbugs  managment',8623943677,NULL,'','Mangaldham, Dasturnagar.\r\n','','Amravati','Warm','2025-09-17',1,'Maharashtra','Individual',NULL,'',4,40,NULL,NULL),(540,'Google',NULL,'Ajay sharma','Residential','2025-09-22','kisan mankar','pest management','termite managmnet',7747047659,NULL,'','Amravati','','Amravati','Warm','2025-09-19',1,'Maharashtra','Individual',NULL,'',4,40,NULL,NULL),(541,'Google',NULL,'sarika nimgawkar','Residential','2025-09-22','kisan mankar','pest management','cockroach Managmente ',7066139167,NULL,'amravati.sevafacility@gmail.com','Dastur nagar','','Amravati','Warm','2025-09-19',1,'Maharashtra','Individual',NULL,'',4,40,NULL,NULL),(542,'Google',NULL,'Gajanan nandurkar','Residential','2025-09-22','kisan mankar','pest management','Bedbugs  managment',8390841063,NULL,'','gadgadeswar amravati','','Amravati','Hot','2025-09-21',1,'Maharashtra','Individual',NULL,'',4,40,NULL,NULL),(543,'Google',NULL,'Rahul gajbhiya','Industrial / Commercial','2025-09-22','kisan mankar','pest management','Rodent Managment',8378841492,9420721265,'','Midc area','','Amravati','Warm','2025-09-22',1,'Maharashtra','Organization',9420721265,'oxygen',4,40,NULL,NULL),(544,'Google',NULL,'NA','Industrial / Commercial','2025-09-23','Yogesh Pawar','Pest Control','General Pest  Control Service',8291812010,NULL,'','Bhumi World','','Thane','Warm','2025-09-30',1,'Maharashtra','Organization',8291812010,'Feroz Kinlong',5,32,NULL,NULL),(545,'Google',NULL,'AAA Corp','Industrial / Commercial','2025-09-23','Yogesh Pawar','Fumigation','Pallet Fumigation ',7506221569,NULL,'','NA','','Thane','Warm','2025-09-30',1,'Maharashtra','Organization',7506221569,'Mukund Ghate ',5,32,NULL,NULL),(546,'Google',NULL,'Vishal Patil ','Residential','2025-09-23','Yogesh Pawar','Pest Control','Bedbug Management Service',7030178794,NULL,'','Bhiwandi','','Thane','Warm','2025-09-30',1,'Maharashtra','Individual',NULL,'',5,32,NULL,NULL),(547,'Google',NULL,'Hariom Store','Residential','2025-09-23','Yogesh Pawar','Pest Control','General Pest  Control Service',9022191811,NULL,'','Bhiwandi','','Thane','Warm','2025-09-30',1,'Maharashtra','Individual',NULL,'',5,32,NULL,NULL),(548,'Others',NULL,'Rakhi Laddha ','Residential','2025-09-22','7447400616','Pest control ','Cockroach Management ',9922007828,NULL,'sevafacility616@gmail.com','Pune ','','Pune','Hot','2025-09-23',0,'Maharashtra','Individual',NULL,NULL,1,28,NULL,NULL),(549,'Google',14,'Raj Ahir','Residential','2025-09-22','Trupti Desai','Pest Control Service','Bed Bugs Management',7775010751,NULL,'','Pune','','Pune','Hot','2025-09-04',0,'Maharashtra','Individual',NULL,'',1,NULL,NULL,NULL),(550,'Google',14,'Aniket Gerde','Residential','2025-09-22','Trupti Desai','Pest Control Service','Cockroach Management',7208940918,NULL,'','Pune','','Pune','Cold','2025-09-06',1,'Maharashtra','Individual',NULL,'',1,NULL,NULL,NULL),(551,'Google',14,'Sujit B','Residential','2025-09-23','Trupti Desai','Pest Control Service','Bed Bugs Management',8600146486,NULL,'','Dhanori','','Pune','Cold','2025-09-23',1,'Maharashtra','Individual',NULL,'',1,NULL,NULL,NULL),(552,'Google',14,'Gaurav Matre','Residential','2025-09-22','Trupti Desai','Pest Control Service','Cockroach Management',7083156765,NULL,'','Chinchwad','','Pune','Hot','2025-09-10',0,'Maharashtra','Individual',NULL,'',1,NULL,NULL,NULL),(553,'Google',14,'Amol Shinde','Residential','2025-09-22','Trupti Desai','Pest Control Service','Bed Bugs Management',9834080583,NULL,'','Ravet ','','Pune','Hot','2025-09-10',0,'Maharashtra','Individual',NULL,'',1,NULL,NULL,NULL),(554,'Google',14,'Dinesh Jaybhay','Residential','2025-09-22','Trupti Desai','Pest Control Service','Cockroach Management',9561015344,NULL,'','Punawale','','Pune','Hot','2025-09-11',1,'Maharashtra','Individual',NULL,'',1,NULL,NULL,NULL),(555,'Google',14,'Maroti Damkondwar','Residential','2025-09-22','Trupti Desai','Pest Control Service','Cockroach Management',8421947460,NULL,'','Ravet','','Pune','Hot','2025-09-11',1,'Maharashtra','Individual',NULL,'',6,NULL,NULL,NULL),(556,'Google',14,'P M','Residential','2025-09-22','Trupti Desai','Pest Control Service','Bed Bugs Management',8949599834,NULL,'','Navi Peth, Pune','','Pune','Hot','2025-09-12',1,'Maharashtra','Individual',NULL,'',1,NULL,NULL,NULL),(557,'Google',NULL,'Jayant kale','Residential','2025-09-23','Kisan mankar ','Pest management ','Termite management ',9420237516,NULL,'','Patel nagar','','Amravati','Hot','2025-09-23',1,'Maharashtra','Individual',NULL,'',4,40,NULL,NULL),(558,'Google',NULL,'Nandakishor  thakur','Residential','2025-09-23','Kisan mankar ','Pest management ','Ant management ',8806325958,NULL,'','Amravati ','','Amravati','Hot','2025-09-23',1,'Maharashtra','Individual',NULL,'',4,40,NULL,NULL),(559,'Customer Reference',NULL,'Rutuja K.','Residential','2025-09-23','Prakash Chothe','Pest Control ','Woodborar',9823045354,9823045354,'','Tower No -21, Flat No -1703,,Lodha Belmonodo,Opp Gahunje Studium, pune ','','Pune','Warm','2025-09-24',1,'Maharashtra','Individual',NULL,'',1,29,NULL,NULL),(560,'Customer Reference',NULL,'Rutuja K.','Residential','2025-09-23','Prakash Chothe','Pest Control ','Woodborar',9823045354,9823045354,'','Tower No -21, Flat No -1703,,Lodha Belmonodo,Opp Gahunje Studium, pune ','','Pune','Warm','2025-09-24',1,'Maharashtra','Individual',NULL,'',1,29,NULL,NULL),(561,'Customer Reference',NULL,'Ram sir','Residential','2025-09-23','Prakash Chothe','Pest Control ','Cockroach Management service ',7774016213,NULL,'','The Green Gate Resort,Plot No -96,Dhloakwadi','','Pune','Hot','2025-09-24',1,'Maharashtra','Individual',NULL,'',1,29,NULL,NULL),(562,'Customer Reference',NULL,'Ram sir','Residential','2025-09-23','Prakash Chothe','Pest Control ','Cockroach Management service ',7774016213,NULL,'','The Green Gate Resort plot no-96,Dholakwadi, Mulish, Pune ','','Pune','Hot','2025-09-24',1,'Maharashtra','Individual',NULL,'',1,29,NULL,NULL),(563,'Indianmart',NULL,'Rahul Mandre','Residential','2025-09-24','Yogesh Pawar','Pest Control','Rat Guard Installation',9930291020,NULL,'','Navi Mumbai','','Mumbai Suburban','Cold','2025-09-24',1,'Maharashtra','Individual',NULL,'',5,32,NULL,NULL),(564,'Google',14,'Azmina Khoja','Residential','2025-09-23','Trupti Desai','Pest Control Service','Cockroach Management',8169894276,NULL,'','Kondhawa','','Pune','Not Interested','2025-09-13',1,'Maharashtra','Individual',NULL,'',1,NULL,NULL,NULL),(565,'Google',14,'Neetu Dubey','Residential','2025-09-24','Trupti Desai','Pest Control Service','Bed Bugs Management',9373614907,NULL,'','Pune','','Pune','Not Interested','2025-09-13',1,'Maharashtra','Individual',NULL,'',1,NULL,NULL,NULL),(566,'Google',14,'Sahil Sakhalkar','Residential','2025-09-23','Trupti Desai','Pest Control Service','Cockroach Management',9673128449,NULL,'','Nigadi','','Pune','Loss of Order','2025-09-13',1,'Maharashtra','Individual',NULL,'',1,NULL,NULL,NULL),(567,'Others',NULL,'Rajendra Kale','Residential','2025-09-25','Hiraman Rathod','Pest Control Service','Bed Bugs Management',9822528949,NULL,'','Thergaon','','Pune','Hot','2025-09-25',0,'Maharashtra','Individual',NULL,'',6,25,NULL,NULL),(568,'Employee Reference',NULL,'Ganesh Shrishti Hsg Society','Industrial / Commercial','2025-09-25','Laxman Hotkar','Pest Control Service','Pest Control Service',8238001815,NULL,'','Sec- 29 L2 Near D-mart Ravet','','Pune','Hot','2025-09-12',1,'Maharashtra','Organization',8238001815,'Rajendra Raul ',1,28,NULL,NULL),(569,'Employee Reference',14,'Nakul Aima','Residential','2025-09-24','Trupti Desai','Pest Control Service','Cockroach Management',9881300616,NULL,'','Baner','','Pune','Hot','2025-09-23',1,'Maharashtra','Individual',NULL,'',1,NULL,NULL,NULL),(570,'Google',3,'Anu Tilani','Residential','2025-09-25','Jyoti Hule','Pest Control','Cockroach Management Service',9028362206,NULL,'','Ashwani Apt  ,First floor Room No 02.Power house road Pimpri 411017.','','Pune','Hot','2025-09-25',0,'Maharashtra','Individual',NULL,'',1,NULL,NULL,NULL),(571,'Google',NULL,'Sunil gaurkhede','Residential','2025-09-25','Kisan mankar ','Pest management ','Termite management ',9834347627,NULL,'','Pundlikbaba colony ','','Amravati','Hot','2025-09-25',1,'Maharashtra','Individual',NULL,'',4,40,NULL,NULL),(572,'Google',NULL,'not connected','Residential','2025-09-26','Rajesh Joshi','Pest Control','Cockroach Management',9827579949,NULL,'','Indore','','Indore','Warm','2025-09-23',1,'Madhya Pradesh','Individual',NULL,'',8,30,NULL,NULL),(573,'Google',NULL,'Habil Bohra','Residential','2025-09-26','Rajesh Joshi','Pest Control','Rodent Management',9425739299,NULL,'','Nemawar Road','','Indore','Hot','2025-09-24',1,'Madhya Pradesh','Individual',NULL,'',8,30,NULL,NULL),(574,'Google',NULL,'Vicky Thakur','Residential','2025-09-26','Rajesh Joshi','Pest Control','Cockroach Management',8871378000,NULL,'','Cat Chouraha','','Indore','Hot','2025-09-26',1,'Madhya Pradesh','Individual',NULL,'',8,30,NULL,NULL),(575,'Google',NULL,'Siddharth','Residential','2025-09-26','Rajesh Joshi','Pest Control','Rodent Management',9131135567,NULL,'','Bangali Square','','Indore','Warm','2025-09-26',1,'Madhya Pradesh','Individual',NULL,'',8,30,NULL,NULL),(576,'Google',NULL,'Suraj','Industrial / Commercial','2025-09-26','Rajesh Joshi','Pest Control','Rodent Management',9009575116,NULL,'','Bapat Square','','Indore','Warm','2025-09-26',1,'Madhya Pradesh','Individual',NULL,'',8,30,NULL,NULL),(577,'Indianmart',NULL,'Nitin Verma','Industrial / Commercial','2025-09-26','Rajesh Joshi','Pest Control','Mosquito Management',9893214935,NULL,'','Rewa','','Indore','Warm','2025-09-26',1,'Madhya Pradesh','Individual',NULL,'',8,30,NULL,NULL),(578,'Google',NULL,'Rachna Patidar','Residential','2025-09-26','Rajesh Joshi','Pest Control','Cockroach Management',7987196323,NULL,'','Talawali Chanda','','Indore','Warm','2025-09-26',1,'Madhya Pradesh','Individual',NULL,'',8,30,NULL,NULL),(579,'Employee Reference',14,'Nikhil Birajdar','Residential','2025-09-25','Trupti Desai','Pest Control Service','Bed Bugs Management',9766000941,NULL,'','Flat no 8, block A5, new skf colony, opposite to kamini hotel, Chinchwad','','Pune','Hot','2025-09-25',0,'Maharashtra','Individual',NULL,'',1,NULL,NULL,NULL),(580,'Others',NULL,'Shrikant Saboo ','Residential','2025-09-26','Laxman Hotkar ','Pest control Service ','Cockroach Management service ',9860434446,NULL,'','NANDAN SPECTRA\"\r\nB-801,Surevy No 23\r\nRamnagar, Balewadi Rd, Baner, Pune, Maharashtra 411045.\r\nNearest land mark - Behind MNGL CNG Pump, Balewadi','','Pune','Hot','2025-09-26',0,'Maharashtra','Individual',NULL,'',1,28,NULL,NULL),(581,'Others',NULL,'Madhur Hamine','Residential','2025-09-26','Laxman Hotkar','Pest Control Service','Cockroach Management',9422488474,NULL,'sales@sevafacility.com','\"NANDAN SPECTRA Society B-802 Surevy No 23Ramnagar, Balewadi Rd, Baner, Pune','','Pune','Hot','2025-09-27',0,'Maharashtra','Individual',NULL,'None',1,28,NULL,NULL),(582,'BNI',NULL,'Dr. Minnal Tulsani','Residential','2025-09-26','Kiran  Mahajan','Pest Control','Bed Bug Management',9921181287,NULL,'','Sai Kunj Opp Madina Carers Near Royal Word School Pimri 17 ','https://share.google/J96ZvUSyly9dNtnKD','Pune','Hot','2025-09-27',0,'Maharashtra','Individual',9921181287,'Dr. Minnal Tulsani',1,25,NULL,NULL),(583,'Google',NULL,'Sameer pachkawde','Residential','2025-09-26','Kisan mankar ','Pest management ','Prophylactic treatment ',7276278711,NULL,'','Ravi nagar','','Amravati','Hot','2025-09-27',1,'Maharashtra','Individual',NULL,'',4,40,NULL,NULL),(584,'Employee Reference',14,'Aniruddha R. Patki','Residential','2025-09-26','Trupti Desai','Pest Control Service','Cockroach Management',8605547180,NULL,'','Flat No. 10, B Wing, B-10, Shree Krishna Icon, Sector 29,  Ravet Pradhikaran, \r\nPlot 9 To 12, near Govindham Iscon temple.\r\nPIMPRI CHINCHWAD\r\nMAHARASHTRA Pune\r\n412101','','Pune','Hot','2025-09-25',0,'Maharashtra','Individual',NULL,'',6,NULL,NULL,NULL),(585,'Google',NULL,'Bhagyashree','Residential','2025-09-27','Trupti ','Pest control ','Prophylactic treatment ',9730428649,NULL,'','Hingna','','Nagpur','Warm','2025-09-27',1,'Maharashtra','Individual',NULL,'',9,13,NULL,NULL),(586,'Google',20,'Ganesh TEIM ','Residential','2025-09-27','9325661413','Pestcontrol ','liquid',7030548694,NULL,'test@gmail.com','Hingane ','','Pune','Hot','2025-09-27',1,'Maharashtra','Individual',NULL,NULL,1,NULL,NULL,NULL),(587,'Justdial',20,'Ganesh TEIM ','Industrial / Commercial','2025-09-27','9325661413','Pestcontrol ','liquid',7030548694,NULL,'','Pune','','Pune','Warm','2025-09-27',1,'Maharashtra','Individual',NULL,'',1,NULL,NULL,NULL),(588,'Google',3,'Lalit Manohar Badhe','Residential','2025-09-29','Jyoti Hule','Pest Control','Cockroach Management Service',9930899171,9518926471,'sales@sevafacility.com','L-204 \'Omega Paradise\' Shankar Kalat Nagar, Datta Mandir Road, Wakad, Pimpri-Chinchwad, Maharashtra 411057.','','Pune','Hot','2025-09-29',0,'Maharashtra','Individual',NULL,NULL,1,NULL,NULL,NULL),(589,'Google',NULL,'Rohit Borse','Residential','2025-09-29','Laxman Hotkar','Pest Control Service','Cockroach Management',9422284720,NULL,'','Balewadi','','Pune','Hot','2025-09-29',0,'Maharashtra','Individual',NULL,'',1,28,NULL,NULL),(590,'Google',14,'Abhijeet Khadikar','Residential','2025-09-29','Trupti Desai','Pest Control Service','Cockroach Management',7020701152,7709012302,'','Flat F-403, Greens Society, Aditya Birla Hospital Road, Thergaon, Pune,  411033','','Pune','Hot','2025-09-29',0,'Maharashtra','Individual',NULL,'',1,NULL,NULL,NULL),(591,'Google',14,'Saswati Saha ','Residential','2025-09-29','Trupti Desai','Pest Control Service','Cockroach Management',9051579520,NULL,'','Hinjewadi','','Pune','Cold','2025-09-15',1,'Maharashtra','Individual',NULL,'',1,NULL,NULL,NULL),(592,'Employee Reference',3,'Mrs. Radhika Ursekar ','Residential','2025-09-29','Jyoti Hule','Pest Control','Cockroach Management Service',9922027878,NULL,'','Flat No. 1002 Hill View Lane NO. 15, Bhandarkar Rd, Deccan Gymkhana, Pune, Maharashtra 411004','','Pune','Hot','2025-09-30',0,'Maharashtra','Individual',NULL,'',1,NULL,NULL,NULL),(593,'Google',14,'Monika Bharambe','Residential','2025-09-30','Trupti Desai','Pest Control Service','Cockroach Management',7743880951,NULL,'','Wakad','','Pune','Warm','2025-09-30',1,'Maharashtra','Individual',NULL,'',1,NULL,NULL,NULL),(594,'Indianmart',14,'Veena','Residential','2025-09-30','Trupti Desai','Pest Control Service','Bed Bugs Management',9422341936,NULL,'','Kondhwa','','Pune','Cold','2025-09-30',1,'Maharashtra','Individual',NULL,'',6,NULL,NULL,NULL),(595,'Others',14,'Bhavesh','Residential','2025-09-29','Trupti Desai','Pest Control Service','Bed Bugs Management',9021626555,NULL,'','Chinchwad','','Pune','Cold','2025-09-29',1,'Maharashtra','Individual',NULL,'',1,NULL,NULL,NULL),(596,'Google',14,'Chitra Chaudhari','Residential','2025-09-29','Trupti Desai','Pest Control Service','Cockroach Management',9028315783,NULL,'','Ravet','','Pune','Cold','2025-09-29',1,'Maharashtra','Individual',NULL,'',1,NULL,NULL,NULL),(597,'Google',14,'Ankita Shukla','Residential','2025-09-29','Trupti Desai','Pest Control Service','Cockroach Management',9451438549,NULL,'','Chinchwad','','Pune','Cold','2025-09-26',1,'Maharashtra','Individual',NULL,'',1,NULL,NULL,NULL),(598,'Google',14,'Arya Jawanjal','Residential','2025-09-29','Trupti Desai','Pest Control Service','Cockroach Management',7385586208,NULL,'','Kiwale','','Pune','Cold','2025-09-26',1,'Maharashtra','Individual',NULL,'',1,NULL,NULL,NULL),(599,'Employee Reference',14,'Kailash Korde','Residential','2025-09-29','Trupti Desai','Pest Control Service','Cockroach Management',9552542665,NULL,'','Ravet','','Pune','Cold','2025-09-25',1,'Maharashtra','Individual',NULL,'',1,NULL,NULL,NULL),(600,'Google',NULL,'Sandeep Upadhyay ','Residential','2025-10-03','Trupti','Pest Control ','CM',9021994731,NULL,'','Address:- Flat no. 319, 3rd Floor, Pioneer Orchid, Khapri Fata, near Narayan Vidyalaya, Wardha road, Nagpur 441108','','Ahmednagar','Hot','2025-10-03',1,'Maharashtra','Individual',NULL,'',9,13,NULL,NULL),(601,'Employee Reference',14,'Meghan Mahajan','Residential','2025-10-03','Trupti Desai','Pest Control Service','Cockroach Management',8378972625,NULL,'','Flat no 3, Jay Vijay Housing Society, Building no 63,Prem lok park,Chinchwad','','Pune','Hot','2025-09-17',0,'Maharashtra','Individual',NULL,'',1,NULL,NULL,NULL),(602,'Google',14,'Bhartesh','Residential','2025-10-02','Trupti Desai','Pest Control Service','Cockroach Management',9920511642,NULL,'','A102 Ganesh Bella Rossa , Phase 1\r\nKoyate vasti, Punawale','','Pune','Hot','2025-10-01',0,'Maharashtra','Individual',NULL,'',1,NULL,NULL,NULL),(603,'Google',14,'Pankaj Mali','Residential','2025-10-02','Trupti Desai','Pest Control Service','Cockroach Management',8806244477,NULL,'','Ravet','','Pune','Cold','2025-10-01',1,'Maharashtra','Individual',NULL,'',1,NULL,NULL,NULL),(604,'Google',14,'Swaprat Kale','Residential','2025-10-03','Trupti Desai','Pest Control Service','Cockroach Management',9004639975,NULL,'','Ravet','','Pune','Warm','2025-10-03',1,'Maharashtra','Individual',NULL,'',1,NULL,NULL,NULL),(605,'Google',14,'Vikrant Khadake ','Residential','2025-10-03','Trupti Desai','Pest Control Service','Cockroach Management',9890596179,NULL,'','Moshi','','Pune','Cold','2025-10-03',1,'Maharashtra','Individual',NULL,'',1,NULL,NULL,NULL),(606,'Google',14,'Swanand Ingawale','Residential','2025-10-03','Trupti Desai','Pest Control Service','Bed Bugs Management',9860212712,NULL,'',' Casa 7 flat a2 706 Dange chowk Thergaon, Pune.','','Pune','Hot','2025-10-03',0,'Maharashtra','Individual',NULL,'',1,NULL,NULL,NULL),(607,'Google',NULL,'Dhanashree Gajbhiye ','Residential','2025-10-04','Jyoti ','Pest Control ','BBM,CM',7038916816,NULL,'','Babulkheda, Rameshwari square','','Nagpur','Warm','2025-10-04',1,'Maharashtra','Individual',NULL,'',9,13,NULL,NULL),(608,'Lineclub',NULL,'Sanjay Lakade','Residential','2025-10-04','Hiraman Rathod','Pest Control Service','Cockroach Management',9325213417,8698692534,'','G 704, 7Plumeria Drive, Punawale, Pune 411033','','Pune','Hot','2025-10-04',0,'Maharashtra','Individual',NULL,'',1,25,NULL,NULL),(609,'Employee Reference',14,'Shailesh Pednekar','Residential','2025-10-04','Trupti Desai','Pest Control Service','Cockroach Management',9902428994,NULL,'','C 204, Ganga Cypress, Tathawade, Pune','','Pune','Hot','2025-10-04',0,'Maharashtra','Individual',NULL,'',1,NULL,NULL,NULL),(610,'Indianmart',3,'Damodharan','Residential','2025-10-06','Jyoti Hule','Product','Rat Snap Traps',979071095,NULL,'','Chennai','','Chennai','NotInterested','2025-10-07',1,'Tamil Nadu','Individual',NULL,'',11,NULL,NULL,NULL),(611,'Google',NULL,'Mahesh Talmade','Residential','2025-10-07','Siman sheikh','Pest Control ','CM',9665191699,NULL,'','Manish nagar, near nexa showroom ','','Nagpur','Hot','2025-10-07',1,'Maharashtra','Individual',NULL,'',9,13,NULL,NULL),(612,'Google',NULL,'Akshay Ambarte','Residential','2025-10-07','Siman sheikh','Pest Control ','CM',9527391499,NULL,'','Nirmal nagari, besa pipla road','','Nagpur','Warm','2025-10-07',1,'Maharashtra','Individual',NULL,'',9,13,NULL,NULL),(613,'Google',NULL,'Tanmay Kulkarni ','Residential','2025-10-13',NULL,'Pestcontrol ','Pest1',9325661413,NULL,'tanmaykulkarni1413@gmail.com','pune ','','Pune','Warm','2025-10-13',1,'Maharashtra','Individual',NULL,'',1,NULL,1,NULL),(614,'Google',14,'Amit Sinha ','Residential','2025-10-14','None','Pest Control Service ','Cockroach Management',9766538943,NULL,'sales@sevafacility.com','RH 06, wing02 vision city jambhulgaon vadgaon maval pune 412106','','Pune','Hot','2025-10-15',0,'Maharashtra','Individual',NULL,NULL,1,NULL,NULL,NULL),(615,'Google',14,'Amit Deore','Residential','2025-10-14','None','Pest Control Service','Cockroach Management',9860111109,NULL,'sales@sevafacility.com','Flat no. 701, Mangal Dhaara building, near Ravet basket bridge, Tathwade road  Punawale,\r\nPimpari-Chinchwad.411033','','Pune','Hot','2025-10-15',0,'Maharashtra','Individual',NULL,NULL,1,NULL,NULL,NULL),(616,'Google',14,'Shreyash Deshmukh','Residential','2025-10-14','None','Pest Control Service','Cockroach Management',9096191918,NULL,'sales@sevafacility.com','D402, Rose Mansion CHS, Punawale, Behind Shriyans Society, Pune - 411033','','Pune','Hot','2025-10-15',0,'Maharashtra','Individual',NULL,NULL,1,NULL,NULL,NULL),(617,'Google',NULL,'Abhijeet Sonawane ','Residential','2025-10-14',NULL,'Pest Control Service','Cockroach Management',9890885237,NULL,'','Flat no 305, Rutej Nest PH II Behind Gurudwara Near Akurdi Railway Station Chinchwad Pune','','Pune','Hot','2025-10-13',1,'Maharashtra','Individual',NULL,'',1,NULL,NULL,NULL),(618,'Google',4,'Mr. Manoj','Residential','2025-10-15','Siman Shaikh','Pest Control','Cockroach management',7507237150,NULL,'','Flat no 14 Aatitya  avenue society  near nanacha dhaba restaurant Pimple Saudagar','https://maps.app.goo.gl/WM6MfgdW9MzB9dfJ7','Pune','Hot','2025-10-15',1,'Maharashtra','Individual',NULL,'',1,NULL,NULL,NULL),(621,'Google',14,'Bharat Sharma','Residential','2025-10-15','ssaf','saf','sdfaf',8806059998,NULL,'bharat@gmail.com','dsfsffa','','Pune','Warm','2025-10-15',1,'Maharashtra','Individual',NULL,NULL,1,NULL,NULL,NULL),(622,'Google',14,'Ketan Rajput','Residential','2025-10-15','Trupti Desai','Pest Control Service','Bed Bugs Management',9359127995,NULL,'','2nd floor, Kalpataru Apartment, Dehu-Alandi Road, Alhat Wasti, Near by Swapnalok Housing Society, Moshi.','','Pune','Hot','2025-10-09',0,'Maharashtra','Individual',NULL,'',1,NULL,NULL,NULL),(623,'Google',14,'Abhijeet Sonawane ','Residential','2025-10-15','Trupti Desai','Pest Control Service','Cockroach Management',9890885237,NULL,'','Flat no 305, Rutej Nest PH II Behind Gurudwara Near Akurdi Railway Station Chinchwad Pune','','Pune','Hot','2025-10-13',0,'Maharashtra','Individual',NULL,'',1,NULL,NULL,NULL),(624,'Others',14,'Tripati Patra','Residential','2025-10-16','Trupti Desai','Pest Control Service','Cockroach Management',9923050062,NULL,'','C404, Western Avenue, Wakad','','Pune','Hot','2025-10-15',0,'Maharashtra','Individual',NULL,'',1,NULL,NULL,NULL),(625,'Google',14,'Abhishek Chandole','Residential','2025-10-17','Trupti Desai','Pest Control Service ','Cockroach Management',9011325275,NULL,'','A101, Raj Angan, plot no 186/1/1, Shinde Wasti, Ravet, Haveli, Pune 412101','','Pune','Hot','2025-10-17',0,'Maharashtra','Individual',NULL,'',1,NULL,NULL,NULL),(626,'Others',14,'Pooja Shimpi','Residential','2025-10-16','Trupti Desai','Pest Control Service','Cockroach Management',9922401921,NULL,'','Swapnapoorti Hsg Society Phase 1, building no 2A, flat no 203, sector no 26, \r\nNigdi Pradhikaran','','Pune','Hot','2025-10-18',0,'Maharashtra','Individual',NULL,'',1,NULL,NULL,NULL),(627,'Others',14,'Rutuja Sawant','Residential','2025-10-18','Trupti Desai','Pest Control Service','Cockroach Management',7028476188,NULL,'','G104, Jarvari Society, Opp PK international school, Pimple Saudagar','','Pune','Hot','2025-10-18',0,'Maharashtra','Individual',NULL,'',1,NULL,NULL,NULL),(628,'Google',14,'Vishal Solunke','Residential','2025-10-18','Trupti Desai','Pest Control Service','Cockroach Management',9881053933,NULL,'','Flat No 706, Aqua Blue Soc, B Wing, Shinde Vasti, Ravet','','Pune','Hot','2025-10-18',0,'Maharashtra','Individual',NULL,'',1,NULL,NULL,NULL),(629,'Google',3,'MAYUR PATIL','Residential','2025-10-23','Jyoti Hule','Pest Control','Cockroach Management Service',9860391307,NULL,'','FLAT NO 10, 3RD FLOOR, NIRMAN PARADISE, OPP KATHI KABAB, PLOT NO H20, S NO 26, NEAR AKURDI RAILWAY STATION, NIGDI PRADHIKARAN , PUNE -411044','','Pune','Hot','2025-10-23',0,'Maharashtra','Individual',NULL,'',1,NULL,NULL,NULL),(630,'Google',3,'Rajeev Das','Residential','2025-10-24','Jyoti Hule','Pest Control','Cockroach Management Service',7558564627,NULL,'','Ravet','','Pune','Warm','2025-10-25',1,'Maharashtra','Individual',NULL,'',1,NULL,NULL,NULL),(631,'Google',NULL,'Anup Palandurkar','Residential','2025-10-27',NULL,'Pest Control ','TM',9518365192,NULL,'','Parvati nagar','','Nagpur','Warm','2025-10-27',1,'Maharashtra','Individual',NULL,'',9,NULL,2,NULL),(632,'Others',NULL,'Abhijit kothalkar','Residential','2025-10-27',NULL,'Pest Control','Bed Bug Management',7875945636,NULL,'','Flat No 103, 8B, Swapnapoorti Phase 2 Near PCCOE Pradhikaran Pune.','','Pune','Hot','2025-10-27',1,'Maharashtra','Individual',NULL,'',1,NULL,12,NULL);
/*!40000 ALTER TABLE `crmapp_lead_management` ENABLE KEYS */;
UNLOCK TABLES;

--
-- Table structure for table `crmapp_main_followup`
--

DROP TABLE IF EXISTS `crmapp_main_followup`;
/*!40101 SET @saved_cs_client     = @@character_set_client */;
/*!50503 SET character_set_client = utf8mb4 */;
CREATE TABLE `crmapp_main_followup` (
  `id` bigint NOT NULL AUTO_INCREMENT,
  `done_pest_control` varchar(10) NOT NULL,
  `agency_name` varchar(255) DEFAULT NULL,
  `onsite_infestation` varchar(10) NOT NULL,
  `infestation_level` varchar(10) NOT NULL,
  `typeoflead` varchar(100) NOT NULL,
  `followup_remark` varchar(255) NOT NULL,
  `followup_comment` longtext NOT NULL,
  `next_followup_date` date DEFAULT NULL,
  `order_status` varchar(20) NOT NULL,
  `created_at` datetime(6) NOT NULL,
  `lead_id` bigint NOT NULL,
  PRIMARY KEY (`id`),
  KEY `crmapp_main_followup_lead_id_7152a9b7_fk_crmapp_le` (`lead_id`),
  CONSTRAINT `crmapp_main_followup_lead_id_7152a9b7_fk_crmapp_le` FOREIGN KEY (`lead_id`) REFERENCES `crmapp_lead_management` (`id`)
) ENGINE=InnoDB AUTO_INCREMENT=288 DEFAULT CHARSET=utf8mb4 COLLATE=utf8mb4_0900_ai_ci;
/*!40101 SET character_set_client = @saved_cs_client */;

--
-- Dumping data for table `crmapp_main_followup`
--

LOCK TABLES `crmapp_main_followup` WRITE;
/*!40000 ALTER TABLE `crmapp_main_followup` DISABLE KEYS */;
INSERT INTO `crmapp_main_followup` VALUES (2,'No',NULL,'Yes','Low','Hot','Give next Follow up date','Work Done',NULL,'Close Win','2025-06-10 10:01:14.235622',2),(3,'No',NULL,'Yes','Low','Hot','Call not received','Customer will visit of office then confirm to the machine buying','2025-07-18','Not Closed','2025-06-10 12:31:40.492080',3),(4,'No',NULL,'Yes','Low','Hot','Call not received','rate not sufficient',NULL,'Close Loss','2025-06-10 12:32:22.754519',4),(5,'No',NULL,'Yes','Low','Hot','Call not received','Low rate budget',NULL,'Close Loss','2025-06-10 12:33:03.586932',5),(6,'No',NULL,'Yes','Low','Not Interested','Call not received','Low rate budget',NULL,'Close Loss','2025-06-11 06:04:30.398569',7),(7,'No',NULL,'Yes','Low','Hot','Call not received','',NULL,'Close Win','2025-06-11 11:01:58.761090',9),(8,'No',NULL,'Yes','Low','Hot','Call not received','Service Done',NULL,'Close Win','2025-06-11 11:03:38.129524',8),(9,'No',NULL,'Yes','Low','Hot','Call not received','',NULL,'Close Loss','2025-06-11 11:04:09.102994',6),(10,'No',NULL,'Yes','Low','Hot','Call not received','',NULL,'Close Loss','2025-06-11 11:29:00.402419',10),(12,'No',NULL,'Yes','Low','Hot','Call not received','','2025-06-12','Not Closed','2025-06-13 06:20:23.351030',14),(13,'No',NULL,'Yes','Low','Hot','Call not received','Customer will confirm service schedule next saturday','2025-06-21','Not Closed','2025-06-16 10:25:14.556378',16),(14,'No',NULL,'Yes','Low','Hot','Call not received','Customer will confirm next saturday','2025-06-21','Not Closed','2025-06-19 11:07:12.143355',20),(15,'No',NULL,'Yes','Low','Cold','Call not received','Call not received','2025-07-24','Not Closed','2025-06-20 07:01:12.018927',12),(16,'No',NULL,'Yes','Low','Not Interested','Call not received','Customer not interested',NULL,'Close Loss','2025-06-20 07:23:40.512375',13),(17,'No',NULL,'Yes','Low','Hot','Call not received','Call not received','2025-07-21','Not Closed','2025-06-20 09:10:11.541550',15),(18,'No',NULL,'Yes','Low','Hot','Call not received','',NULL,'Close Win','2025-06-20 09:10:33.553679',17),(19,'No',NULL,'Yes','Low','Hot','Call not received','Call Done service schedule Monday',NULL,'Close Win','2025-06-21 10:29:40.473367',19),(20,'No',NULL,'Yes','Low','Hot','Call not received','',NULL,'Close Loss','2025-06-25 12:30:54.668328',83),(21,'No',NULL,'Yes','Low','Hot','Call not received','Low rate budget',NULL,'Close Loss','2025-06-26 07:10:40.908094',270),(22,'No',NULL,'Yes','Low','Hot','Give next Follow up date','Customer will confirm',NULL,'Close Loss','2025-06-26 07:14:12.423976',138),(23,'No',NULL,'No','Low','Not Interested','Call not received','low rate budget',NULL,'Close Loss','2025-06-26 07:24:18.127691',119),(24,'No',NULL,'Yes','Low','Cold','Call not received','Not require',NULL,'Close Loss','2025-06-26 07:26:42.964163',87),(25,'No',NULL,'Yes','Low','Not Interested','Call not received','Not interested',NULL,'Close Loss','2025-06-26 07:28:37.315389',164),(26,'No',NULL,'Yes','Low','Hot','Call not received','Service Schedule Saturday',NULL,'Close Win','2025-06-26 07:34:44.026304',288),(27,'No',NULL,'Yes','Low','Hot','Call not received','Technician that day not available customer requirement same day service not possible same day operation team loss of order ',NULL,'Close Loss','2025-06-26 07:38:47.267695',207),(28,'No',NULL,'Yes','Low','Hot','Call not received','Service done',NULL,'Close Win','2025-06-26 07:40:03.533409',170),(29,'No',NULL,'Yes','Low','Hot','Call not received','Not interested',NULL,'Close Loss','2025-06-26 11:10:47.743314',291),(30,'No',NULL,'Yes','Low','Hot','Give next Follow up date','Customer will confirm','2025-07-01','Not Closed','2025-07-01 04:33:56.854694',116),(32,'No',NULL,'Yes','Low','Hot','Call not received','Service booked for 03.07.2025',NULL,'Close Win','2025-07-02 05:01:33.067823',295),(33,'No',NULL,'Yes','Low','Not Interested','Call not received','',NULL,'Close Loss','2025-07-02 05:02:12.559143',115),(34,'No',NULL,'Yes','Low','Hot','Call not received','Service done',NULL,'Close Win','2025-07-02 05:03:46.422176',285),(35,'No',NULL,'Yes','Low','Not Interested','Call not received','',NULL,'Close Loss','2025-07-02 05:04:32.376737',228),(36,'No',NULL,'Yes','Low','Hot','Call not received','',NULL,'Close Win','2025-07-02 05:05:34.848282',259),(37,'No',NULL,'Yes','Low','Hot','Call not received','',NULL,'Close Loss','2025-07-02 05:06:49.474736',230),(38,'No',NULL,'Yes','Low','Hot','Call not received','',NULL,'Close Win','2025-07-02 05:07:00.063812',168),(39,'No',NULL,'Yes','Low','Hot','Call not received','',NULL,'Close Win','2025-07-02 05:07:27.922479',24),(40,'No',NULL,'Yes','Low','Not Interested','Call not received','',NULL,'Close Loss','2025-07-02 05:08:04.224140',172),(41,'No',NULL,'Yes','Low','Hot','Call not received','',NULL,'Close Win','2025-07-02 05:10:01.233958',50),(42,'No',NULL,'Yes','Low','Not Interested','Call not received','',NULL,'Close Loss','2025-07-02 05:10:40.005326',35),(43,'No',NULL,'Yes','Low','Not Interested','Call not received','',NULL,'Close Loss','2025-07-02 05:12:38.168145',32),(44,'No',NULL,'Yes','Low','Not Interested','Call not received','',NULL,'Close Loss','2025-07-02 05:13:31.550486',156),(45,'No',NULL,'Yes','Low','Not Interested','Call not received','',NULL,'Close Loss','2025-07-02 05:14:04.084972',196),(46,'No',NULL,'Yes','Low','Loss of Order','Call not received','',NULL,'Close Loss','2025-07-02 05:14:40.546922',232),(47,'No',NULL,'Yes','Low','Hot','Call not received','customer require same day service',NULL,'Close Loss','2025-07-02 10:37:13.984058',165),(48,'No',NULL,'Yes','Low','Hot','Call not received','Low rate budget',NULL,'Close Loss','2025-07-02 10:41:26.603189',268),(49,'No',NULL,'Yes','Low','Hot','Call not received','Service Done',NULL,'Close Win','2025-07-02 11:24:48.737789',144),(50,'No',NULL,'Yes','Low','Hot','Call not received','',NULL,'Close Loss','2025-07-02 11:32:06.533839',269),(51,'No',NULL,'Yes','Low','Hot','Call not received','Service Done',NULL,'Close Win','2025-07-02 11:36:16.080669',294),(52,'No',NULL,'Yes','Low','Hot','Call not received','',NULL,'Close Loss','2025-07-02 11:40:30.595924',141),(53,'No',NULL,'Yes','Low','Hot','Call not received','low rate budget',NULL,'Close Loss','2025-07-03 05:18:20.529155',290),(54,'No',NULL,'Yes','Low','Hot','Give next Follow up date','Service Done',NULL,'Close Win','2025-07-03 05:21:02.276874',293),(55,'No',NULL,'Yes','Low','Hot','Call not received','','2025-07-03','Not Closed','2025-07-03 05:23:52.284328',221),(56,'No',NULL,'Yes','Low','Hot','Call not received','give next date','2025-07-04','Not Closed','2025-07-03 08:18:49.677582',225),(57,'No',NULL,'Yes','Low','Hot','Call not received','','2025-07-04','Not Closed','2025-07-03 08:20:49.994510',44),(58,'No',NULL,'Yes','Low','Hot','Call not received','',NULL,'Close Loss','2025-07-03 08:36:58.701297',300),(59,'No',NULL,'No','Low','Hot','Give next Follow up date','Today will done',NULL,'Close Win','2025-07-07 06:39:48.443097',303),(60,'No',NULL,'Yes','Low','Loss of Order','Call not received','',NULL,'Close Loss','2025-07-07 06:41:57.423047',236),(61,'No',NULL,'Yes','Low','Loss of Order','Call not received','',NULL,'Close Loss','2025-07-07 06:54:55.651299',241),(62,'Yes','Seva facility services','Yes','Low','Hot','Call not received','Work done',NULL,'Close Win','2025-07-07 06:58:53.147219',289),(63,'No',NULL,'Yes','Low','Loss of Order','Call not received','Not intrested',NULL,'Close Loss','2025-07-07 07:04:18.985317',231),(64,'No',NULL,'Yes','Low','Hot','Call not received','Want 2 Fly killer machine',NULL,'Close Win','2025-07-07 07:05:34.603997',18),(65,'No',NULL,'Yes','Low','Loss of Order','Call not received','',NULL,'Close Loss','2025-07-07 07:08:35.898901',233),(66,'No',NULL,'Yes','Low','Loss of Order','Call not received','',NULL,'Close Loss','2025-07-07 07:09:15.019363',229),(67,'No',NULL,'Yes','Low','Loss of Order','Call not received','',NULL,'Close Loss','2025-07-07 07:11:03.397925',239),(68,'No',NULL,'Yes','Low','Loss of Order','Call not received','',NULL,'Close Loss','2025-07-07 07:11:52.615075',235),(69,'No',NULL,'Yes','Low','Loss of Order','Call not received','',NULL,'Close Loss','2025-07-07 07:12:13.265432',240),(70,'No',NULL,'Yes','Low','Loss of Order','Call not received','',NULL,'Close Loss','2025-07-07 07:12:55.198834',234),(71,'No',NULL,'Yes','Low','Loss of Order','Call not received','want low rate ',NULL,'Close Loss','2025-07-07 07:21:54.891098',237),(72,'No',NULL,'Yes','Low','Not Interested','Call not received','Not intrested',NULL,'Close Loss','2025-07-07 07:22:38.472675',238),(73,'No',NULL,'Yes','Low','Not Interested','Call not received','',NULL,'Close Loss','2025-07-07 07:27:44.971236',209),(74,'No',NULL,'Yes','Low','Not Interested','Call not received','',NULL,'Close Loss','2025-07-07 07:29:28.220126',299),(75,'No',NULL,'Yes','Low','Not Interested','Call not received','',NULL,'Close Loss','2025-07-07 07:29:40.475067',132),(76,'No',NULL,'Yes','Low','Not Interested','Call not received','',NULL,'Close Loss','2025-07-07 07:30:16.787434',147),(77,'No',NULL,'Yes','Low','Hot','Call not received','',NULL,'Close Win','2025-07-07 07:30:58.284549',226),(78,'No',NULL,'Yes','Low','Hot','Call not received','',NULL,'Close Win','2025-07-07 07:31:29.209029',301),(79,'No',NULL,'Yes','Low','Loss of Order','Call not received','',NULL,'Close Loss','2025-07-07 07:32:05.786538',131),(80,'No',NULL,'Yes','Low','Not Interested','Call not received','',NULL,'Close Loss','2025-07-07 07:32:47.566156',129),(81,'No',NULL,'Yes','Low','Not Interested','Call not received','',NULL,'Close Loss','2025-07-07 07:33:12.268832',155),(82,'No',NULL,'Yes','Low','Not Interested','Call not received','',NULL,'Close Loss','2025-07-07 07:33:53.294749',157),(83,'No',NULL,'Yes','Low','Hot','Call not received','',NULL,'Close Win','2025-07-07 07:34:14.371843',88),(84,'No',NULL,'Yes','Low','Not Interested','Call not received','',NULL,'Close Loss','2025-07-07 07:35:04.077542',174),(85,'No',NULL,'Yes','Low','Loss of Order','Call not received','',NULL,'Close Loss','2025-07-07 07:35:41.590303',133),(86,'No',NULL,'Yes','Low','Loss of Order','Call not received','',NULL,'Close Loss','2025-07-07 07:36:11.798842',197),(87,'No',NULL,'Yes','Low','Hot','Call not received','Done by other PCO',NULL,'Close Loss','2025-07-08 06:30:14.539189',309),(88,'No',NULL,'Yes','Low','Hot','Call not received','',NULL,'Close Loss','2025-07-08 12:13:20.694830',311),(89,'No',NULL,'Yes','Low','Cold','Call not received','Call not received','2025-07-23','Not Closed','2025-07-08 12:33:22.255788',313),(90,'No',NULL,'Yes','Low','Hot','Call not received','',NULL,'Close Win','2025-07-10 10:15:42.764405',308),(91,'No',NULL,'Yes','Low','Hot','Call not received','Rate not sufficient then not interested',NULL,'Close Loss','2025-07-10 10:32:55.103606',316),(92,'No',NULL,'Yes','Low','Hot','Call not received','',NULL,'Close Loss','2025-07-10 10:34:01.705212',286),(93,'No',NULL,'Yes','Low','Hot','Give next Follow up date','Service done',NULL,'Close Win','2025-07-10 10:36:19.388324',287),(94,'No',NULL,'Yes','Low','Hot','Call not received','',NULL,'Close Win','2025-07-10 10:41:14.978612',203),(95,'No',NULL,'Yes','Low','Hot','Call not received','Chemical collected by office',NULL,'Close Win','2025-07-10 10:42:30.891402',307),(96,'No',NULL,'Yes','Low','Not Interested','Give next Follow up date','Customer not interested',NULL,'Close Loss','2025-07-10 10:49:30.156311',317),(97,'No',NULL,'Yes','Low','Not Interested','Give next Follow up date','Waiting for confirmation from client.',NULL,'Close Loss','2025-07-11 09:35:58.493938',312),(98,'No',NULL,'Yes','Low','Not Interested','Call not received','call not received\r\nno reply on msg.',NULL,'Close Loss','2025-07-14 11:02:39.913187',310),(99,'No',NULL,'Yes','Low','Not Interested','Call not received','Low budget',NULL,'Close Loss','2025-07-14 11:03:19.332393',314),(100,'No',NULL,'Yes','Low','Hot','Call not received','require product category ','2025-07-16','Not Closed','2025-07-16 09:53:15.527036',327),(101,'No',NULL,'Yes','Low','Hot','Call not received','Service Done',NULL,'Close Win','2025-07-16 09:54:32.747742',324),(102,'No',NULL,'Yes','Low','Hot','Call not received','Customer will confirm','2025-06-04','Not Closed','2025-07-16 11:04:00.416986',265),(104,'No',NULL,'Yes','Low','Hot','Give next Follow up date','Service Booked ',NULL,'Close Win','2025-07-19 09:50:11.344488',336),(105,'No',NULL,'Yes','Low','Hot','Give next Follow up date','',NULL,'Close Win','2025-07-19 10:34:23.625149',338),(106,'No',NULL,'Yes','Low','Not Interested','Call not received','No response',NULL,'Close Loss','2025-07-19 11:24:12.355515',306),(107,'No',NULL,'Yes','Low','Hot','Call not received','',NULL,'Close Win','2025-07-19 11:24:48.747901',322),(108,'No',NULL,'Yes','Low','Hot','Call not received','',NULL,'Close Win','2025-07-23 05:09:21.867153',340),(109,'No',NULL,'Yes','Low','Cold','Give next Follow up date','work in progress','2025-09-18','Not Closed','2025-07-23 05:11:32.228799',339),(110,'No',NULL,'Yes','Low','Not Interested','Call not received','',NULL,'Close Loss','2025-07-23 05:14:07.554520',335),(111,'No',NULL,'Yes','Low','Hot','Call not received','',NULL,'Close Win','2025-07-23 09:36:00.378626',337),(112,'No',NULL,'Yes','Low','Hot','Call not received','Service Done',NULL,'Close Win','2025-07-23 09:46:33.996863',333),(113,'No',NULL,'Yes','Low','Not Interested','Call not received','not interested',NULL,'Close Loss','2025-07-24 09:49:23.785498',346),(114,'No',NULL,'Yes','Low','Cold','Call not received','',NULL,'Close Loss','2025-07-24 09:51:32.791120',318),(115,'No',NULL,'Yes','Low','Not Interested','Call not received','customer require removing utensils, not interested',NULL,'Close Loss','2025-07-24 10:56:03.278873',345),(116,'No',NULL,'Yes','Low','Hot','Call not received','Service Done',NULL,'Close Win','2025-07-24 10:57:10.251767',331),(117,'No',NULL,'Yes','Low','Hot','Call not received',' appling the home remedies not interested',NULL,'Close Loss','2025-07-24 11:04:39.160203',326),(118,'No',NULL,'Yes','Low','Not Interested','Call not received','',NULL,'Close Loss','2025-07-24 11:05:52.098709',277),(119,'No',NULL,'Yes','Low','Hot','Call not received','Customer call not received','2025-07-28','Not Closed','2025-07-24 11:08:04.872561',320),(120,'No',NULL,'Yes','Low','Not Interested','Call not received','Customer budget low not interested',NULL,'Close Loss','2025-07-24 11:10:21.561061',292),(121,'No',NULL,'Yes','Low','Not Interested','Call not received','near by PCO search and service done other pco',NULL,'Close Loss','2025-07-24 11:11:48.721389',329),(122,'No',NULL,'Yes','Low','Hot','Call not received','Low rate budget',NULL,'Close Loss','2025-07-24 11:14:58.176302',278),(123,'No',NULL,'Yes','Low','Hot','Call not received','Service Done','2025-05-24','Not Closed','2025-07-24 11:16:07.392366',262),(124,'No',NULL,'Yes','Low','Hot','Call not received','',NULL,'Close Loss','2025-07-24 11:45:42.758286',263),(125,'No',NULL,'Yes','Low','Not Interested','Call not received','low budget',NULL,'Close Loss','2025-07-24 11:46:38.411663',319),(126,'No',NULL,'Yes','Low','Not Interested','Call not received','',NULL,'Close Loss','2025-07-24 11:56:07.491712',266),(127,'No',NULL,'Yes','Low','Hot','Call not received','call not received','2025-07-28','Not Closed','2025-07-24 11:57:50.704954',341),(128,'No',NULL,'Yes','Low','Hot','Call not received','Done by other pco',NULL,'Close Loss','2025-07-24 12:00:03.723952',325),(129,'No',NULL,'Yes','Low','Hot','Call not received','not require service currently',NULL,'Close Loss','2025-07-24 12:04:22.697239',321),(130,'No',NULL,'Yes','Low','Cold','Call not received','no requirement only search pest control information ',NULL,'Close Loss','2025-07-24 12:12:33.675727',304),(131,'No',NULL,'Yes','Low','Hot','Call not received','',NULL,'Close Win','2025-07-24 12:13:44.737981',315),(132,'No',NULL,'Yes','Low','Not Interested','Call not received','Customer don\'t need the service now',NULL,'Close Loss','2025-07-26 06:58:14.322815',348),(133,'No',NULL,'Yes','Low','Hot','Call not received','Service done ',NULL,'Close Win','2025-07-26 07:27:12.531078',347),(134,'No',NULL,'Yes','Low','Hot','Call not received','Customer out off station they will come will confirm service schedule','2025-07-28','Not Closed','2025-07-28 11:05:25.156855',350),(135,'No',NULL,'Yes','Low','Not Interested','Call not received','they require per machine under rs 3000/- to 3500 , low rate ',NULL,'Close Loss','2025-07-28 11:13:46.866122',351),(136,'No',NULL,'Yes','Low','Hot','Call not received','call not received','2025-07-20','Not Closed','2025-07-28 11:19:10.520042',352),(137,'No',NULL,'Yes','Low','Hot','Call not received','call not received','2025-07-20','Not Closed','2025-07-28 11:27:28.568093',353),(138,'No',NULL,'Yes','Low','Hot','Call not received','Call not received','2025-07-20','Not Closed','2025-07-28 11:44:17.531572',354),(139,'No',NULL,'Yes','Low','Not Interested','Call not received','Rate not sufficient',NULL,'Close Loss','2025-07-28 11:48:34.976822',355),(140,'No',NULL,'Yes','Low','Not Interested','Call not received','rate not sufficient','2025-07-19','Not Closed','2025-07-28 11:53:00.895608',356),(141,'No',NULL,'Yes','Low','Not Interested','Call not received','low rate budget they done by other PCO',NULL,'Close Loss','2025-07-28 11:57:07.665037',357),(142,'No',NULL,'Yes','Low','Hot','Call not received','Call not received','2025-07-28','Not Closed','2025-07-28 12:04:55.937217',358),(143,'No',NULL,'Yes','Low','Loss of Order','Call not received','low rate budget done by other pco',NULL,'Close Loss','2025-07-28 12:11:56.164476',359),(144,'No',NULL,'Yes','Low','Hot','Call not received','Customer shift then confirm','2025-07-28','Not Closed','2025-07-28 12:25:45.637794',360),(145,'No',NULL,'Yes','Low','Not Interested','Call not received','',NULL,'Close Loss','2025-07-29 06:02:18.028320',361),(146,'No',NULL,'Yes','Low','Hot','Give next Follow up date','service schedule booked',NULL,'Close Win','2025-08-01 10:26:42.875235',373),(147,'No',NULL,'Yes','Low','Hot','Call not received','',NULL,'Close Win','2025-08-01 11:59:45.837979',371),(148,'No',NULL,'Yes','Low','Hot','Call not received','Service Booked Tomorrow Service Scheduled',NULL,'Close Win','2025-08-02 04:02:14.228595',375),(149,'No',NULL,'Yes','Low','Hot','Call not received','Service Booked Today',NULL,'Close Win','2025-08-02 05:33:02.831036',377),(150,'No',NULL,'No','Low','Not Interested','Call not received','3BHK rate quoted 3000,want low rate ','2025-08-02','Not Closed','2025-08-02 07:15:42.656058',378),(151,'No',NULL,'Yes','Low','Hot','Call not received','Service Booked',NULL,'Close Win','2025-08-04 12:42:48.429412',380),(152,'No',NULL,'Yes','Low','Hot','Call not received','Service Booked',NULL,'Close Win','2025-08-04 12:54:34.869909',381),(153,'No',NULL,'Yes','Low','Hot','Call not received','',NULL,'Close Win','2025-08-06 08:03:01.618293',302),(154,'No',NULL,'Yes','Low','Hot','Call not received','\"Long distance \r\nNeed for office premises\"','2025-08-13','Not Closed','2025-08-06 08:08:56.523870',382),(155,'No',NULL,'Yes','Low','Hot','Call not received','Service Booked',NULL,'Close Win','2025-08-08 06:50:26.432721',385),(156,'No',NULL,'Yes','Low','Cold','Call not received','Service Booked on 16th August',NULL,'Close Win','2025-08-09 05:40:02.532099',386),(157,'No',NULL,'Yes','Low','Cold','Call not received','Customer will confirm','2025-08-11','Not Closed','2025-08-09 05:45:59.795740',387),(158,'No',NULL,'Yes','Low','Cold','Call not received','Call not received','2025-08-11','Not Closed','2025-08-09 05:52:30.961416',388),(159,'No',NULL,'Yes','Low','Cold','Call not received','','2025-08-11','Not Closed','2025-08-09 05:56:28.259740',389),(160,'No',NULL,'Yes','Low','Hot','Call not received','Service booked.',NULL,'Close Win','2025-08-11 05:29:08.519570',391),(161,'No',NULL,'Yes','Low','Hot','Call not received','Service Booked',NULL,'Close Win','2025-08-13 06:45:20.094364',397),(162,'No',NULL,'Yes','Low','Hot','Call not received','Service Booked',NULL,'Close Win','2025-08-13 07:21:13.113858',399),(163,'No',NULL,'Yes','Low','Hot','Call not received','Service Booked',NULL,'Close Win','2025-08-13 07:39:23.908749',400),(164,'No',NULL,'Yes','Low','Hot','Call not received','Service Booked ',NULL,'Close Win','2025-08-13 08:55:09.540587',401),(165,'No',NULL,'Yes','Low','Hot','Call not received','Service Booked',NULL,'Close Win','2025-08-13 10:54:55.380692',402),(166,'No',NULL,'Yes','Low','Hot','Call not received','Service done',NULL,'Close Win','2025-08-13 11:24:33.228674',403),(167,'No',NULL,'Yes','Low','Hot','Call not received','Service Booked 16th August ',NULL,'Close Win','2025-08-14 10:58:41.903951',404),(168,'No',NULL,'Yes','Low','Hot','Call not received','Service Booked ',NULL,'Close Win','2025-08-16 05:08:25.373433',406),(169,'No',NULL,'Yes','Low','Not Interested','Call not received','',NULL,'Close Loss','2025-08-16 10:48:20.012724',396),(170,'No',NULL,'Yes','Low','Hot','Call not received','Service Booked',NULL,'Close Win','2025-08-16 12:38:00.667370',407),(171,'No',NULL,'Yes','Low','Hot','Call not received','Service Booked ',NULL,'Close Win','2025-08-18 12:08:50.168537',409),(172,'No',NULL,'Yes','Low','Hot','Call not received','Low rate budget',NULL,'Close Loss','2025-08-19 08:54:06.972719',411),(173,'No',NULL,'Yes','Low','Hot','Call not received','they require single service 1200rs low rare budget',NULL,'Close Loss','2025-08-19 09:00:47.619235',412),(174,'No',NULL,'Yes','Low','Cold','Call not received','Not requirement this time they will call if requirement pest control',NULL,'Close Loss','2025-08-19 09:12:15.341821',413),(175,'No',NULL,'Yes','Low','Hot','Call not received','Customer will confirm','2025-08-18','Not Closed','2025-08-19 09:24:42.661162',414),(176,'No',NULL,'Yes','Low','Hot','Call not received','Material Sold',NULL,'Close Win','2025-08-19 10:14:58.366367',416),(177,'No',NULL,'Yes','Low','Hot','Call not received','',NULL,'Close Win','2025-08-19 10:22:13.339146',405),(178,'No',NULL,'Yes','Low','Hot','Call not received','',NULL,'Close Win','2025-08-19 10:48:34.790966',344),(179,'No',NULL,'Yes','Low','Not Interested','Call not received','No response',NULL,'Close Loss','2025-08-19 11:00:49.970183',349),(180,'No',NULL,'Yes','Low','Hot','Call not received','Customer will confirm','2025-08-22','Not Closed','2025-08-21 09:21:11.805274',418),(181,'No',NULL,'Yes','Low','Hot','Call not received','Customer will confirm after rain stopped','2025-08-22','Not Closed','2025-08-21 09:28:40.474524',419),(182,'No',NULL,'Yes','Low','Hot','Call not received','Service Booked',NULL,'Close Win','2025-08-23 07:23:42.530402',421),(183,'No',NULL,'Yes','Low','Hot','Call not received','Service booked ',NULL,'Close Win','2025-08-23 07:51:31.864914',422),(184,'No',NULL,'Yes','Low','Cold','Call not received','Customer want cleaning service with pest control.',NULL,'Close Loss','2025-08-25 06:00:40.511170',415),(185,'No',NULL,'Yes','Low','Cold','Call not received','',NULL,'Close Loss','2025-08-25 06:01:16.837208',417),(186,'No',NULL,'Yes','Low','Not Interested','Call not received','Call not received.','2025-09-20','Not Closed','2025-09-03 09:16:42.730096',429),(187,'No',NULL,'Yes','Low','Cold','Call not received','will call for service,rightnow out of city.','2025-09-20','Not Closed','2025-09-03 09:17:48.473712',428),(188,'No',NULL,'Yes','Low','Not Interested','Call not received','No response',NULL,'Close Loss','2025-09-03 09:21:49.542574',433),(189,'No',NULL,'Yes','Low','Not Interested','Call not received','Low budget','2025-09-25','Not Closed','2025-09-03 09:25:09.790943',434),(190,'No',NULL,'Yes','Low','Hot','Call not received','Service Done',NULL,'Close Win','2025-09-03 09:39:25.871038',425),(191,'No',NULL,'Yes','Low','Hot','Call not received','','2025-09-06','Not Closed','2025-09-06 05:40:25.846723',130),(192,'No',NULL,'Yes','Low','Hot','Call not received','customer will confirm after ','2025-09-16','Not Closed','2025-09-10 05:36:55.722294',438),(193,'No',NULL,'Yes','Low','Not Interested','Call not received','Low rate budget',NULL,'Close Loss','2025-09-10 05:41:58.321973',439),(194,'No',NULL,'Yes','Low','Cold','Call not received','call not received','2025-09-10','Not Closed','2025-09-10 05:48:07.573923',440),(195,'No',NULL,'Yes','Low','Hot','Call not received','',NULL,'Close Loss','2025-09-10 06:07:55.711610',101),(196,'No',NULL,'Yes','Low','Not Interested','Call not received','No requirements',NULL,'Close Loss','2025-09-11 11:41:09.284591',76),(197,'No',NULL,'Yes','Low','Hot','Call not received','Service Done',NULL,'Close Win','2025-09-13 09:24:49.076347',437),(198,'No',NULL,'Yes','Low','Hot','Call not received','',NULL,'Close Win','2025-09-16 04:36:47.135847',158),(199,'No',NULL,'Yes','Low','Not Interested','Call not received','','2025-09-17','Not Closed','2025-09-16 04:43:37.011192',435),(200,'No',NULL,'Yes','Low','Hot','Call not received','he will confirm','2025-09-16','Not Closed','2025-09-16 04:50:10.155408',447),(201,'No',NULL,'Yes','Low','Hot','Give next Follow up date','Service Done ',NULL,'Close Win','2025-09-16 05:02:57.210580',448),(202,'No',NULL,'Yes','Low','Loss of Order','Give next Follow up date','Done from other PCS',NULL,'Close Loss','2025-09-16 05:19:26.651122',449),(203,'No',NULL,'Yes','Low','Hot','Give next Follow up date','Low budget Not intrested',NULL,'Close Loss','2025-09-16 05:41:14.790659',450),(204,'No',NULL,'No','Low','Hot','Give next Follow up date','Rate quoted Will update soon ','2025-09-18','Not Closed','2025-09-16 05:57:34.291062',451),(205,'No',NULL,'Yes','Low','Not Interested','Call not received','Low budget, No requairement','2025-09-16','Not Closed','2025-09-16 06:50:07.499231',452),(206,'No',NULL,'Yes','Low','Hot','Give next Follow up date','Will update soon, No requirement now ',NULL,'Close Loss','2025-09-16 06:59:35.136527',453),(207,'No',NULL,'Yes','Low','Not Interested','Give next Follow up date','Rate quoted 2300 for BHK want gel treatment only ','2025-09-23','Not Closed','2025-09-16 07:11:20.296280',455),(208,'No',NULL,'Yes','Low','Hot','Call not received','No  requirements',NULL,'Close Loss','2025-09-16 07:11:42.232948',456),(209,'No',NULL,'Yes','Low','Loss of Order','Call not received','Call not received, no reply on whatsapp.',NULL,'Close Loss','2025-09-16 07:13:26.523948',442),(210,'No',NULL,'Yes','Low','Loss of Order','Call not received','',NULL,'Close Loss','2025-09-16 07:14:36.003018',54),(211,'No',NULL,'Yes','Low','Hot','Call not received','',NULL,'Close Loss','2025-09-16 07:15:26.291836',66),(212,'No',NULL,'Yes','Low','Not Interested','Call not received','',NULL,'Close Loss','2025-09-16 07:16:05.357980',67),(213,'No',NULL,'Yes','Low','Hot','Call not received','',NULL,'Close Win','2025-09-16 07:18:30.330631',22),(214,'No',NULL,'Yes','Low','Hot','Call not received','',NULL,'Close Win','2025-09-16 07:18:55.648992',427),(215,'No',NULL,'Yes','Low','Hot','Call not received','',NULL,'Close Win','2025-09-16 08:47:34.570224',39),(216,'No',NULL,'Yes','Low','Hot','Call not received','',NULL,'Close Win','2025-09-16 08:48:26.432541',75),(217,'No',NULL,'Yes','Low','Hot','Call not received','',NULL,'Close Loss','2025-09-16 08:51:03.100850',77),(218,'No',NULL,'Yes','Low','Hot','Call not received','Service done',NULL,'Close Win','2025-09-16 09:22:27.224777',458),(219,'No',NULL,'Yes','Low','Cold','Call not received','Under follow up ','2025-09-17','Not Closed','2025-09-16 12:51:13.242928',461),(220,'No',NULL,'Yes','Low','Hot','Call not received','Service Done',NULL,'Close Win','2025-09-18 04:17:48.224891',465),(221,'No',NULL,'Yes','Low','Hot','Call not received','',NULL,'Close Win','2025-09-18 04:28:25.431339',365),(222,'No',NULL,'Yes','Low','Hot','Call not received','',NULL,'Close Loss','2025-09-19 06:19:41.380478',467),(223,'No',NULL,'Yes','Low','Hot','Call not received','',NULL,'Close Loss','2025-09-19 06:24:44.591368',468),(224,'No',NULL,'Yes','Low','Hot','Call not received','Service done',NULL,'Close Win','2025-09-19 11:55:30.569681',470),(225,'No',NULL,'Yes','Low','Hot','Call not received','Service Done',NULL,'Close Win','2025-09-20 04:15:26.902110',475),(226,'No',NULL,'Yes','Low','Hot','Call not received','service done ',NULL,'Close Win','2025-09-20 07:27:58.475479',476),(227,'No',NULL,'Yes','Low','Not Interested','Call not received','',NULL,'Close Loss','2025-09-20 08:27:20.615803',444),(228,'No',NULL,'Yes','Low','Hot','Call not received','Service Booked',NULL,'Close Win','2025-09-20 10:08:14.813606',473),(229,'No',NULL,'No','Medium','Hot','Give next Follow up date','',NULL,'Close Win','2025-09-20 10:42:05.244689',478),(230,'No',NULL,'Yes','Low','Hot','Call not received','Service Booked',NULL,'Close Win','2025-09-20 13:04:11.306038',484),(231,'No',NULL,'Yes','Low','Hot','Call not received','Service booked',NULL,'Close Win','2025-09-20 14:51:21.098534',82),(232,'No',NULL,'Yes','Low','Hot','Call not received','Service booked ',NULL,'Close Win','2025-09-20 15:08:03.154190',485),(233,'No',NULL,'Yes','Low','Hot','Call not received','Service Booked',NULL,'Close Win','2025-09-22 05:12:47.711277',486),(234,'No',NULL,'Yes','Low','Hot','Call not received','order loss',NULL,'Close Loss','2025-09-22 08:02:02.811224',510),(235,'No',NULL,'Yes','Low','Cold','Call not received','not confirm',NULL,'Close Loss','2025-09-22 08:06:05.504279',511),(236,'No',NULL,'Yes','Low','Hot','Call not received','he want same day termite treatment',NULL,'Close Loss','2025-09-22 08:07:48.611596',513),(237,'No',NULL,'Yes','Low','Hot','Call not received','Revised Proposal submitted','2025-09-22','Not Closed','2025-09-22 08:27:02.551564',517),(238,'No',NULL,'Yes','Low','Hot','Call not received','',NULL,'Close Loss','2025-09-22 08:27:37.630856',362),(239,'No',NULL,'Yes','Low','Hot','Call not received','',NULL,'Close Win','2025-09-22 08:28:40.923437',462),(240,'No',NULL,'Yes','Low','Hot','Call not received','Service done ',NULL,'Close Win','2025-09-23 05:15:58.236194',548),(241,'No',NULL,'Yes','Low','Hot','Call not received','require smoke treatment',NULL,'Close Loss','2025-09-23 10:53:12.386348',549),(242,'No',NULL,'Yes','Low','Hot','Call not received','Low budget',NULL,'Close Loss','2025-09-23 10:54:45.887557',436),(243,'No',NULL,'Yes','Low','Hot','Call not received','Service Done',NULL,'Close Win','2025-09-23 11:00:24.005172',457),(244,'No',NULL,'Yes','Low','Hot','Call not received','Service Done',NULL,'Close Win','2025-09-23 11:28:02.218166',443),(245,'No',NULL,'Yes','Low','Hot','Call not received','call not received','2025-09-15','Not Closed','2025-09-23 11:33:26.558120',441),(246,'No',NULL,'Yes','Low','Hot','Call not received','want cockroach service 800rs, low budget',NULL,'Close Loss','2025-09-23 11:49:40.454334',552),(247,'No',NULL,'Yes','Low','Hot','Call not received','Low Budget',NULL,'Close Loss','2025-09-23 11:53:22.610675',553),(248,'No',NULL,'Yes','Low','Hot','Call not received','Customer will confirm','2025-09-13','Not Closed','2025-09-23 11:56:06.059765',554),(249,'No',NULL,'Yes','Low','Hot','Call not received','Customer will can next week then requirement','2025-10-15','Not Closed','2025-09-23 11:58:38.914766',555),(250,'No',NULL,'Yes','Low','Hot','Call not received','','2025-09-16','Not Closed','2025-09-23 12:25:25.262234',556),(251,'No',NULL,'Yes','Low','Not Interested','Call not received','','2025-09-13','Not Closed','2025-09-24 07:30:05.055520',564),(252,'No',NULL,'Yes','Low','Not Interested','Call not received','Low budget','2025-09-13','Not Closed','2025-09-24 07:36:17.437304',565),(253,'No',NULL,'Yes','Low','Loss of Order','Call not received','want service urgent same day our side not possible then customer done service other PCO','2025-09-13','Not Closed','2025-09-24 07:50:17.038778',566),(254,'No',NULL,'Yes','Low','Hot','Call not received','Service Booked',NULL,'Close Win','2025-09-25 05:31:39.559372',567),(255,'No',NULL,'Yes','Low','Hot','Call not received','next week service schedule','2025-09-29','Not Closed','2025-09-25 12:08:00.890211',569),(256,'No',NULL,'Yes','Low','Hot','Call not received','',NULL,'Close Win','2025-09-26 04:21:06.741709',570),(257,'No',NULL,'Yes','High','Hot','Give next Follow up date','Quotation Sent','2025-09-25','Not Closed','2025-09-26 11:18:28.925121',573),(258,'No',NULL,'Yes','Low','Hot','Call not received','Service Booked',NULL,'Close Win','2025-09-26 12:33:08.277418',579),(259,'No',NULL,'Yes','Low','Hot','Call not received','Service booked',NULL,'Close Win','2025-09-27 04:45:15.128043',580),(260,'No',NULL,'Yes','Low','Hot','Call not received','Service Booked',NULL,'Close Win','2025-09-27 04:50:54.203970',581),(261,'No',NULL,'Yes','Low','Hot','Call not received','Service Booked',NULL,'Close Win','2025-09-27 05:13:58.379122',582),(262,'No',NULL,'Yes','Low','Hot','Call not received','Customer will collect 2 bags today.',NULL,'Close Win','2025-09-27 05:34:42.023804',445),(263,'No',NULL,'Yes','Low','Hot','Call not received','Service done',NULL,'Close Win','2025-09-27 09:00:11.016797',584),(264,'No',NULL,'Yes','Low','Loss of Order','Call not received','',NULL,'Close Loss','2025-09-27 11:16:35.071812',430),(265,'No',NULL,'Yes','Low','Hot','Call not received','',NULL,'Close Win','2025-09-27 11:17:00.724994',364),(266,'No',NULL,'Yes','Low','Not Interested','Call not received','',NULL,'Close Loss','2025-09-29 05:03:37.625457',492),(267,'No',NULL,'Yes','Low','Hot','Call not received','Service Done',NULL,'Close Win','2025-09-29 09:24:42.302737',589),(268,'No',NULL,'Yes','Low','Hot','Call not received','Service booked on 1st Oct, 2025',NULL,'Close Win','2025-09-29 11:29:58.252605',590),(269,'No',NULL,'Yes','Low','Hot','Call not received','',NULL,'Close Win','2025-09-30 11:11:17.742791',588),(270,'No',NULL,'Yes','Low','Hot','Call not received','Service Booked',NULL,'Close Win','2025-10-03 10:24:52.022622',601),(271,'No',NULL,'Yes','Low','Hot','Call not received','Service Booked',NULL,'Close Win','2025-10-04 04:59:37.312797',608),(272,'No',NULL,'Yes','Low','Hot','Call not received','Service Booked',NULL,'Close Win','2025-10-04 05:15:18.204896',609),(273,'No',NULL,'Yes','Low','Hot','Call not received','Service Booked',NULL,'Close Win','2025-10-04 09:13:31.257344',606),(274,'No',NULL,'Yes','Low','Hot','Call not received','Service Booked',NULL,'Close Win','2025-10-04 09:20:01.406986',602),(275,'No',NULL,'Yes','Low','Cold','Call not received','Customer will call then over requirement','2025-10-02','Not Closed','2025-10-06 08:57:58.183151',594),(276,'No',NULL,'Yes','Low','Hot','Call not received','Service booked',NULL,'Close Win','2025-10-14 12:40:43.837749',614),(277,'No',NULL,'Yes','Low','Hot','Call not received','Service done',NULL,'Close Win','2025-10-15 07:38:36.644469',615),(278,'No',NULL,'Yes','Low','Hot','Call not received','Service Booked',NULL,'Close Win','2025-10-15 08:00:44.642207',616),(279,'No',NULL,'Yes','Low','Hot','Call not received','',NULL,'Close Loss','2025-10-16 10:35:53.262066',592),(280,'No',NULL,'Yes','Low','Hot','Call not received','Service Booked',NULL,'Close Win','2025-10-16 12:41:14.076095',622),(281,'No',NULL,'Yes','Low','Hot','Call not received','Service Booked',NULL,'Close Win','2025-10-16 12:49:02.647315',623),(282,'No',NULL,'Yes','Low','Hot','Call not received','Service Done',NULL,'Close Win','2025-10-17 05:37:52.666154',624),(283,'No',NULL,'Yes','Low','Hot','Call not received','Service Booked',NULL,'Close Win','2025-10-17 07:49:25.593017',625),(284,'No',NULL,'Yes','Low','Hot','Call not received','Service Booked',NULL,'Close Win','2025-10-17 12:06:52.643914',626),(285,'No',NULL,'Yes','Low','Hot','Call not received','Service Booked',NULL,'Close Win','2025-10-18 06:07:06.907438',627),(286,'No',NULL,'Yes','Low','Hot','Call not received','Service Booked',NULL,'Close Win','2025-10-18 12:45:31.009410',628),(287,'No',NULL,'Yes','Low','Hot','Call not received','',NULL,'Close Win','2025-10-24 12:18:26.844449',629);
/*!40000 ALTER TABLE `crmapp_main_followup` ENABLE KEYS */;
UNLOCK TABLES;

--
-- Table structure for table `crmapp_messagetemplates`
--

DROP TABLE IF EXISTS `crmapp_messagetemplates`;
/*!40101 SET @saved_cs_client     = @@character_set_client */;
/*!50503 SET character_set_client = utf8mb4 */;
CREATE TABLE `crmapp_messagetemplates` (
  `id` bigint NOT NULL AUTO_INCREMENT,
  `name` varchar(200) CHARACTER SET utf8mb4 COLLATE utf8mb4_unicode_ci NOT NULL,
  `message_type` varchar(20) CHARACTER SET utf8mb4 COLLATE utf8mb4_unicode_ci NOT NULL,
  `category` varchar(50) CHARACTER SET utf8mb4 COLLATE utf8mb4_unicode_ci NOT NULL,
  `lead_status` varchar(50) CHARACTER SET utf8mb4 COLLATE utf8mb4_unicode_ci DEFAULT NULL,
  `subject` varchar(500) CHARACTER SET utf8mb4 COLLATE utf8mb4_unicode_ci DEFAULT NULL,
  `body` longtext CHARACTER SET utf8mb4 COLLATE utf8mb4_unicode_ci,
  `attachment` varchar(100) CHARACTER SET utf8mb4 COLLATE utf8mb4_unicode_ci DEFAULT NULL,
  `is_active` tinyint(1) NOT NULL,
  `created_at` datetime(6) NOT NULL,
  `updated_at` datetime(6) NOT NULL,
  PRIMARY KEY (`id`)
) ENGINE=InnoDB AUTO_INCREMENT=10 DEFAULT CHARSET=utf8mb4 COLLATE=utf8mb4_unicode_ci;
/*!40101 SET character_set_client = @saved_cs_client */;

--
-- Dumping data for table `crmapp_messagetemplates`
--

LOCK TABLES `crmapp_messagetemplates` WRITE;
/*!40000 ALTER TABLE `crmapp_messagetemplates` DISABLE KEYS */;
INSERT INTO `crmapp_messagetemplates` VALUES (5,'Service WhatsApp Template','whatsapp','service','',NULL,'Dear {customer_name},\r\n\r\nWe are pleased to inform you that your {selected_service} has been scheduled.\r\n\r\n📅 Date: {service_date}\r\n⏰ Time: {delivery_time}\r\n🛠 Service: {selected_service}\r\n👨‍🔧 Technician: {tech_details}\r\n\r\n(Mode of Treatment: For spray treatment you need to empty utensil from kitchen trolley for effective spray treatment)\r\n\r\nOur technician will reach your location as per the scheduled time. \r\nPlease ensure that someone is available to assist during the visit.\r\n\r\nIf you have any questions or need to reschedule, feel free to contact our support team.\r\n\r\nThank you for choosing Seva Facility Services Pvt Ltd.  \r\nWe look forward to serving you.\r\n\r\nWarm regards,  \r\nSeva Facility Services Pvt Ltd.\r\nsfspl.sales@gmail.com\r\n+917219241555\r\n','message_attachments/ape1.jpg',1,'2025-09-19 07:02:04.989361','2025-10-04 06:42:14.002033'),(6,'Hot lead whatsapp','whatsapp','lead','hot',NULL,'Hello This message from Hot lead {customername}','message_attachments/ape1_sG44VUj.jpg',1,'2025-09-20 05:46:17.581083','2025-09-20 08:34:18.095456'),(7,'Service sechdule Email','email','service','','Service sechdule - {customer_name}','Dear {customer_name},\r\n\r\nWe are pleased to inform you that your service has been successfully scheduled.\r\n\r\n📅 Date: {service_date}\r\n⏰ Time: {delivery_time}\r\n 🛠 Service: {selected_service}\r\n👨‍🔧 Technician: {tech_details}\r\n\r\nOur technician will reach your location as per the scheduled time.\r\nPlease ensure that someone is available to assist during the visit.\r\n\r\nThank you for choosing Seva Facility Services Pvt Ltd.\r\nWe look forward to serving you.\r\n\r\nWarm regards,\r\nSeva Facility Services Pvt Ltd.\r\n📧 sfspl.sales@gmail.com\r\n📞  7219241555\r\n','',1,'2025-09-20 08:20:26.801901','2025-09-29 09:35:02.210374'),(8,'Quotation WhatsApp','whatsapp','quotation','',NULL,'Hello {customername}, please find your quotation attached.\r\n','',1,'2025-09-22 12:08:01.169148','2025-09-22 12:08:01.169189'),(9,'Quotation Email','email','quotation','','Hello {customername}','Hello {customername} this quotation from seva','',1,'2025-09-25 05:07:08.736670','2025-09-25 05:07:08.736708');
/*!40000 ALTER TABLE `crmapp_messagetemplates` ENABLE KEYS */;
UNLOCK TABLES;

--
-- Table structure for table `crmapp_operationperson`
--

DROP TABLE IF EXISTS `crmapp_operationperson`;
/*!40101 SET @saved_cs_client     = @@character_set_client */;
/*!50503 SET character_set_client = utf8mb4 */;
CREATE TABLE `crmapp_operationperson` (
  `id` bigint NOT NULL AUTO_INCREMENT,
  `full_name` varchar(100) NOT NULL,
  `date_of_joining` date NOT NULL,
  `mobile_no` varchar(15) NOT NULL,
  `email` varchar(254) NOT NULL,
  `date_of_birth` date NOT NULL,
  `branch_id` bigint DEFAULT NULL,
  `user_id` int DEFAULT NULL,
  PRIMARY KEY (`id`),
  UNIQUE KEY `email` (`email`),
  KEY `crmapp_operationperson_branch_id_a8494da0_fk_crmapp_branch_id` (`branch_id`),
  KEY `crmapp_operationperson_user_id_5a6ee8d1_fk_auth_user_id` (`user_id`),
  CONSTRAINT `crmapp_operationperson_branch_id_a8494da0_fk_crmapp_branch_id` FOREIGN KEY (`branch_id`) REFERENCES `crmapp_branch` (`id`),
  CONSTRAINT `crmapp_operationperson_user_id_5a6ee8d1_fk_auth_user_id` FOREIGN KEY (`user_id`) REFERENCES `auth_user` (`id`)
) ENGINE=InnoDB AUTO_INCREMENT=3 DEFAULT CHARSET=utf8mb4 COLLATE=utf8mb4_0900_ai_ci;
/*!40101 SET character_set_client = @saved_cs_client */;

--
-- Dumping data for table `crmapp_operationperson`
--

LOCK TABLES `crmapp_operationperson` WRITE;
/*!40000 ALTER TABLE `crmapp_operationperson` DISABLE KEYS */;
INSERT INTO `crmapp_operationperson` VALUES (1,'Kiran Mahajan','2016-09-25','9112005113','operation.sevafacility@gmail.com','2025-10-01',1,35);
/*!40000 ALTER TABLE `crmapp_operationperson` ENABLE KEYS */;
UNLOCK TABLES;

--
-- Table structure for table `crmapp_paymentsrecord`
--

DROP TABLE IF EXISTS `crmapp_paymentsrecord`;
/*!40101 SET @saved_cs_client     = @@character_set_client */;
/*!50503 SET character_set_client = utf8mb4 */;
CREATE TABLE `crmapp_paymentsrecord` (
  `id` bigint NOT NULL AUTO_INCREMENT,
  `payment_invoice_no` varchar(100) NOT NULL,
  `amount_paid` decimal(10,2) NOT NULL,
  `amount_remaining` decimal(10,2) NOT NULL,
  `payment_date` date NOT NULL,
  `next_due_date` date DEFAULT NULL,
  `previous_due_date` date DEFAULT NULL,
  `work_type` varchar(100) DEFAULT NULL,
  `payment_details` varchar(500) DEFAULT NULL,
  `payment_mode` varchar(100) NOT NULL,
  `payment_rating` int DEFAULT NULL,
  `remarks` longtext,
  `attachment` varchar(100) DEFAULT NULL,
  `base_invoice_ref` varchar(100) NOT NULL,
  `main_invoice_id` bigint NOT NULL,
  `last_alert_sent` date DEFAULT NULL,
  PRIMARY KEY (`id`),
  UNIQUE KEY `payment_invoice_no` (`payment_invoice_no`),
  KEY `crmapp_paymentsrecor_main_invoice_id_8c6f2c03_fk_crmapp_ta` (`main_invoice_id`),
  CONSTRAINT `crmapp_paymentsrecor_main_invoice_id_8c6f2c03_fk_crmapp_ta` FOREIGN KEY (`main_invoice_id`) REFERENCES `crmapp_taxinvoice` (`id`)
) ENGINE=InnoDB AUTO_INCREMENT=2 DEFAULT CHARSET=utf8mb4 COLLATE=utf8mb4_0900_ai_ci;
/*!40101 SET character_set_client = @saved_cs_client */;

--
-- Dumping data for table `crmapp_paymentsrecord`
--

LOCK TABLES `crmapp_paymentsrecord` WRITE;
/*!40000 ALTER TABLE `crmapp_paymentsrecord` DISABLE KEYS */;
INSERT INTO `crmapp_paymentsrecord` VALUES (1,'PAY/25-26/MH/00002/001',2000.00,1.28,'2025-07-07',NULL,NULL,'Product sale','G.pay','upi',1,'Payment done','','25-26/MH/00002',2,NULL);
/*!40000 ALTER TABLE `crmapp_paymentsrecord` ENABLE KEYS */;
UNLOCK TABLES;

--
-- Table structure for table `crmapp_product`
--

DROP TABLE IF EXISTS `crmapp_product`;
/*!40101 SET @saved_cs_client     = @@character_set_client */;
/*!50503 SET character_set_client = utf8mb4 */;
CREATE TABLE `crmapp_product` (
  `product_id` int NOT NULL AUTO_INCREMENT,
  `product_name` varchar(255) NOT NULL,
  `category` varchar(50) NOT NULL,
  `hsn_code` varchar(100) DEFAULT NULL,
  PRIMARY KEY (`product_id`)
) ENGINE=InnoDB AUTO_INCREMENT=123 DEFAULT CHARSET=utf8mb4 COLLATE=utf8mb4_0900_ai_ci;
/*!40101 SET character_set_client = @saved_cs_client */;

--
-- Dumping data for table `crmapp_product`
--

LOCK TABLES `crmapp_product` WRITE;
/*!40000 ALTER TABLE `crmapp_product` DISABLE KEYS */;
INSERT INTO `crmapp_product` VALUES (1,'Cockroach Management','Pest Control','998531'),(2,'Bedbugs Management Service','Pest Control','998531'),(3,'Beehive Management','Pest Control','998531'),(4,'Delfog','Product Sale','38089910'),(5,'Gas Can','Product Sale','27111900'),(6,'Mosquito Management (Spraying)','Pest Control','998531'),(7,'Mosquito Management (Fogging)','Pest Control','998531'),(8,'Rodent Management','Pest Control','998531'),(9,'Ant Management','Pest Control','998531'),(10,'Lizard Management','Pest Control','998531'),(11,'Mini Fogger Machine','Product Sale',NULL),(12,'Fly Killer Machine','Product Sale','85439000'),(13,'Termite Management','Pest Control','998531'),(15,'Wood Borer Management','Pest Control','998531'),(25,'Genus Fly Catcher Machine','Product Sale','998531'),(26,'Viper 30 Fly Zapper','Product Sale','85439000'),(27,'Cockroach Monitoring Traps','Product Sale',NULL),(28,'Storeguard Dome Traps','Product Sale',NULL),(29,'Diamond IMM+4 Traps','Product Sale',NULL),(30,'IMM+4 Lure','Product Sale',NULL),(31,'Rodent Bait Station (RBS)','Product Sale',NULL),(32,'MBr Fumigation','Fumigation',NULL),(33,'ALP Fumigation','Fumigation',NULL),(34,'Rat Snap Trap','Product Sale','39269099'),(35,'ALP Fumigation','Fumigation',NULL),(36,'Fumigation Service With ALP (9gmDosage/MT)','Fumigation',NULL),(37,'Fumigation Service With ALP (12gmDosage/MT)','Fumigation',NULL),(38,'Prophylactic Treatment For Warehouse','Pest Control','998531'),(39,'RatooOut','Product Sale','38089199'),(40,'Fogger Machine','Product Sale',NULL),(42,'ECO BIOTRAPS','Product Sale',NULL),(44,'Fly Management Service','Pest Control','998531'),(46,'Snake Management','Pest Control',NULL),(47,'Stack Fumigation with ALP','Fumigation',NULL),(49,'Self Verifying Cocoons 10MT','Product Sale',NULL),(50,'Cocoon Flush Hose Pipe','Product Sale',NULL),(51,'O2 Analyser Machine','Product Sale','90271000'),(52,'Manual Aspirator With Adapter','Product Sale',NULL),(54,'Cockroach Management Service','Pest Control','998531'),(55,'ALP Fumigation Service Upto 10MT','Fumigation',NULL),(56,'Post Construction - Anti Termite Treatment','Pest Control',NULL),(57,'General Pest Control Service','Pest Control','998539'),(58,'Prophylactic Treatment','Pest Control',NULL),(62,'Silo Fumigation','Fumigation',NULL),(63,'Cockroach Management','Pest Control','998531'),(64,'Mosquito Management Service','Pest Control',NULL),(65,'Anti-Termite Spray Treatment','Pest Control',NULL),(66,'Single Service For Trees Only (Termite Treatment)','Pest Control',NULL),(67,'Cockroach & Ant Management Service','Pest Control','998531'),(68,'Mahira Fly Catcher Machine','Product Sale',NULL),(69,'Mosquito Spray & Anti Larval Treatment Service','Pest Control',NULL),(70,'Sanitization Service','Pest Control',NULL),(71,'UV Fly Control Board','Product Sale',NULL),(72,'Empty Silo Fumigation','Fumigation',NULL),(73,'Filled Silo Fumigation','Fumigation',NULL),(74,'ILT Cleaning Ant Maintenance','Pest Control',NULL),(75,'ILT Cleaning Ant Maintenance','Pest Control',NULL),(76,'ILT Cleaning Ant Maintenance','Pest Control',NULL),(77,'ILT Cleaning Ant Maintenance','Pest Control',NULL),(78,'ILT Cleaning Ant Maintenance','Pest Control',NULL),(79,'ILT Cleaning Ant Maintenance','Pest Control',NULL),(80,'ILT Cleaning Ant Maintenance','Pest Control',NULL),(81,'ILT Cleaning Ant Maintenance','Pest Control',NULL),(82,'Wooden Crate Fumigation','Fumigation',NULL),(83,'Container Leakage Testing Charges','Fumigation',NULL),(84,'Transportation Charges','Product Sale',NULL),(85,'RodeXit installation','Product Sale',NULL),(87,'Wooden Box MBr Fumigation','Fumigation',NULL),(88,'Wooden Box MBr Fumigation Service','Fumigation',NULL),(89,'20ft Container Fumigation (32g/m3)','Fumigation',NULL),(90,'20ft Container Fumigation (48g/m3)','Fumigation',NULL),(91,'20ft Container Fumigation (80g/m3)','Fumigation',NULL),(92,'20ft Container Fumigation(100g/m3)','Fumigation',NULL),(93,'40ft Container Fumigation(32g/m3)','Fumigation',NULL),(94,'40ft Container Fumigation(48g/m3)','Fumigation',NULL),(95,'40ft Container Fumigation(80g/m3)','Fumigation',NULL),(96,'40ft Container Fumigation(100g/m3)','Fumigation',NULL),(97,'Flyght Duo Fly Catcher Machine','Product Sale',NULL),(98,'Mahira Fly Killer Machine','Product Sale',NULL),(99,'Viper 30 Fly Zapper','Product Sale',NULL),(100,'Phillips PHILLIPS UVA TUBE 15W STD','Product Sale',NULL),(101,'Wood Borer Spray Treatment','Pest Control',NULL),(102,'Cockroach Management Drainage Chamber Service','Pest Control','998531'),(103,'RodeXit Proofing Strip','Product Sale',NULL),(104,'RodeXit Proofing Strip','Product Sale',NULL),(105,'Mosquito Management Mist Fogging','Pest Control',NULL),(106,'Mosquito Management Anti-Larval','Pest Control',NULL),(107,'Rat Guard Installation On Drainage Pipe','Product Sale',NULL),(108,'RodeXit All In One Rodent Seal','Product Sale',NULL),(109,'Fumigation Service','Fumigation',NULL),(110,'Tarpaulin Handling And Transportation Charges','Fumigation',NULL),(111,'ALP Tablet','Product Sale',NULL),(112,'Gokhilaht 5% SC','Product Sale',NULL),(113,'Beehive Management','Pest Control',NULL),(114,'Commodity ALP Fumigation Service','Fumigation',NULL),(115,'Anti-Termite Treatment Service','Pest Control',NULL),(116,'Drainage Chambers Spray Treatment','Pest Control',NULL),(117,'Cocoon 1 MT','Product Sale',NULL),(118,'Cocoon 5 MT','Product Sale',NULL),(119,'Cocoon 10 MT','Pest Control',NULL),(120,'Cocoon 20 MT','Product Sale','39269099'),(121,'Cocoon 10 MT','Product Sale','39269099'),(122,'Termite Treatment Chemical','Product Sale',NULL);
/*!40000 ALTER TABLE `crmapp_product` ENABLE KEYS */;
UNLOCK TABLES;

--
-- Table structure for table `crmapp_quotation`
--

DROP TABLE IF EXISTS `crmapp_quotation`;
/*!40101 SET @saved_cs_client     = @@character_set_client */;
/*!50503 SET character_set_client = utf8mb4 */;
CREATE TABLE `crmapp_quotation` (
  `id` bigint NOT NULL AUTO_INCREMENT,
  `quantity` int NOT NULL,
  `price` double NOT NULL,
  `servicetype_q` varchar(5000) NOT NULL,
  `total_amount` double DEFAULT NULL,
  `discount` double DEFAULT NULL,
  `company_name` varchar(100) DEFAULT NULL,
  `company_email` varchar(254) DEFAULT NULL,
  `company_contact_no` varchar(15) NOT NULL,
  `quotation_date` date NOT NULL,
  `company_address` varchar(2000) DEFAULT NULL,
  `subject` varchar(200) DEFAULT NULL,
  `total_amount_with_gst` double DEFAULT NULL,
  `termsandcondition` varchar(200) DEFAULT NULL,
  `gst_checkbox` tinyint(1) NOT NULL,
  `version` int NOT NULL,
  `status` varchar(20) NOT NULL,
  `customer_id` bigint DEFAULT NULL,
  PRIMARY KEY (`id`),
  KEY `crmapp_quotation_customer_id_00e2df42_fk_crmapp_cu` (`customer_id`),
  CONSTRAINT `crmapp_quotation_customer_id_00e2df42_fk_crmapp_cu` FOREIGN KEY (`customer_id`) REFERENCES `crmapp_customer_details` (`id`)
) ENGINE=InnoDB DEFAULT CHARSET=utf8mb4 COLLATE=utf8mb4_0900_ai_ci;
/*!40101 SET character_set_client = @saved_cs_client */;

--
-- Dumping data for table `crmapp_quotation`
--

LOCK TABLES `crmapp_quotation` WRITE;
/*!40000 ALTER TABLE `crmapp_quotation` DISABLE KEYS */;
/*!40000 ALTER TABLE `crmapp_quotation` ENABLE KEYS */;
UNLOCK TABLES;

--
-- Table structure for table `crmapp_quotation_management`
--

DROP TABLE IF EXISTS `crmapp_quotation_management`;
/*!40101 SET @saved_cs_client     = @@character_set_client */;
/*!50503 SET character_set_client = utf8mb4 */;
CREATE TABLE `crmapp_quotation_management` (
  `id` bigint NOT NULL AUTO_INCREMENT,
  `apply_gst` tinyint(1) NOT NULL,
  `gst_status` varchar(10) NOT NULL,
  `total_charges` decimal(10,2) DEFAULT NULL,
  `total_price` decimal(10,2) DEFAULT NULL,
  `total_price_with_gst` decimal(10,2) DEFAULT NULL,
  `address` longtext,
  `subject` varchar(1000) DEFAULT NULL,
  `quotation_date` date NOT NULL,
  `branch_id` bigint DEFAULT NULL,
  `cgst` decimal(20,2) DEFAULT NULL,
  `gst_total` decimal(30,2) DEFAULT NULL,
  `igst` decimal(20,2) DEFAULT NULL,
  `sgst` decimal(20,2) DEFAULT NULL,
  `gst_number` varchar(15) DEFAULT NULL,
  `product_details_json` longtext CHARACTER SET utf8mb4 COLLATE utf8mb4_bin,
  `contact_by_no` varchar(11) DEFAULT NULL,
  `quotation_no` varchar(20) DEFAULT NULL,
  `customer_id` bigint DEFAULT NULL,
  `custom_terms` longtext,
  `or_contact` varchar(10) DEFAULT NULL,
  `or_name` varchar(100) DEFAULT NULL,
  `thank_u_note` varchar(1000) DEFAULT NULL,
  `terms_order` longtext CHARACTER SET utf8mb4 COLLATE utf8mb4_bin,
  `contact_by` varchar(100) DEFAULT NULL,
  PRIMARY KEY (`id`),
  CONSTRAINT `crmapp_quotation_management_chk_1` CHECK (json_valid(`product_details_json`)),
  CONSTRAINT `crmapp_quotation_management_chk_2` CHECK (json_valid(`terms_order`))
) ENGINE=InnoDB AUTO_INCREMENT=157 DEFAULT CHARSET=utf8mb4 COLLATE=utf8mb4_0900_ai_ci;
/*!40101 SET character_set_client = @saved_cs_client */;

--
-- Dumping data for table `crmapp_quotation_management`
--

LOCK TABLES `crmapp_quotation_management` WRITE;
/*!40000 ALTER TABLE `crmapp_quotation_management` DISABLE KEYS */;
INSERT INTO `crmapp_quotation_management` VALUES (6,1,'GST',85200.00,85200.00,100536.00,'Bhiwandi SFS, Thane - 412112','Quotation for the General Pest Control Service at Sonari Siddhachal Trading Co','2025-06-17',NULL,7668.00,15336.00,0.00,7668.00,NULL,'[{\"id\": \"1\", \"gst\": 18, \"name\": \"Cockroach Management\", \"unit\": \"\", \"price\": 1200, \"quantity\": 4}, {\"id\": \"6\", \"gst\": 18, \"name\": \"Mosquito Management (Spraying)\", \"unit\": \"\", \"price\": 625, \"quantity\": 24}, {\"id\": \"8\", \"gst\": 18, \"name\": \"Rodent Management\", \"unit\": \"\", \"price\": 725, \"quantity\": 24}, {\"id\": \"13\", \"gst\": 18, \"name\": \"Termite Management\", \"unit\": \"\", \"price\": 48000, \"quantity\": 1}]','7420077360','2025/06/6',7,NULL,NULL,NULL,NULL,NULL,'Yogesh Pawar'),(7,0,'NON-GST',2400.00,2400.00,2400.00,'C-1101, Nano Spaces , Ravet, Near hanging bridge.','Quotation for the Rat snap trap.','2025-07-07',1,0.00,0.00,0.00,0.00,NULL,'[{\"id\": \"34\", \"gst\": 18.01, \"name\": \"Rat Snap Trap\", \"unit\": \"Nos\", \"price\": 120.0, \"quantity\": 20.0, \"description\": \"\"}]','7030901567','2025/07/7',26,'None',NULL,NULL,NULL,NULL,'Simannisha Shaikh'),(8,1,'GST',1696.00,1696.00,2001.28,'MQVR+GMW Pimpri-Chinchwad, Maharashtra, Pune - 412101','Quotation for the Ratoout Rat Control Solution at M/S. SANDIP ENTERPRISES','2025-07-07',1,152.64,305.28,0.00,152.64,NULL,'[{\"id\": 1, \"gst\": 18.0, \"name\": \"Rodent Bait Station (RBS)\", \"p_id\": \"0\", \"unit\": \"Nos\", \"price\": 600.0, \"quantity\": 1.0, \"description\": \"\"}, {\"id\": 2, \"gst\": 18.0, \"name\": \"Rat Snap Trap\", \"p_id\": \"1\", \"unit\": \"Nos\", \"price\": 120.0, \"quantity\": 1.0, \"description\": \"\"}, {\"id\": 3, \"gst\": 18.0, \"name\": \"RatOout\", \"p_id\": \"2\", \"unit\": \"Ltr\", \"price\": 976.0, \"quantity\": 1.0, \"description\": \"\"}]','09503102302','2025/07/8',27,'                                                \r\n                                                ','None','None','','[1, 2]','Trupti Desai'),(11,1,'GST',13600.00,13600.00,16048.00,'Chet Gountiya, Chanehti, Kandharpur, Bareilly (U.P.)\r\n','Quotation for the Eco Biotraps at Sunmoon Traders','2025-07-14',1,0.00,2448.00,2448.00,0.00,NULL,'[{\"id\": 1, \"gst\": 18.0, \"name\": \"ECO BIOTRAPS\", \"p_id\": \"42\", \"unit\": \"Nos\", \"price\": 680.0, \"quantity\": 20.0, \"description\": \"\"}]','09503102302','2025/07/11',40,'Material will be delivered after receiving of PO in 10working days, Transport charges will be at actual.,Quotation is valid for 30 days from the date of quotation send by mail.\r\n\r\n                                                ','','','None','[1]','Trupti Desai'),(12,1,'GST',13600.00,13600.00,16048.00,'Chet Gountiya, Chanehti, Kandharpur, Bareilly (U.P.)','Quotation for the Eco Biotraps at Sunmoon Traders','2025-07-14',1,1224.00,2448.00,0.00,1224.00,NULL,'[{\"id\": \"42\", \"gst\": 18, \"name\": \"ECO BIOTRAPS\", \"unit\": \"Nos\", \"price\": 680, \"quantity\": 20, \"description\": \"\"}]','9503102302','2025/07/12',40,'Material will be delivered after receiving of PO in 10 working days.,Transport charges will be at actual.,Quotation is valid for 30 days from the date of quotation send by mail\r\n','','',NULL,NULL,'Trupti Desai'),(13,1,'GST',13600.00,13600.00,16048.00,'Chet Gountiya, Chanehti, Kandharpur, Bareilly (U.P.)','Quotation for the Eco Biotraps at Sunmoon Traders','2025-07-14',1,1224.00,2448.00,0.00,1224.00,NULL,'[{\"id\": \"42\", \"gst\": 18, \"name\": \"ECO BIOTRAPS\", \"unit\": \"Nos\", \"price\": 680, \"quantity\": 20, \"description\": \"\"}]','9503102302','2025/07/13',40,'Material will be delivered after receiving of PO in 10 working days.,Transport charges will be at actual.,Quotation is valid for 30 days from the date of quotation send by mail.\r\n\r\n\r\n','','',NULL,NULL,'Trupti Desai'),(14,1,'GST',50150.00,50150.00,59177.00,'Plot No.E-18/B,MIDC Chakan Industrial Area (Ph-III), Taluka: Khed, Dist: Pune, 410501., Pune - 410501','Quotation for the General Pest Control Services at SPINKS SOFTECH PVT.LTD.','2025-07-15',1,4513.50,9027.00,0.00,4513.50,NULL,'[{\"id\": \"1\", \"gst\": 18, \"name\": \"Cockroach Management\", \"unit\": \"Nos\", \"price\": 1200, \"quantity\": 1, \"description\": \"As on require\"}, {\"id\": \"6\", \"gst\": 18, \"name\": \"Mosquito Management (Spraying)\", \"unit\": \"Nos\", \"price\": 1200, \"quantity\": 24, \"description\": \"Fortnightly 24 services in a month\"}, {\"id\": \"7\", \"gst\": 18, \"name\": \"Mosquito Management (Fogging)\", \"unit\": \"Nos\", \"price\": 1200, \"quantity\": 12, \"description\": \"Monthly-12 services in a year\"}, {\"id\": \"8\", \"gst\": 18, \"name\": \"Rodent Management\", \"unit\": \"Nos\", \"price\": 1500, \"quantity\": 1, \"description\": \"As on require\"}, {\"id\": \"44\", \"gst\": 18, \"name\": \"Fly Management\", \"unit\": \"Nos\", \"price\": 1600, \"quantity\": 1, \"description\": \"As on require\"}, {\"id\": \"4\", \"gst\": 18, \"name\": \"Delfog\", \"unit\": \"Ltr\", \"price\": 2250, \"quantity\": 1, \"description\": \"1 Ltr Chemical Bottel\"}, {\"id\": \"5\", \"gst\": 18, \"name\": \"Gas Can\", \"unit\": \"Nos\", \"price\": 200, \"quantity\": 2, \"description\": \"200 ml can\"}]','7447400615','2025/07/14',43,'Monthly Billing and Monthly payment,Ifrequired RBS Boxes then per box Rate 450/-,While doing the pest control services, we will cover all the inside area of the plant.,Quotation is valid for 30 days from the date of quotation send by mail.\r\n\r\n','','',NULL,NULL,'Prakash Chothe'),(15,0,'NON-GST',5000.00,5000.00,5000.00,'Block No. B 104 Sutarwadi Pashan Pune 411021, Pune - 411021','Quotation for the Mosquito Management Service at Shree Laxmidham','2025-07-16',1,0.00,0.00,0.00,0.00,NULL,'[{\"id\": \"6\", \"gst\": 18, \"name\": \"Mosquito Management (Spraying)\", \"unit\": \"Nos\", \"price\": 2500, \"quantity\": 1, \"description\": \"Single Service\"}, {\"id\": \"7\", \"gst\": 18, \"name\": \"Mosquito Management (Fogging)\", \"unit\": \"Nos\", \"price\": 2500, \"quantity\": 1, \"description\": \"Single Service\"}]','7447400616','2025/07/15',44,NULL,'','','We thank you for your enquiry for the Mosquito Management Services and we are pleased to give the quotation accordingly as below:\r\n',NULL,'Laxman Hotkar'),(17,1,'GST',29640.00,29640.00,34975.20,'Baramati MIDC warehouse, Pune - 413102','Quotation for the Stack Fumigation at Nature Delight Cattle Feeds Pvt. Ltd.','2025-07-18',1,2667.60,5335.20,0.00,2667.60,NULL,'[{\"id\": 1, \"gst\": 18.0, \"name\": \"Stack Fumigation with ALP\", \"p_id\": \"47\", \"unit\": \"MT\", \"price\": 30.0, \"quantity\": 988.0, \"description\": \"Fumigation undersheet cover by 9g dosage\"}]','7774918071','2025/07/17',50,'Tarpaulin and sandbags will be provided by us.,\r\nQuotation is valid for 30 days from the date of quotation send by mail.,\r\n                                                ','8796712712','Datta Jadhav','We thank you for your enquiry for the Stack Fumigation Service and we are pleased to give the quotation accordingly as below','[1]','Himanshu Rathod'),(18,1,'GST',255000.00,255000.00,300900.00,'Kattedan, Hyderabad','Quotation for Cocoon Bags.','2025-07-18',1,0.00,45900.00,45900.00,0.00,NULL,'[{\"id\": \"49\", \"gst\": 18.0, \"name\": \"Self Verifying Cocoons 10MT\", \"unit\": \"Nos\", \"price\": 205000.0, \"quantity\": 1.0, \"description\": \"Capicity based on Wheat ,Density. Size: 3.3 x 2.98 x 1.5 meter\"}, {\"id\": \"50\", \"gst\": 18.0, \"name\": \"Cocoon Flush Hose Pipe\", \"unit\": \"Nos\", \"price\": 10500.0, \"quantity\": 1.0, \"description\": \"CO2 gas flush hose pipe for cocoon.\"}, {\"id\": \"51\", \"gst\": 18.0, \"name\": \"O2 Analyser Machine\", \"unit\": \"Nos\", \"price\": 29000.0, \"quantity\": 1.0, \"description\": \"O2 gas analyser machine\"}, {\"id\": \"52\", \"gst\": 18.0, \"name\": \"Manual Aspirator With Adapter\", \"unit\": \"Nos\", \"price\": 10500.0, \"quantity\": 1.0, \"description\": \"O2 gas detector adapter.\"}]','7774918071','2025/07/18',52,'Payment Terms: 100% Advance payment with PO.,\r\nTransportation charges will be extra at customer side.,\r\nQuotation isvalid for 30 daysfromthe date of quotation send by mail.,\r\n','','','We Thank You for your enquiry for The GrainPro Cocoon Bags and we are pleased to give the quotation accordingly as below\r\n',NULL,'Himanshu Rathod'),(19,1,'GST',255000.00,255000.00,300900.00,'Kattedan, Hyderabad','Quotation for Cocoon Bags.','2025-07-19',1,22950.00,45900.00,0.00,22950.00,NULL,'[{\"id\": \"49\", \"gst\": 18, \"name\": \"Self Verifying Cocoons 10MT\", \"unit\": \"Nos\", \"price\": 205000, \"quantity\": 1, \"description\": \"Capicity based on Wheat Density. Size: 3.3 x 2.98 x 1.5 meter\"}, {\"id\": \"50\", \"gst\": 18, \"name\": \"Cocoon Flush Hose Pipe\", \"unit\": \"Nos\", \"price\": 10500, \"quantity\": 1, \"description\": \"CO2 gas flush hose pipe forcocoon\"}, {\"id\": \"51\", \"gst\": 18, \"name\": \"O2 Analyser Machine\", \"unit\": \"Nos\", \"price\": 29000, \"quantity\": 1, \"description\": \"O2 gas analyser machine\"}, {\"id\": \"52\", \"gst\": 18, \"name\": \"Manual Aspirator With Adapter\", \"unit\": \"Nos\", \"price\": 10500, \"quantity\": 1, \"description\": \"O2 gas detector adapter.\"}]','7774918072','2025/07/19',52,'Payment Terms: 100% Advance payment with PO,\r\nTransportation charges will be extra at customer side.,\r\nQuotation is valid for 30 days from the date of quotation send by mail.,\r\n','','','We Thank You for your enquiry for The GrainPro Cocoon Bags and we are pleased to give the quotation accordingly as below:',NULL,NULL),(20,1,'GST',32000.00,32000.00,37760.00,'No.104/5, Byravanadoddi Village, Near Coca Cola Circle, Bidadi Industrial Area, Ramanagara.- 562 109.','Quotation for the Rat Snap Traps and RBS Boxes at TDTS Pest Control Services.','2025-07-23',1,0.00,5760.00,5760.00,0.00,NULL,'[{\"id\": \"31\", \"gst\": 18.0, \"name\": \"Rodent Bait Station (RBS)\", \"unit\": \"Nos\", \"price\": 400.0, \"quantity\": 50.0, \"description\": \"\"}, {\"id\": \"34\", \"gst\": 18.0, \"name\": \"Rat Snap Trap\", \"unit\": \"Nos\", \"price\": 120.0, \"quantity\": 100.0, \"description\": \"\"}]','9503102303','2025/07/20',59,'Material will be delivered after receiving of PO in 10 working days.,\r\nQuotation is valid for 30 days from the date of quotation send by mail.','','','',NULL,'Jyoti Hule'),(21,1,'GST',7500.00,7500.00,8850.00,'Kattedan, Hyderabad','Quotation for Stack Fumigation Services.','2025-07-23',1,0.00,1350.00,1350.00,0.00,NULL,'[{\"id\": \"47\", \"gst\": 18.0, \"name\": \"Stack Fumigation with ALP\", \"unit\": \"MT\", \"price\": 7500.0, \"quantity\": 1.0, \"description\": \"ALP fumigation with 12g/mt dosage. Material quantity up to 10MT\"}]','7774918071','2025/07/21',52,'Tarpaulin and sandbags will be provided by customer.','','','We Thank You for your enquiry for Commodity Fumigation with ALP and we are pleased to give the\r\nquotation accordingly as below:',NULL,'Himanshu Rathod'),(22,1,'GST',20000.00,21800.00,25724.00,'Uday Co-Operative Housing Society, 60 feet road Sion,\r\nBaner, Pune-411045','Quotation for the Anti- Termite Treatment Service at Aasha Enterprises','2025-07-29',1,1962.00,3924.00,0.00,1962.00,NULL,'[{\"id\": \"13\", \"gst\": 18.0, \"name\": \"Termite Management\", \"unit\": \"sqft\", \"price\": 4.0, \"quantity\": 5000.0, \"description\": \"Spray and drilling treatment\"}, {\"id\": \"6\", \"gst\": 18, \"name\": \"Mosquito Management (Spraying)\", \"unit\": \"Nos\", \"price\": 1800, \"quantity\": 1, \"description\": \"\"}]','9975957361','2025/07/22',62,'We will do spray and drilling treatment and cover all area.,Chemical to be used Experience ImidaCloprid (Sumitomo).,\r\n','','','We Thank You for your enquiry for The Anti Termite Treatment Service and we are pleased to give the\r\nquotation accordingly as below:',NULL,'Rahul Chhetri'),(23,1,'GST',40950.00,40950.00,48321.00,'T-26 Textile Park, New Additional MIDC Area Amravati Nagpur Road, Nandgaon Peth Amravati, Maharashtra,444801.','Quotation for the Post Construction - Anti Termite Treatment Service at Damodar Industries Limited.','2025-07-29',4,3685.50,7371.00,0.00,3685.50,NULL,'[{\"id\": \"56\", \"gst\": 18.0, \"name\": \"Post Construction - Anti Termite Treatment\", \"unit\": \"Sqft\", \"price\": 6.5, \"quantity\": 6300.0, \"description\": \"\"}]','7420077358','2025/07/23',61,'Warranty period of 3 years.,\r\nPest trend analysis report will be shared on a monthly basis. (1st Year).,\r\nPest trend analysis report will be shared on a quarterly basis.( 2nd and 3rd year).,\r\nInvoice will be raised monthly and payment should be done within 15 days from the date of invoice submission.,\r\nQuotation is valid for 30 days from the date of quotation send by mail.\r\n\r\n\r\n\r\n','','','We Thank You for your enquiry for The Anti Termite Treatment Service and we are pleased to give the quotation accordingly as below:',NULL,'Kisan Mankar'),(24,0,'NON-GST',56000.00,56000.00,56000.00,'Survey No.189, Govind Darshan Rd, Ganesh Nagar, Ravet,\r\nPimpri-Chinchwad, Pune,Maharashtra 412101.','Quotation for the Cockroach Management Service at Govind Darshan Society.','2025-07-29',1,0.00,0.00,0.00,0.00,NULL,'[{\"id\": \"1\", \"gst\": 18, \"name\": \"Cockroach Management\", \"unit\": \"Nos\", \"price\": 700, \"quantity\": 80, \"description\": \"Per flat Kitchen area & outlet area spray treatment. for 80 flats.\"}]','7447400616','2025/07/24',64,'Minimum flat quantity for the cockroach management service should be 40 flats and rate will be Rs: 700/- perflat.','','','We thank you for your enquiry for Cockroach Management Service and we are pleased to give the quotation accordingly as below:',NULL,'Laxman Hotkar'),(25,1,'GST',72000.00,72000.00,84960.00,'Godown no. 15 to 22, Building No A5, Ground floor, Harihar Compound., Thane - 421311','Quotation for the General Pest Control Services at Singhavi Foods Pvt. Ltd.','2025-07-24',5,6480.00,12960.00,0.00,6480.00,NULL,'[{\"id\": \"57\", \"gst\": 18.0, \"name\": \"General Pest Control Services\", \"unit\": \"Nos\", \"price\": 1050.0, \"quantity\": 24.0, \"description\": \"Pest to be covered: Cockroach, Ant & Spider.24 services in a year.\"}, {\"id\": \"8\", \"gst\": 18.0, \"name\": \"Rodent Management\", \"unit\": \"Nos\", \"price\": 900.0, \"quantity\": 52.0, \"description\": \"52 services in a year.\"}]','7420077360','2025/07/25',63,'Monthly Billing monthly payment, 30 days credit period.,\r\nWe provide 25 RBS boxes and 25 snap traps including this quotation.,\r\nDamage box will charge extra 350/- per box.,\r\nEmergency service will be provided in 24 to 48 Hrs.,\r\nQuotation is valid for 30 days from the date of quotation send by mail.\r\n\r\n\r\n\r\n','7583048887','Mr. Akhilesh Diwedi','Quotation for the General Pest Control Services at Singhavi Foods Pvt. Ltd.\r\n',NULL,'Yogesh Pawar'),(26,0,'NON-GST',1500.00,1500.00,1500.00,'C-1101, Nano Spaces , Ravet, Near hanging bridge.','Quotation for the Snake Management Service','2025-07-29',1,0.00,0.00,0.00,0.00,NULL,'[{\"id\": \"46\", \"gst\": 18, \"name\": \"Snake Management\", \"unit\": \"1\", \"price\": 1500, \"quantity\": 1, \"description\": \"(As on Required)\"}]','7030901567','2025/07/26',65,'Invoice will be raisedmonthly and payment should be done within 15 daysfromthe date of invoice submission','','','',NULL,'Simannisha Shaikh'),(27,1,'GST',1500.00,1500.00,1770.00,'GAT No. 281/1, Plot No. 8 & 29, Mulshi Rd, Ghotawade Phata, Kasar Amboli, Pirangut, Maharashtra 412115.\r\n','Quotation for the Snake Management Service','2025-07-29',1,135.00,270.00,0.00,135.00,NULL,'[{\"id\": \"46\", \"gst\": 18.0, \"name\": \"Snake Management\", \"unit\": \"nos\", \"price\": 1500.0, \"quantity\": 1.0, \"description\": \"As on Required\"}]','7030901567','2025/07/27',65,' Invoice will be raised monthly and payment should be done within 15 days from the date of invoice submission.\r\n','','','We Thank You for your enquiry for Snake Management Service and we are pleased to give the quotation  accordingly as below:\r\n',NULL,'Simannisha Shaikh'),(28,1,'GST',1500.00,1500.00,1770.00,'GAT No. 281/1, Plot No. 8 & 29, Mulshi Rd, Ghotawade Phata, Kasar Amboli, Pirangut, Maharashtra 412115.\r\n','Quotation for the Snake Management Service','2025-07-29',1,135.00,270.00,0.00,135.00,NULL,'[{\"id\": \"46\", \"gst\": 18, \"name\": \"Snake Management\", \"unit\": \"\", \"price\": 1500, \"quantity\": 1, \"description\": \"\"}]','7030901567','2025/07/28',65,' Invoice will be raised monthly and payment should be done within 15 days from the date of invoice submission.\r\n','','','We Thank You for your enquiry for Snake Management Service and we are pleased to give the quotation  accordingly as below:\r\n',NULL,'Simannisha Shaikh'),(29,1,'GST',4000.00,10000.00,11800.00,'A-10, Paramount Logitrade Complex, Godown No. D11 to\r\nD13,Lonad Village, Near Sawad Naka, Bhiwandi– 421302.','Quotation for the ALP & MBr Fumigation at Jayraj Foods Pvt.Ltd.','2025-07-31',5,900.00,1800.00,0.00,900.00,NULL,'[{\"id\": \"33\", \"gst\": 18.0, \"name\": \"ALP Fumigation\", \"unit\": \"\", \"price\": 4000.0, \"quantity\": 1.0, \"description\": \"5MT To 15MT\"}, {\"id\": \"35\", \"gst\": 18.0, \"name\": \"ALP Fumigation\", \"unit\": \"\", \"price\": 6000.0, \"quantity\": 1.0, \"description\": \"15MT To 35MT\"}]','7420077360','2025/07/29',69,'MBR fumigation required 2 days,\r\nALP fumigation required 7 days.,\r\n\r\n','','','We thank you for your enquiry for the MBR Fumigation and ALP Fumigation Service and we are pleased to give the quotation accordingly as below:\r\n',NULL,'Yogesh Pawar'),(30,1,'GST',240000.00,240000.00,283200.00,'Plot no C-6 , Indapur Industrial Area, Village - Balpudi ,\r\n413132.\r\n','Quotation for the Fly Catcher Machine at TBOF Foods Pvt.Ltd.','2025-07-26',1,21600.00,43200.00,0.00,21600.00,NULL,'[{\"id\": \"25\", \"gst\": 18, \"name\": \"Genus Fly CatcherMachine\", \"unit\": \"Nos\", \"price\": 8000, \"quantity\": 30, \"description\": \"2 florecent tube model with metal body frame\"}]','7774918071','2025/07/30',70,'Payment Terms: 100% Advance along with PO.,Material will be delivered after receiving of PO in 7working days.,Transport charges will be at actual.,Installation of machine to be done by customer, if required it will be charged extra.,\r\n','','','We Thank you for your enquiry for Fly Catcher Machine and we are pleased to give the quotation\r\naccordingly as below:',NULL,'Himanshu Rathod'),(31,1,'GST',192000.00,192000.00,226560.00,'Borgaon road, Bramhapuri Dist-Chandrapur.','Quotation for Silo Fumigation Services at RBS Renewables Private Limited','2025-08-01',1,17280.00,34560.00,0.00,17280.00,NULL,'[{\"id\": \"62\", \"gst\": 18, \"name\": \"Silo Fumigation\", \"unit\": \"Nos\", \"price\": 192000, \"quantity\": 1, \"description\": \"Silo Fumigation with ALP by 12g/MT dosage.,Single Service\"}]','7774918071','2025/08/31',72,'Permanent sealing and packing to be done by customer.,Temporary packing and sealing will be done by us.,Payment Terms: 100% Advance payment with PO.\r\n','','','We thank you for your enquiry for the Silo Fumigation Service and we are pleased to give the quotation accordingly as below:\r\n',NULL,'Himanshu Rathod'),(32,1,'GST',3500.00,3500.00,4130.00,'Plot No.1, 5-MLD CETP, Nandgaon-Peth, AAIA, Dist.- Amravati-444901.\r\n','Quotation for the Ant Management Service at SMS LIMITED','2025-08-01',4,315.00,630.00,0.00,315.00,NULL,'[{\"id\": \"9\", \"gst\": 18.0, \"name\": \"Ant Management\", \"unit\": \"Nos\", \"price\": 1750.0, \"quantity\": 2.0, \"description\": \"2 Services\"}]','7420077358','2025/08/32',74,'Invoice will be raised monthly and payment should be done within 7 days from the date of invoice submission.,\r\nQuotation isvalid for 30 daysfromthe date of quotation send by mail.','','','We Thank You for your enquiry for Ant Management Service and we are pleased to give the quotation accordingly as below:',NULL,'Kisan Mankar'),(33,1,'GST',48000.00,48000.00,56640.00,'Plot C4,MIDC Chakan Phase II, Bhamboli, Tal Khed, Pune410501., Pune - 410501','Quotation for the General Pest Control Services at Plastic Omnium OPmobility','2025-08-01',1,4320.00,8640.00,0.00,4320.00,NULL,'[{\"id\": \"1\", \"gst\": 18.0, \"name\": \"Cockroach Management\", \"unit\": \"Nos\", \"price\": 1000.0, \"quantity\": 24.0, \"description\": \"Fortnightly 24 Service in a year\"}, {\"id\": \"54\", \"gst\": 18.0, \"name\": \"Cockroach Management\", \"unit\": \"Nos\", \"price\": 900.0, \"quantity\": 12.0, \"description\": \"Monthly Service in a year, Office area\"}, {\"id\": \"8\", \"gst\": 18.0, \"name\": \"Rodent Management\", \"unit\": \"Nos\", \"price\": 1100.0, \"quantity\": 12.0, \"description\": \"Monthly Service in a year\"}]','7447400615','2025/08/33',73,'Invoice will be raised monthly and payment should be done within 15 days from the date of invoice submission.,. Ifrequired Rodent Bait Station (RBS) Boxesthen per box Rate. Rs.400/.,.We will recommend to install 50 nos of RBS Boxes at your plant area as per inspection done.,We will also recommend to take Rodent &Mosquito Management Service as a fortnightly basis.,. If required extra service except than monthly service,service cost will be added in invoice.,This rate isfor one year contract only. If required 5 yrs contract, rate will be increase 10 to 15% or whatever mutually\r\ndecide for every year.,\r\n','8421165267','Sayali Daware ','We Thank You for your enquiry for General Pest Control Service and we are pleased to give the\r\nquotation accordingly as below:',NULL,'Prakash Chothe'),(34,1,'GST',66000.00,66000.00,77880.00,'Plot No.1, 5-MLD CETP, Nandgaon-Peth, AAIA, Dist.- Amravati-444901.','Quotation for the Rodent Management Service at SMS LIMITED.','2025-08-02',4,5940.00,11880.00,0.00,5940.00,NULL,'[{\"id\": \"8\", \"gst\": 18.0, \"name\": \"Rodent Management\", \"unit\": \"Nos\", \"price\": 2750.0, \"quantity\": 24.0, \"description\": \"Fortnightly 24 services in a year.\"}]','7420077358','2025/08/34',74,'Invoice will be raised monthly and payment should be done within 7 days from the date of invoice submission.,Quotation is valid for 30 days from the date of quotation send by mail.\r\n','','','We Thank You for your enquiry for Rodent Management Service and we are pleased to give the quotation accordingly as below',NULL,'Kisan Mankar'),(35,1,'GST',66000.00,66000.00,77880.00,'Plot No.1, 5-MLD CETP, Nandgaon-Peth, AAIA, Dist.- Amravati-444901.','Quotation for the Rodent Management Service at SMS LIMITED.','2025-08-02',4,5940.00,11880.00,0.00,5940.00,NULL,'[{\"id\": \"8\", \"gst\": 18, \"name\": \"Rodent Management\", \"unit\": \"Nos\", \"price\": 2750, \"quantity\": 24, \"description\": \"Fortnightly 24 services in a year\"}]','7420077358','2025/08/35',74,'Invoice will be raised monthly and payment should be done within 7 days from the date of invoice submission.,Quotation isvalid for 30 daysfromthe date of quotation send by mail.\r\n','','','We Thank You for your enquiry for Rodent Management Service and we are pleased to give the quotation accordingly as below',NULL,'Kisan Mankar'),(38,1,'GST',137600.00,0.00,0.00,'17th Floor, 33/1, Pan Card Club Road, Baner High St, Hill, Road, Baner, Pune,Maharashtra 411069.','Quotation for the General Pest control service at Urban Vault Ambrosia Galaxy.','2025-08-07',1,0.00,0.00,0.00,0.00,NULL,'[{\"id\": 0, \"gst\": 18.0, \"name\": \"Cockroach Management\", \"p_id\": \"0\", \"unit\": \"Nos\", \"price\": 1200.0, \"quantity\": 12.0, \"description\": \"Monthly 12 services in a year for office area.\"}, {\"id\": 1, \"gst\": 18.0, \"name\": \"Cockroach Management\", \"p_id\": \"1\", \"unit\": \"Nos\", \"price\": 1200.0, \"quantity\": 12.0, \"description\": \"Monthly 12 services in a year for office area.\"}, {\"id\": 2, \"gst\": 18.0, \"name\": \"Cockroach Management\", \"p_id\": \"2\", \"unit\": \"Nos\", \"price\": 1200.0, \"quantity\": 12.0, \"description\": \"Monthly 12 services in a year for office area.\"}, {\"id\": 3, \"gst\": 18.0, \"name\": \"Mosquito Management Service\", \"p_id\": \"3\", \"unit\": \"Nos\", \"price\": 1400.0, \"quantity\": 52.0, \"description\": \"Weekly 52 services in a year\"}, {\"id\": 4, \"gst\": 18.0, \"name\": \"Rodent Management\", \"p_id\": \"4\", \"unit\": \"Nos\", \"price\": 900.0, \"quantity\": 24.0, \"description\": \"Fortnightly 24 services in a year\"}]','9975957361','2025/08/38',81,'Payment should be done in 15 days after submission of invoice.\r\n                                                \r\n                                                \r\n                                                \r\n                                                \r\n                                                ','','','We Thank You for your enquiry for General Pest Control Service and we are pleased to give the quotation accordingly as below','[2]','Rahul Chhetri'),(39,1,'GST',210950.00,211450.00,249511.00,'QMWV+8HQ, Umbare Navalakh,Maharashtra 410507.','Quotation for the Anti Termite Treatment Post Construction at Toyota Kirloskar Motor RPTC.','2025-08-07',1,19030.50,38061.00,0.00,19030.50,NULL,'[{\"id\": 0, \"gst\": 18.0, \"name\": \"Single Service For Trees Only (Termite Treatment)\", \"p_id\": \"0\", \"unit\": \"Nos\", \"price\": 18500.0, \"quantity\": 1.0, \"description\": \"Chemical dilution to be poured near the ground of all the trees to prevent further\\r\\ntermite damage to the trees.\\r\\n\"}, {\"id\": 1, \"gst\": 18.0, \"name\": \"Post Construction - Anti Termite Treatment\", \"p_id\": \"1\", \"unit\": \"Sqft\", \"price\": 4.11, \"quantity\": 45000.0, \"description\": \"Drilling, filling, sealing.\"}, {\"id\": 2, \"gst\": 18.0, \"name\": \"Anti-Termite Spray Treatment\", \"p_id\": \"2\", \"unit\": \"Nos\", \"price\": 8000.0, \"quantity\": 1.0, \"description\": \"Spray treatment to be done from outside and inside for the warehouse.\\r\\nSpray treatment to be done for complete boundary peripheral area and inside floor area.\"}]','7774918071','2025/08/39',82,'Termite Treatment 1 Year Warranty.\r\nChemical to be used Imidacloprid.\r\nAll the wooden articles which is damaged by termites need to be removed and disposed to prevent further breeding of termite colony.\r\n\r\n\r\n\r\n                                                \r\n                                                \r\n                                                \r\n                                                \r\n                                                \r\n                                                ','','','We Thank You for your enquiry for The Anti Termite Treatment Service Post Construction and we are pleased to give the quotation accordingly as below','[1, 2]','Himanshu Rathod'),(40,0,'NON-GST',24000.00,24000.00,24000.00,' Society wing-K & L opp-padamji papermill,thergoan pune.','Quotation For The General Pest Control Service at Green Pine Building Co-op HSG Society.','2025-08-06',1,0.00,0.00,0.00,0.00,NULL,'[{\"id\": 8, \"gst\": 18, \"name\": \"Rodent Management\", \"unit\": \"Nos\", \"price\": 750, \"quantity\": 24, \"uniqueKey\": 1754563882331.8977, \"description\": \"Fortnightly 24 services in a year.\"}, {\"id\": 67, \"gst\": 18, \"name\": \"Cockroach & Ant Management Service\", \"unit\": \"Nos\", \"price\": 1500, \"quantity\": 4, \"uniqueKey\": 1754563962116.0254, \"description\": \"For chambers & ducts area.\\nQuarterly 4 services in a year.\"}]','7447400615','2025/08/40',83,'RBS per box Rs.500 add snap traps.\r\n100% advance payment.\r\nQuotation is valid for 30 days from the time of submission.','','','We Thank You for your enquiry for the Mosquito Management Spray & Fogging Service and we are pleased to give the quotation accordingly as below','[]','Prakash Chothe'),(41,1,'GST',235000.00,235000.00,277300.00,'A-59, Road No. 10,Wagle Industrial Estate, Thane (West) -\r\n400604\r\n','Quotation for the Fly Catcher Machine at Antony Waste Handling Cell Limited','2025-08-07',1,21150.00,42300.00,0.00,21150.00,NULL,'[{\"id\": 68, \"gst\": 18, \"name\": \"Mahira Fly Catcher Machine\", \"unit\": \"Nos\", \"price\": 4700, \"quantity\": 50, \"uniqueKey\": 1754566271727.3645, \"description\": \"\"}]','9975957361','2025/08/41',84,NULL,'7304462540','Hemant Bhosale','We Thank you for your enquiry for Fly Catcher Machine and we are pleased to give the quotation accordingly as below','[1, 3]','Rahul Chhetri'),(45,1,'GST',80000.00,80000.00,94400.00,'PLOT NO.110/112 KHARWANDI VILLAGE, NAGAR AURANGABAD ROAD, BEFORE WADALA VILLAGE TALNEWASA DIST.AHMEDNAGAR-414602.\r\n','Quotation for the Silo Fumigation Service at CPF(INDIA) PRIVATE LIMITED.','2025-08-08',1,7200.00,14400.00,0.00,7200.00,NULL,'[{\"id\": 1, \"gst\": 18, \"name\": \"Silo Fumigation\", \"p_id\": 62, \"unit\": \"Nos\", \"price\": 80000, \"quantity\": 1, \"uniqueKey\": 1754651325801.3438, \"description\": \"ALP with 12 gm dosage for 2500 MT Capacity Silo.\"}]','888829985','2025/08/45',86,'100% Advance payment with PO.\r\nQuotation is valid for 30 days from the date of quotation send by mail.','','','We thank you for your enquiry for the Silo Fumigation Service and we are pleased to give the quotation accordingly as below:\r\n','[]',NULL),(46,1,'GST',120000.00,120000.00,141600.00,'Mruntunjay Temple Kotharud, Near Avante Site Kirloskar. Pune (Paud Road Bavdhan Labour colony Site).','Quotation for the Mosquito Spray & Anti Larval Treatment Service at KEC International Limited.','2025-08-07',1,10800.00,21600.00,0.00,10800.00,NULL,'[{\"id\": 1, \"gst\": 18.0, \"name\": \"Mosquito Spray & Anti Larval Treatment Service\", \"p_id\": \"1\", \"unit\": \"Nos\", \"price\": 48.0, \"quantity\": 2500.0, \"description\": \"Weekly 48 services in a year.\"}]','7447400615','2025/08/46',87,'                                                \r\n                                                ','','','We thank you for your enquiry for Mosquito Spray & Anti Larval Treatment Service and we are pleased to give the quotation accordingly as below\r\n','[11, 2]','Prakash Chothe'),(47,1,'GST',1800.00,19800.00,23364.00,'Baramati MIDC.\r\n','Quotation for The Mosquito Management Service at HDB FINANCIAL SERVICES.','2025-08-12',6,1782.00,3564.00,0.00,1782.00,NULL,'[{\"id\": 1, \"gst\": 18.0, \"name\": \"Mosquito Management Service\", \"p_id\": \"1\", \"unit\": \"Nos\", \"price\": 1800.0, \"quantity\": 1.0, \"description\": \"Single Service\\r\\n\"}, {\"id\": 2, \"gst\": 18.0, \"name\": \"Mosquito Management Service\", \"p_id\": \"2\", \"unit\": \"Nos\", \"price\": 1500.0, \"quantity\": 12.0, \"description\": \"Monthly-12 services in a year.\\r\\n\"}]','9112005112','2025/08/47',89,'Payment Should Be Done Immediate After Work Done.\r\n                                                \r\n                                                \r\n                                                \r\n                                                \r\n                                                ','8421001077','Amit Shewale','We thank you for your enquiry for Mosquito Management Service and we are pleased to give the quotation accordingly as below','[2]','Akshay Pandhare'),(48,1,'GST',18000.00,18000.00,21240.00,'Baramati MIDC.\r\n','Quotation for TheMosquito Management Service at HDB FINANCIAL SERVICES.','2025-08-12',4,1620.00,3240.00,0.00,1620.00,NULL,'[{\"id\": 1, \"gst\": 18.0, \"name\": \"Mosquito Management Service\", \"p_id\": \"1\", \"unit\": \"Nos\", \"price\": 1500.0, \"quantity\": 12.0, \"description\": \"Monthly-12 services in a year.\\r\\n\"}]','9112005112','2025/08/48',89,'Payment Should Be Done Immediate After Work Done.\r\n                                                \r\n                                                ','','','We thank you for your enquiry for Mosquito Management Service and we are pleased to give the quotation accordingly as below.','[2]','Akshay Pandhare'),(49,1,'GST',5500.00,5500.00,6490.00,'61-VEGETABLE MARKET VIEW, MUNNAR - 685 612, KERALA.\r\n','Quotation for the Rat snap trap at Leela Hardware','2025-08-14',1,0.00,990.00,990.00,0.00,NULL,'[{\"id\": 1, \"gst\": 18.0, \"name\": \"Rat Snap Trap\", \"p_id\": \"1\", \"unit\": \"Nos\", \"price\": 110.0, \"quantity\": 50.0, \"description\": \"\"}]','9503102303','2025/08/49',100,'                                                \r\n                                                ','','','We Thank You for your enquiry for Rat snap trap and we are pleased to give the quotation accordingly as below','[1, 2]','Jyoti Hule'),(50,1,'GST',576000.00,576000.00,679680.00,'(Unit 5-keralalmatti )Survey No. 166, Kulali Cross, Jamkhandi\r\nMudhol Road, Bagalkot, Karnataka, India - 587313.','Quotation for the Silo Fumigation Service at Trualt Bioenergy Ltd.','2025-08-21',1,0.00,103680.00,103680.00,0.00,NULL,'[{\"id\": 1, \"gst\": 18.0, \"name\": \"Empty Silo Fumigation\", \"p_id\": \"1\", \"unit\": \"Nos\", \"price\": 93000.0, \"quantity\": 2.0, \"description\": \"Fumigation for 12500MT Silos - 2nos.\\r\\n\"}, {\"id\": 2, \"gst\": 18.0, \"name\": \"Filled Silo Fumigation\", \"p_id\": \"2\", \"unit\": \"Nos\", \"price\": 195000.0, \"quantity\": 2.0, \"description\": \"Fumigation for 12500MT Silos - 2nos.\\r\\n\"}]','7774918071','2025/08/50',107,'100%Advance payment or whatever mutually decided.\r\nPermanent sealing and packing to be done by customer.\r\nTemporary packing and sealing will be done by us.\r\nFumigation Exposure period will be 10-15 days.\r\nQuotation is valid for 30 days from the date of quotation send by mail.\r\n\r\n\r\n\r\n\r\n                                                ','','','We thank you for your enquiry for the Silo Fumigation Service and we are pleased to give the quotation accordingly as below:\r\n','[]','Himanshu Rathod'),(51,1,'GST',11200.00,11200.00,13216.00,' Dound Pune., Pune - 413102','Quotation forthe General Pest Control Service at Dalmia Bharat Green Vision Limited.','2025-08-19',1,1008.00,2016.00,0.00,1008.00,NULL,'[{\"id\": 1, \"gst\": 18, \"name\": \"General Pest Control Services\", \"p_id\": 57, \"unit\": \"Nos\", \"price\": 5600, \"quantity\": 2, \"uniqueKey\": 1755770978636.216, \"description\": \"Fortnightly 2 service in a month\"}]','9112005112','2025/08/51',108,'We will recommend to install 10 nos of RBS Boxes at your area.\r\nWe will recommend to install 2 nos of Fly Catcher Machine.\r\n','8712648751','John Rao','We Thank You for your enquiry for General Pest Control Service and we are pleased to give the quotation accordingly as below:','[1, 17]','Akshay Pandhare'),(52,1,'GST',11200.00,11200.00,13216.00,' Dound Pune., Pune - 413102','Quotation forthe General Pest Control Service at Dalmia Bharat Green Vision Limited.','2025-08-19',1,1008.00,2016.00,0.00,1008.00,NULL,'[{\"id\": 1, \"gst\": 18, \"name\": \"General Pest Control Services\", \"p_id\": 57, \"unit\": \"Nos\", \"price\": 5600, \"quantity\": 2, \"uniqueKey\": 1755770978636.216, \"description\": \"Fortnightly 2 service in a month\"}]','9112005112','2025/08/52',108,'We will recommend to install 10 nos of RBS Boxes at your area.\r\nWe will recommend to install 2 nos of Fly Catcher Machine.\r\n','8712648751','John Rao','We Thank You for your enquiry for General Pest Control Service and we are pleased to give the quotation accordingly as below:','[1, 17]','Akshay Pandhare'),(53,1,'GST',10000.00,10000.00,11800.00,' Dound Pune., Pune - 413102','Quotation for the General Pest Control Services at Deccan Mechanical And Chemical Ind. Pvt.Ltd.','2025-08-21',1,0.00,1800.00,1800.00,0.00,NULL,'[{\"id\": 1, \"gst\": 18, \"name\": \"General Pest Control Services\", \"p_id\": 57, \"unit\": \"Nos\", \"price\": 10000, \"quantity\": 1, \"uniqueKey\": 1755771776062.6738, \"description\": \"Single Service\"}]','9112005112','2025/08/53',108,NULL,'8712648751','John Rao','We Thank You for your enquiry for General Pest Control Service and we are pleased to give the quotation accordingly as below\r\n','[1, 17]','Akshay Pandhare'),(54,1,'GST',4800.00,4800.00,5664.00,'PAP-S-65, Village - Savardari,MIDC – Phase II, Chakan Industrial Area, Taluka: Khed, Dist. Pune-410501 (MH) India, Pune - 410501','Quotation for the Container Leakage Testing at Alltech Biotechnology Pvt Ltd','2025-08-22',1,432.00,864.00,0.00,432.00,NULL,'[{\"id\": 1, \"gst\": 18, \"name\": \"Container Leakage Testing Charges\", \"p_id\": 83, \"unit\": \"Nos\", \"price\": 4800, \"quantity\": 1, \"uniqueKey\": 1755856319477.6948, \"description\": \"Per Container Charges\"}]','888829985','2025/08/54',109,NULL,'8484063028','Shashikant Mane','We thank you for your enquiry for Container Leakage Testing and we are pleased to give the quotation accordingly as below','[1, 2]',NULL),(55,1,'GST',13000.00,13000.00,15340.00,'D-5,MIDC, Ambad, Nashik– 422 010., Nashik - 422010','Quotation for the Wooden Crates Fumigation at Artson Limited.','2025-08-22',1,0.00,2340.00,2340.00,0.00,NULL,'[{\"id\": 1, \"gst\": 18.0, \"name\": \"Wooden Crate Fumigation\", \"p_id\": \"1\", \"unit\": \"Nos\", \"price\": 10000.0, \"quantity\": 1.0, \"description\": \"For total 22 nos of crates.\"}, {\"id\": 2, \"gst\": 18.0, \"name\": \"Transportation Charges\", \"p_id\": \"2\", \"unit\": \"Nos\", \"price\": 3000.0, \"quantity\": 1.0, \"description\": \"\"}]','888829985','2025/08/55',110,'                                                ','7276676560','Pradeep Thorat','We Thank You for your enquiry for Wooden Crates Fumigation Service and we are pleased to give the quotation accordingly as below','[1, 2]',NULL),(56,1,'GST',128000.00,128000.00,151040.00,'157/1 &157/2, \"Samarth Krupa\", Near Shangrila Resort, Opp. \"TOLL Logistics\", Nashik Highway, Bhiwandi, Thane-421302.','Quotation for the RodeXit installation at MOL Logistic (India) Pvt. Ltd.','2025-08-22',5,11520.00,23040.00,0.00,11520.00,NULL,'[{\"id\": 1, \"gst\": 18.0, \"name\": \"RodeXit installation\", \"p_id\": \"1\", \"unit\": \"Ft\", \"price\": 1000.0, \"quantity\": 128.0, \"description\": \" One time service\"}]','7420077360','2025/08/56',111,'This quotation only for shutters \r\n10 years warranty on products.  3 year warranty on installation.\r\nTOTO side required 66 ft location is security gate, Gate no - 8, 10,11,12,13\r\nOld side required 62 ft. Location- gate no- 14,15,18,22,23 and emergency exit Near office area \r\nTotal 128 ft RodeXit required \r\nInvoice will be calculated as an actual use of RodeXit\r\n                                                ','7045782212','Mr. Vibhash Dave','We thank you for your enquiry for the Rodexit Installation and we are pleased to give the quotation accordingly as below\r\n','[1, 2]','Yogesh Pawar'),(57,1,'GST',606000.00,606000.00,715080.00,'Survey No. 166, Kulali Cross, Jamkhandi Mudhol Road,Bagalkot, Karnataka, India - 587313.','Quotation for the Silo Fumigation Service at Trualt Bioenergy Ltd(Unit 1-Mudhol).','2025-08-21',1,0.00,109080.00,109080.00,0.00,NULL,'[{\"id\": 1, \"gst\": 18, \"name\": \"Empty Silo Fumigation\", \"p_id\": 72, \"unit\": \"Nos\", \"price\": 98000, \"quantity\": 2, \"uniqueKey\": 1756102137148.5642, \"description\": \"Fumigation for 15000MT Silos - 2nos.\\n\"}, {\"id\": 2, \"gst\": 18, \"name\": \"Filled Silo Fumigation\", \"p_id\": 73, \"unit\": \"Nos\", \"price\": 205000, \"quantity\": 2, \"uniqueKey\": 1756102165196.935, \"description\": \"Fumigation for 15000MT Silos - 2nos.\"}]','7774918071','2025/08/57',107,'Payment Terms: 100% Advance payment with PO.\r\nPermanent sealing and packing to be done by customer.\r\n Temporary packing and sealing will be done by us.\r\nFumigation Exposure period will be 10-15 days.\r\nTransportation of material will take 7 working days after we receive the work conformation and PO. \r\nQuotation is valid for 30 days from the date of quotation send by mail.\r\n\r\n\r\n','7020744496','Rushikesh Kumbhar','We thank you for your enquiry for the Silo Fumigation Service and we are pleased to give the quotation accordingly as below\r\n','[]','Himanshu Rathod'),(58,1,'GST',4200.00,4200.00,4956.00,'49 & 50,First Floor, Hi-Life, Near Santacruz Station, P.M.Road, Santacruz West,Mumbai 400054., Mumbai City -  400054','Quotation for the MBr Fumigation Service at Tropica Nursery LLP.','2025-08-30',5,378.00,756.00,0.00,378.00,NULL,'[{\"id\": 1, \"gst\": 18, \"name\": \"MBr Fumigation\", \"p_id\": 32, \"unit\": \"Nos\", \"price\": 4200, \"quantity\": 1, \"uniqueKey\": 1756543011543.5825, \"description\": \"Single Service\"}]','7420077360','2025/08/58',114,'Advance payment.\r\nFumigation cover manage by your end.\r\nOperator and MBR chemical carry by our team.\r\nQuotation is valid for 30 days from the date of quotation send by mail.\r\n','9664427183','Dhwanil Kapasi','We Thank You for your enquiry for the MBR Fumigation Service and we are pleased to give the quotation accordingly as below','[]','Yogesh Pawar'),(59,1,'GST',155150.00,155150.00,183077.00,'A-2, Udyog Nagar, Bholav, Bholav, Bharuch, Gujarat 392002., Bharuch - 392002.','Quotation for the Products & Materials at Jabsons Foods Pvt. Ltd.','2025-08-31',1,0.00,27927.00,27927.00,0.00,NULL,'[{\"id\": 1, \"gst\": 18.0, \"name\": \"Viper 30 Fly Zapper\", \"p_id\": \"1\", \"unit\": \"Nos\", \"price\": 8500.0, \"quantity\": 6.0, \"description\": \"15W 2 tube model fly killer.\\r\\nSS body made.\"}, {\"id\": 2, \"gst\": 18.0, \"name\": \"Genus Fly CatcherMachine\", \"p_id\": \"2\", \"unit\": \"Nos\", \"price\": 7800.0, \"quantity\": 11.0, \"description\": \"2 florecent tube model with metal body frame.\"}, {\"id\": 3, \"gst\": 18.0, \"name\": \"Cockroach Monitoring Traps\", \"p_id\": \"3\", \"unit\": \"Nos\", \"price\": 45.0, \"quantity\": 30.0, \"description\": \"\"}, {\"id\": 4, \"gst\": 18.0, \"name\": \"Storeguard Dome Traps\", \"p_id\": \"4\", \"unit\": \"Nos\", \"price\": 1100.0, \"quantity\": 10.0, \"description\": \"\"}, {\"id\": 5, \"gst\": 18.0, \"name\": \"Diamond IMM+4 Traps\", \"p_id\": \"5\", \"unit\": \"Nos\", \"price\": 150.0, \"quantity\": 10.0, \"description\": \"\"}, {\"id\": 6, \"gst\": 18.0, \"name\": \"IMM+4 Lure\", \"p_id\": \"6\", \"unit\": \"Nos\", \"price\": 450.0, \"quantity\": 10.0, \"description\": \"\"}]','7774918071','2025/08/59',23,'                                                \r\n                                                \r\n                                                ','9512001872','Bhumi Patel','We Thank You for your enquiry for the Products & Materials and we are pleased to give the quotation accordingly as below','[1, 2]','Himanshu Rathod'),(61,1,'GST',7500.00,7500.00,7500.00,'PAP-86, Additional Ambernath MIDC,Anand Nagar, Ambernath (E)– 421406, District – Thane,Maharashtra, India., Thane - 421406','Quotation for the Wooden Box MBr Fumigation Service at Mahagrid Energy Rental.','2025-09-02',5,0.00,0.00,0.00,0.00,NULL,'[{\"id\": 1, \"gst\": 18, \"name\": \"Wooden Box MBr Fumigation\", \"p_id\": 87, \"unit\": \"Nos\", \"price\": 3000, \"quantity\": 1, \"uniqueKey\": 1756813786153.41, \"description\": \"Single service without fumigation cover.\"}, {\"id\": 2, \"gst\": 18, \"name\": \"Wooden Box MBr Fumigation Service\", \"p_id\": 88, \"unit\": \"Nos\", \"price\": 4500, \"quantity\": 1, \"uniqueKey\": 1756813800905.8914, \"description\": \"Single service including fumigation cover.\\n\"}]','7420077360','2025/09/61',NULL,NULL,'7875757471','Arjun Patil','We Thank You for your enquiry for Wooden Box MBr Fumigation Service and we are pleased to give the quotation accordingly as below:','[1, 2]','Yogesh Pawar'),(62,1,'GST',40500.00,40500.00,47790.00,'R/O-3-9.16 Aswa Niwas, Kirana Chawadi, Aurangabad 431001 (M.S) INDIA., Aurangabad - 431001','Quotation For the Container Fumigation Service at Tasna Exports India Pvt.Ltd.','2025-09-02',1,3645.00,7290.00,0.00,3645.00,NULL,'[{\"id\": 1, \"gst\": 18.0, \"name\": \"20ft Container Fumigation (32g/m3)\", \"p_id\": \"1\", \"unit\": \"Nos\", \"price\": 2050.0, \"quantity\": 1.0, \"description\": \"\"}, {\"id\": 2, \"gst\": 18.0, \"name\": \"20ft Container Fumigation (48g/m3)\", \"p_id\": \"2\", \"unit\": \"Nos\", \"price\": 2900.0, \"quantity\": 1.0, \"description\": \"\"}, {\"id\": 3, \"gst\": 18.0, \"name\": \"20ft Container Fumigation (80g/m3)\", \"p_id\": \"3\", \"unit\": \"Nos\", \"price\": 4000.0, \"quantity\": 1.0, \"description\": \"\"}, {\"id\": 4, \"gst\": 18.0, \"name\": \"20ft Container Fumigation(100g/m3)\", \"p_id\": \"4\", \"unit\": \"Nos\", \"price\": 4900.0, \"quantity\": 1.0, \"description\": \"\"}, {\"id\": 5, \"gst\": 18.0, \"name\": \"40ft Container Fumigation(32g/m3)\", \"p_id\": \"5\", \"unit\": \"Nos\", \"price\": 3500.0, \"quantity\": 1.0, \"description\": \"\"}, {\"id\": 6, \"gst\": 18.0, \"name\": \"40ft Container Fumigation(48g/m3)\", \"p_id\": \"6\", \"unit\": \"Nos\", \"price\": 5150.0, \"quantity\": 1.0, \"description\": \"\"}, {\"id\": 7, \"gst\": 18.0, \"name\": \"40ft Container Fumigation(80g/m3)\", \"p_id\": \"7\", \"unit\": \"Nos\", \"price\": 8000.0, \"quantity\": 1.0, \"description\": \"\"}, {\"id\": 8, \"gst\": 18.0, \"name\": \"40ft Container Fumigation(100g/m3)\", \"p_id\": \"8\", \"unit\": \"Nos\", \"price\": 10000.0, \"quantity\": 1.0, \"description\": \"\"}]','7774918071','2025/09/62',126,'These charges are not applicable for AFAS Fumigation.\r\nPayment terms immediately after the invoice shared.\r\nTreatment to be done at Parakh Foods &Oils Ltd site.\r\n\r\n                                                \r\n                                                \r\n                                                \r\n                                                ','9588459116','Bhushan Sir','We Thank You for your enquiry for Container fumigation Service and we are pleased to give the quotation accordingly as below','[2]','Himanshu Rathod'),(63,1,'GST',40500.00,40500.00,47790.00,'R/O-3-9.16 Aswa Niwas, Kirana Chawadi, Aurangabad 431001 (M.S) INDIA., Aurangabad - 431001','Quotation For the Container Fumigation Service at Tasna Exports India Pvt.Ltd.','2025-09-02',1,3645.00,7290.00,0.00,3645.00,NULL,'[{\"id\": 1, \"gst\": 18, \"name\": \"20ft Container Fumigation (32g/m3)\", \"p_id\": 89, \"unit\": \"Nos\", \"price\": 2050, \"quantity\": 1, \"uniqueKey\": 1756815642862.2756, \"description\": \"\"}, {\"id\": 2, \"gst\": 18, \"name\": \"20ft Container Fumigation (48g/m3)\", \"p_id\": 90, \"unit\": \"Nos\", \"price\": 2900, \"quantity\": 1, \"uniqueKey\": 1756815661923.2478, \"description\": \"\"}, {\"id\": 3, \"gst\": 18, \"name\": \"20ft Container Fumigation (80g/m3)\", \"p_id\": 91, \"unit\": \"Nos\", \"price\": 4000, \"quantity\": 1, \"uniqueKey\": 1756815669022.4275, \"description\": \"\"}, {\"id\": 4, \"gst\": 18, \"name\": \"20ft Container Fumigation(100g/m3)\", \"p_id\": 92, \"unit\": \"Nos\", \"price\": 4900, \"quantity\": 1, \"uniqueKey\": 1756815680964.8057, \"description\": \"\"}, {\"id\": 5, \"gst\": 18, \"name\": \"40ft Container Fumigation(32g/m3)\", \"p_id\": 93, \"unit\": \"Nos\", \"price\": 3500, \"quantity\": 1, \"uniqueKey\": 1756815701929.0974, \"description\": \"\"}, {\"id\": 6, \"gst\": 18, \"name\": \"40ft Container Fumigation(48g/m3)\", \"p_id\": 94, \"unit\": \"Nos\", \"price\": 5150, \"quantity\": 1, \"uniqueKey\": 1756815709434.6296, \"description\": \"\"}, {\"id\": 7, \"gst\": 18, \"name\": \"40ft Container Fumigation(80g/m3)\", \"p_id\": 95, \"unit\": \"Nos\", \"price\": 8000, \"quantity\": 1, \"uniqueKey\": 1756815720880.5452, \"description\": \"\"}, {\"id\": 8, \"gst\": 18, \"name\": \"40ft Container Fumigation(100g/m3)\", \"p_id\": 96, \"unit\": \"Nos\", \"price\": 10000, \"quantity\": 1, \"uniqueKey\": 1756815732148.9092, \"description\": \"\"}]','7774918071','2025/09/63',126,'These charges are not applicable for AFAS Fumigation.\r\nPayment terms immediately after the invoice shared.\r\nTreatment to be done at Parakh Foods &Oils Ltd site.','9588459116','Bhushan Sir','We Thank You for your enquiry for Container fumigation Service and we are pleased to give the quotation accordingly as below','[2]','Himanshu Rathod'),(64,1,'GST',27500.00,27500.00,32450.00,'48,Wildrex Solutions, Ramrao Chavhan High school, Thriarr Polymers Pvt Ltd, Ahmednagar MIDC, Ahmednagar, Ahmednagar, Maharashtra, 414111., Ahmednagar - 414111','Quotation for the Fly Catcher Machines at Wildrex Solutions.','2025-08-26',1,2475.00,4950.00,0.00,2475.00,NULL,'[{\"id\": 1, \"gst\": 18, \"name\": \"Flyght Duo Fly Catcher Machine\", \"p_id\": 97, \"unit\": \"Nos\", \"price\": 13500, \"quantity\": 1, \"uniqueKey\": 1756890440253.763, \"description\": \"LED 9w Fly Catcher.\"}, {\"id\": 2, \"gst\": 18, \"name\": \"Genus Fly Catcher Machine\", \"p_id\": 25, \"unit\": \"Nos\", \"price\": 8000, \"quantity\": 1, \"uniqueKey\": 1756890459749.538, \"description\": \"2 florecent tube model with metal body frame\"}, {\"id\": 3, \"gst\": 18, \"name\": \"Mahira Fly Catcher Machine\", \"p_id\": 68, \"unit\": \"Nos\", \"price\": 6000, \"quantity\": 1, \"uniqueKey\": 1756890474733.262, \"description\": \"\"}]','9503102303','2025/09/64',127,NULL,'','','We Thank you for your enquiry for Fly Catcher Machine and we are pleased to give the quotation accordingly as below','[1, 3, 2]','Jyoti Hule'),(65,1,'GST',6700.00,6700.00,7906.00,'Plot. No. C-9, MIDC Area, Old Bypass Road, Near Kohinoor Hotel, Amravati - 444607 Maharashtra., Amravati - 444607','Quotation for The Prophylactic Management Service at Shree Vallabh Gases.','2025-09-24',4,603.00,1206.00,0.00,603.00,NULL,'[{\"id\": 1, \"gst\": 18, \"name\": \"Prophylactic Treatment\", \"p_id\": 58, \"unit\": \"Nos\", \"price\": 6700, \"quantity\": 1, \"uniqueKey\": 1758690472947.6377, \"description\": \"Single service\"}]','7420077358','2025/09/65',148,NULL,'9420721265','Pramod Sable','We thank you for your enquiry for the Prophylactic Management Services  and we are pleased to give the quotation accordingly as below:\r\n','[1, 2]','Kisan Mankar'),(67,1,'GST',20000.00,20000.00,23600.00,'Gittikhadan, Katol Road, Nagpur-440013, Nagpur - 440013','Quotation for the Mahira Fly Killer Machines at Ramdeobaba University.','2025-09-24',1,1800.00,3600.00,0.00,1800.00,NULL,'[{\"id\": 1, \"gst\": 18.0, \"name\": \"Mahira Fly Killer Machine\", \"p_id\": \"1\", \"unit\": \"Nos\", \"price\": 5000.0, \"quantity\": 4.0, \"description\": \"Regular 3 UV Tube model\\r\\nEach tube 15w.\\r\\n\"}]','8888829985','2025/09/67',149,'                                                ','7122580011','Dr. Rajesh Pande','We thank you for your enquiry for the Mahira Fly Killer Machines and we are pleased to give the quotation accordingly as below','[1, 3, 40, 41, 2]','Hiraman Rathod'),(68,1,'GST',9000.00,36000.00,42480.00,'Gittikhadan, Katol Road, Nagpur-440013, Nagpur - 440013','Quotation for the Viper 30 Fly Zapper Machines at Ramdeobaba University','2025-09-24',1,3240.00,6480.00,0.00,3240.00,NULL,'[{\"id\": 1, \"gst\": 18.0, \"name\": \"Viper 30 Fly Zapper\", \"p_id\": \"1\", \"unit\": \"Nos\", \"price\": 9000.0, \"quantity\": 4.0, \"description\": \"15W 2 tube model fly killer.\\r\\nSS body made.\"}]','8888829985','2025/09/68',149,'                                                \r\n                                                \r\n                                                \r\n                                                ','7122580011','Dr. Rajesh Pande','We thank you for your enquiry for the Viper 30 Fly Zapper Machines and we are pleased to give the quotation accordingly as below\r\n','[1, 3, 40, 41, 2]','Hiraman Rathod'),(69,1,'GST',10750.00,10750.00,12685.00,'938/B, Rajani Building, behind Freedy Go,Model Colony,Shivajinagar, Pune,Maharashtra 411005., Pune - 411005','Quotation for the Mini Fogger Machine at Air Pratik HVAC Private Limited.','2025-09-24',1,967.50,1935.00,0.00,967.50,NULL,'[{\"id\": 1, \"gst\": 18.0, \"name\": \"Mini Fogger Machine\", \"p_id\": \"1\", \"unit\": \"Nos\", \"price\": 8500.0, \"hsn_code\": \"\", \"quantity\": 1.0, \"description\": \"\"}, {\"id\": 2, \"gst\": 18.0, \"name\": \"Delfog\", \"p_id\": \"2\", \"unit\": \"Nos\", \"price\": 2250.0, \"hsn_code\": \"\", \"quantity\": 1.0, \"description\": \"1 Ltr Chemical Bottle.\"}]','9503102303','2025/09/69',130,'                                                \r\n                                                \r\n                                                ','8484855982','Aditya Sir','We Thank You for your enquiry for the Mini Fogger Machine and we are pleased to give the quotation\r\naccordingly as below','[1, 3, 2]','Jyoti Hule'),(70,1,'GST',18000.00,18000.00,21240.00,'Shree Shri Arihant Complex, BLDG. C - 10, GALA NO 1-5, Kalher Village, Bhiwandi - 421302., Thane - 421302','Quotation for Rodexit Installation at Indras Agencies Pvt.Ltd.','2025-09-20',5,1620.00,3240.00,0.00,1620.00,NULL,'[{\"id\": 1, \"gst\": 18, \"name\": \"RodeXit installation\", \"p_id\": 85, \"unit\": \"Ft\", \"price\": 1000, \"quantity\": 18, \"uniqueKey\": 1758712141961.8354, \"description\": \"\"}]','7420077360','2025/09/70',150,'This quotation for shutters No 4 and 5.','7738359413','Mrs. Archana','We thank you for your enquiry for the Rodexit Installation and we are pleased to give the quotation accordingly as below\r\n','[1]','Yogesh Pawar'),(71,0,'NON-GST',32000.00,32000.00,32000.00,'TWIN TOWERS SOCIETY,WIRELESS COLONY, AUNDH., Pune - 412101','Quotation forthe General Pest Control Service at TWIN TOWERS SOCIETY','2025-09-24',1,0.00,0.00,0.00,0.00,NULL,'[{\"id\": 2, \"gst\": 18, \"name\": \"Cockroach & Ant Management Service\", \"p_id\": 67, \"unit\": \"Nos\", \"price\": 2300, \"quantity\": 4, \"uniqueKey\": 1758714138319.3445, \"description\": \"Drainage Chambers Spray treatment (Quarterly 4 services in a year)\"}, {\"id\": 3, \"gst\": 18, \"name\": \"Rodent Management\", \"p_id\": 8, \"unit\": \"Nos\", \"price\": 900, \"quantity\": 24, \"uniqueKey\": 1758714183529.756, \"description\": \"Trapping and Baiting\\nFortnightly Service (24 Services in a year)\\n\"}, {\"id\": 4, \"gst\": 18, \"name\": \"Mosquito Management (Spraying)\", \"p_id\": 6, \"unit\": \"Nos\", \"price\": 1200, \"quantity\": 1, \"uniqueKey\": 1758714230841.4443, \"description\": \"As on Required\"}]','7447400616','2025/09/71',151,'6 month advance payment.','9975711441','Ashraf Khan','We Thank You for your enquiry for The  Anti  Termite Treatment Service and we are pleased to give the quotation accordingly as below','[1]','Laxman Hotkar'),(72,1,'GST',259200.00,259200.00,305856.00,'915/2, Dr. Sule Path, Shivaji Nagar, Pune - 411004.','Quotation forthe General Pest Control Services at The Maharashtra State Co-Op Bank Ltd.','2025-09-04',1,23328.00,46656.00,0.00,23328.00,NULL,'[{\"id\": 1, \"gst\": 18.0, \"name\": \"General Pest Control Services\", \"p_id\": \"2\", \"unit\": \"Nos\", \"price\": 7200.0, \"quantity\": 36.0, \"description\": \"Pest to be covered: Rodent, Mosquito, Insect, Bedbug Frequency.\\r\\n 12 services in a year (monthly single service) & 36 services in 3 years.\\r\\n\"}]','7447400616','2025/09/72',153,'                                                ','9822813968','Dilip Khopade','We thank you for your enquiry for General Pest Control Service and we are pleased to give the quotation accordingly as below','[12, 2]','Laxman Hotkar'),(73,1,'GST',168750.00,168750.00,199125.00,'Plot No. 774, 3Rd Floor, Phase V, Udyog Vihar, Gurgaon, Haryana, Gurgaon - 122006','Quotation forthe Silo Fumigation Service at Updater Services Limited','2025-09-04',1,0.00,30375.00,30375.00,0.00,NULL,'[{\"id\": 1, \"gst\": 18.0, \"name\": \"Silo Fumigation\", \"p_id\": \"2\", \"unit\": \"MT \", \"price\": 13.5, \"quantity\": 12500.0, \"description\": \"Silo Fumigation ALP 9 Grams\\r\\nSilo capacity 12,500 MT.\\r\\n\"}]','8888829985','2025/09/73',154,'Fumigation exposure period will be 15 days.\r\nIf silo isfilled partially, till then dosage and rate will be remained same.\r\nTemporary packing and sealing will be done by us.\r\nPermanent sealing and packingto be done by customer.\r\nAs you know the Cryptolestyesspp (Flat Grain Beetles) has developed resistance in India andmay notgetkilled by 9 grams dosage in monsoon season. It may require higher dosage and longer exposure period, repeated fumigation along with dust cleaning and sanitation measures.\r\nPayment will be made immediate after fumigation of silo.\r\nQuotation isvalid for 30 daysfromthe date of quotation send by mail.\r\n                                                ','8008400060',' Vidya babu Bhoomi Reddy','We thank you for your enquiry for the Silo Fumigation Service and we are pleased to give the quotation accordingly as below','[]','Hiraman Rathod'),(74,1,'GST',0.00,14200.00,16756.00,'Vikhroli, Mumbai, Maharashtra., Thane - 412101','Quotation for Termite Management Service at Everest Food Products Pvt . Ltd.','2025-09-04',5,1278.00,2556.00,0.00,1278.00,NULL,'[{\"id\": 13, \"gst\": 18, \"name\": \"Termite Management\", \"unit\": \"Nos\", \"price\": 14200, \"quantity\": 1, \"uniqueKey\": 1758784999742.081, \"description\": \"one time drilling treatment.\\n\"}]','7420077360','2025/09/74',155,'Termite service payment immediately afterservice done.\r\nThis quotation is only for the supervisor cabin area.\r\nOne years warranty period.\r\nThis quotation is valid for 30 days from the date of quotation.\r\n\r\n\r\n                                                \r\n                                                \r\n                                                ','9730130843','Mr. Suresh Bhusare','We Thank You for your enquiry for Termite Management Service and we are pleased to give the quotation accordingly as below','[]','Yogesh Pawar'),(76,1,'GST',2000.00,2000.00,2360.00,'Tolichowki  Hyderabad, Hyderabad - 500008','Quotation for the Cockroach Management Service at Ajmal Perfumes .','2025-09-25',7,180.00,360.00,0.00,180.00,NULL,'[{\"id\": 1, \"gst\": 18.0, \"name\": \"Cockroach Management\", \"p_id\": \"1\", \"unit\": \"nos\", \"price\": 2000.0, \"quantity\": 1.0, \"description\": \"\"}]','9866577497','2025/09/76',157,'Payment after service done.\r\nWarranty - 2 months.\r\n\r\n                                                ','8121593466','NA','We thank you for your enquiry for Cockroach Management Service and we are pleased to give the quotation accordingly as below','[]',NULL),(77,1,'GST',8500.00,8500.00,10030.00,'A-76, Chemical Zone,MIDC Kurkumbh, Pune - 413802','Quotation forthe Phillips UVA Tube at JP Laboratories Pvt Ltd.','2025-09-10',1,765.00,1530.00,0.00,765.00,NULL,'[{\"id\": 1, \"gst\": 18.0, \"name\": \"Phillips PHILLIPS UVA TUBE 15W STD\", \"p_id\": \"1\", \"unit\": \"Nos\", \"price\": 340.0, \"quantity\": 25.0, \"description\": \"\"}]','09503102302','2025/09/77',106,'                                                ','9960101587','Kishor Tambve','We thank you for your enquiry for Phillips UVA Tube and we are pleased to give the quotation accordingly as below:\r\n','[1, 53, 3, 17]','Trupti Desai'),(78,0,'NON-GST',4500.00,4500.00,4500.00,'A7, 504, A-Wing, Swarganga Society, Vallabh Nagar, Pimpri Chinchwad., Pune - 411018','Quotation for the Wood Borer Treatment.','2025-09-25',1,0.00,0.00,0.00,0.00,NULL,'[{\"id\": 1, \"gst\": 18, \"name\": \"Wood Borer Spray Treatment\", \"p_id\": 101, \"unit\": \"Nos\", \"price\": 4500, \"quantity\": 1, \"uniqueKey\": 1758785893061.4548, \"description\": \"Wood Borer Spray Treatment\\nSpray Treatment.\\n\"}]','7447400616','2025/09/78',156,'Service Done Payment','','','We thank you for your enquiry for Wood Borer Treatment Service and we are pleased to give the quotation accordingly as below','[17]','Laxman Hotkar'),(79,1,'GST',81600.00,81600.00,96288.00,'Building no B-5, Gala no 9C,10,11,12,13,14,15B,16B, Ground floor,  Paramount Logitrade Complex,  near Savadhnaka, Behind DHL Warehouse,  Village Lonad, Bhiwandi 421302., Thane - 421302','Quotation for the General Pest Control Services at Indeco Remedies Limited .','2025-09-25',5,7344.00,14688.00,0.00,7344.00,NULL,'[{\"id\": 1, \"gst\": 18.0, \"name\": \"Rodent Management\", \"p_id\": \"1\", \"unit\": \"Nos\", \"price\": 2000.0, \"quantity\": 24.0, \"description\": \"24 services in a year.\"}, {\"id\": 2, \"gst\": 18.0, \"name\": \"General Pest Control Services\", \"p_id\": \"2\", \"unit\": \"Nos\", \"price\": 1400.0, \"quantity\": 24.0, \"description\": \"24 services in a year. (Spray Treatment)\"}]','7420077360','2025/09/79',158,'Monthly Billing monthly payment.\r\nThis quotation for 90000 sqft area.\r\nWe provide 40 RBS Box including in this quotation.\r\nQuotation is valid for 30 days from the date of quotation send by mail.\r\n\r\n                                                \r\n                                                ','9373079126','Bipin Mishra','We Thank You for your enquiry for General Pest Control Service and we are pleased to give the quotation accordingly as below','[]','Yogesh Pawar'),(80,1,'GST',5500.00,5500.00,6490.00,'Plot No. 18, Lane No. 2, New Mangalwar Peth, Kasba Peth, Pune 411011.','Quotation for the Wooden Box Fumigation Service at Air Point International .','2025-09-25',1,495.00,990.00,0.00,495.00,NULL,'[{\"id\": 1, \"gst\": 18.0, \"name\": \"Wooden Box MBr Fumigation\", \"p_id\": \"1\", \"unit\": \"Nos\", \"price\": 5500.0, \"quantity\": 1.0, \"description\": \"For 3 boxes.\"}]','7447400615','2025/09/80',159,'We will provide two separate fumigation certificates from our end.\r\nQuotation is valid for 30 days from the date of quotation send by mail.\r\n\r\n                                                \r\n                                                ','7851051102','M','We Thank You for your enquiry for Wooden Box Fumigation Service and we are pleased to give the quotation accordingly as below','[1]','Prakash Chothe'),(81,1,'GST',98000.00,98000.00,115640.00,'1-8-32/5, Pendherghat Road, Bapubagh Colony, Secundarabad, Hyderabad, 500003, ','Quotation for the RodeXit Proofing Strip at Instant Procurement Services Pvt. Ltd.','2025-09-25',1,0.00,17640.00,17640.00,0.00,NULL,'[{\"id\": 1, \"gst\": 18.0, \"name\": \"RodeXit Proofing Strip\", \"p_id\": \"1\", \"unit\": \"Nos\", \"price\": 24500.0, \"quantity\": 4.0, \"description\": \"\"}]','8888829985','2025/09/81',162,'                                                \r\n                                                \r\n                                                ','7661862991','Chandana Gidugu','We thank you for your enquiry for RodeXit Proofing Strip and we are pleased to give the quotation accordingly as below','[1, 2]','Hiraman Rathod'),(84,1,'GST',57600.00,57600.00,67968.00,'Warehouse No.GA-2, Sumeet Logistics and Ind. Park, Opp.Rajdhani Oil Petrol Pump, Kuksa- Borivali Village, Next to Shangrila Resort Bhiwandi, Mumbai - 421302.','Quotation for the General Pest Control Services at Atmoscare Pvt.Ltd. (Quickshift.in).','2025-09-25',5,5184.00,10368.00,0.00,5184.00,NULL,'[{\"id\": 1, \"gst\": 18.0, \"name\": \"Rodent Management\", \"p_id\": \"1\", \"unit\": \"Nos\", \"price\": 1800.0, \"quantity\": 24.0, \"description\": \"24 services in a year.\"}, {\"id\": 2, \"gst\": 18.0, \"name\": \"General Pest Control Services\", \"p_id\": \"2\", \"unit\": \"Nos\", \"price\": 1200.0, \"quantity\": 12.0, \"description\": \"12 services in a year. (Spray treatment)\"}]','7420077360','2025/09/84',165,'We provide 15 RBS boxes including this quotation.\r\n\r\n                                                ','7720990541','Siddheshwar Ghayal','We Thank You for your enquiry for General Pest Control Service and we are pleased to give the quotation accordingly as below','[7, 2]','Yogesh Pawar'),(85,1,'GST',6400.00,6400.00,7552.00,'MXGW+JQ9, Nemawar Rd, Kapalya Khedi,Madhya Pradesh 452016., Indore - 452016','Quotation for the Rodent Bait Station (RBS) Box at Amar Moti Agro Foods LLP.','2025-09-17',1,0.00,1152.00,1152.00,0.00,NULL,'[{\"id\": 1, \"gst\": 18, \"name\": \"Rodent Bait Station (RBS)\", \"p_id\": 31, \"unit\": \"Nos\", \"price\": 320, \"quantity\": 20, \"uniqueKey\": 1758799977882.0325, \"description\": \"Metal Box\"}]','7887884482','2025/09/85',166,'Above charges are including of transportation costs.','9179241448','Mr. Jagdish','We Thank You for your enquiry for Rodent Bait Station Box (RBS) and we are pleased to give the quotation accordingly as below','[1, 2]','Rajesh Joshi'),(88,1,'GST',3000.00,3000.00,3540.00,'87 viyapar vikas parishad, nemawar road devguradiya ,Indore - 452016','Quotation for the Rodent Management Service at Sagar Dyes and Chemicals.','2025-09-25',8,0.00,540.00,540.00,0.00,NULL,'[{\"id\": 1, \"gst\": 18.0, \"name\": \"Rodent Management\", \"p_id\": \"1\", \"unit\": \"Nos\", \"price\": 1500.0, \"quantity\": 2.0, \"description\": \"Fortnightly 2 services in a month.\"}]','7887884482','2025/09/88',169,' Invoice will be raised monthly and payment should be done within 15 days from the date of invoice submission.                                          \r\n                                                \r\n                                                ','9425739299','Habil Bohra','We Thank You for your enquiry for Rodent Management Service and we are pleased to give the quotation accordingly as below','[2]','Rajesh Joshi'),(89,1,'GST',1200.00,61200.00,72216.00,'Hyderabad, Hyderabad - 500008','Quotation for the General Pest Control Service at Institute Of Management Technology.','2025-09-25',7,0.00,11016.00,11016.00,0.00,NULL,'[{\"id\": 1, \"gst\": 18.0, \"name\": \"Mosquito Management Anti-Larval\", \"p_id\": \"106\", \"unit\": \"Nos\", \"price\": 1100.0, \"quantity\": 4.0, \"description\": \"Weekly once (4 services in a month).\\r\\n\"}, {\"id\": 2, \"gst\": 18.0, \"name\": \"Mosquito Management Mist Fogging\", \"p_id\": \"105\", \"unit\": \"Nos\", \"price\": 2000.0, \"quantity\": 4.0, \"description\": \"Weekly once (4 services in a month).\\r\\n\"}, {\"id\": 3, \"gst\": 18.0, \"name\": \"Mosquito Management (Fogging)\", \"p_id\": \"7\", \"unit\": \"Nos\", \"price\": 2300.0, \"quantity\": 8.0, \"description\": \"Weekly twice (8 services in a month).\"}, {\"id\": 4, \"gst\": 18.0, \"name\": \"Fly Management\", \"p_id\": \"44\", \"unit\": \"Nos\", \"price\": 800.0, \"quantity\": 8.0, \"description\": \"Weekly twice (8 services in a month)\"}, {\"id\": 5, \"gst\": 18.0, \"name\": \"Cockroach Management\", \"p_id\": \"1\", \"unit\": \"Nos\", \"price\": 2000.0, \"quantity\": 2.0, \"description\": \"Fortnightly (2 services in a month).\"}, {\"id\": 6, \"gst\": 18.0, \"name\": \"Lizard Management\", \"p_id\": \"10\", \"unit\": \"Nos\", \"price\": 1000.0, \"quantity\": 2.0, \"description\": \"Fortnightly (2 services in a month)\"}, {\"id\": 7, \"gst\": 18.0, \"name\": \"Rodent Management\", \"p_id\": \"8\", \"unit\": \"Nos\", \"price\": 3000.0, \"quantity\": 2.0, \"description\": \"Fortnightly (2 services in a month).\"}, {\"id\": 8, \"gst\": 18.0, \"name\": \"Snake Management\", \"p_id\": \"46\", \"unit\": \"Nos\", \"price\": 3000.0, \"quantity\": 4.0, \"description\": \"Weekly once (4 services in a month).\\r\\n\"}]','9866577497','2025/09/89',164,'                                                \r\n                                                ','8143895124','Jayashree Sahoo','We Thank You for your enquiry for General Pest Control Service and we are pleased to give the quotation accordingly as below','[1, 2]',NULL),(90,0,'NON-GST',15000.00,15000.00,15000.00,'S. No. 96, Dholakwadi, Mulshi, Pune, Maharashtra 412108.','Quotation for the Bedbug Management Service at The Green Gate Resort','2025-09-26',1,0.00,0.00,0.00,0.00,NULL,'[{\"id\": 1, \"gst\": 0.0, \"name\": \"Bed Bugs Management\", \"p_id\": \"1\", \"unit\": \"Nos\", \"price\": 15000.0, \"quantity\": 1.0, \"description\": \"Total 2 services in a month.(2nd service within 15 days)\\r\\nFor 7 rooms.\\r\\n\"}]','7447400615','2025/09/90',90,'Payment Terms: 100% advance.\r\nAll 7 rooms must be vacant at a same time during the service.\r\nTreatment will be conducted during daytime hours.\r\nQuotation is valid for 30 days from the date of quotation send by mail.\r\n\r\n\r\n                                                                 \r\n                               \r\n                                                \r\n                                                \r\n                                                \r\n                                                ','9921997777','Nitin Kumar','We thank you for your enquiry for Bedbug Management Service and we are pleased to give the quotation accordingly as below','[]','Prakash Chothe'),(91,1,'GST',8000.00,8000.00,9440.00,'Empire Estate, CTS No. 4510/1, Sector 2 & 5, Chinchwad Pune - 411019.','Quotation for the Wooden Box MBr Fumigation Service at Berakah Newlong India LLP.','2025-09-26',1,720.00,1440.00,0.00,720.00,NULL,'[{\"id\": 1, \"gst\": 18.0, \"name\": \"Wooden Box MBr Fumigation Service\", \"p_id\": \"1\", \"unit\": \"Nos\", \"price\": 8000.0, \"quantity\": 1.0, \"description\": \"For 9 Boxes.\"}]','7447400615','2025/09/91',174,'Tarpaulin Handling and Transportation charges will be applicable. (Rs.1000.00 Extra)\r\nQuotation is valid for 30 days from the date of quotation send by mail.\r\n\r\n                                                \r\n                                                ','9175938010','Akshay Kedar','We Thank You for your enquiry for Wooden Box MBr Fumigation Service and we are pleased to give the quotation accordingly as below','[1]','Prakash Chothe'),(92,1,'GST',4600.00,4600.00,5428.00,'Unit No. 607 & 608, 6th floor, Amar Business Park, Survey No.105 (3), Pune 411045.','Quotation for the General Pest control service at Capitaland Group.','2025-09-05',1,414.00,828.00,0.00,414.00,NULL,'[{\"id\": 1, \"gst\": 18, \"name\": \"Cockroach Management\", \"p_id\": 1, \"unit\": \"Nos\", \"price\": 1800, \"quantity\": 1, \"uniqueKey\": 1758868385859.207, \"description\": \"\"}, {\"id\": 2, \"gst\": 18, \"name\": \"Rodent Management\", \"p_id\": 8, \"unit\": \"Nos\", \"price\": 1400, \"quantity\": 2, \"uniqueKey\": 1758868439323.9326, \"description\": \"Fortnightly 2 services in a month.\\n\"}]','9975957361','2025/09/92',175,NULL,'9850034951','Ankur Phadke','We thank you for your enquiry for General Pest Control Service and we are pleased to give the quotation accordingly as below','[12, 2]','Rahul Chhetri'),(93,1,'GST',531700.00,531700.00,627406.00,'Bholi, Shirwal site., Shirwal - 412801','Quotation for Rodent Proofing Rodexit Installation.','2025-09-06',1,47853.00,95706.00,0.00,47853.00,NULL,'[{\"id\": 108, \"gst\": 18, \"name\": \"RodeXit All In One Rodent Seal\", \"unit\": \"Ft\", \"price\": 818, \"quantity\": 650, \"uniqueKey\": 1758869607321.8855, \"description\": \"RodeXit installation for the below areas:\\nShutters - 27 Nos\\nEmergency Doors - 29 Nos\\nSingle Doors - 10 Nos\\nDouble Doors- 10 Nos\"}]','7774918071','2025/09/93',176,'Total area to be calculated at actual while doing work.\r\n Payment should be done in immediately after service.\r\nElectric supply to be provided by customer till the site of work.\r\nQuotation isvalid for 30 days from the date of quotation send by mail.\r\n                                                ','9011013620','Abhijeet Saphar','We thank you for your enquiry for RodeXit All in one seal Installation and we are pleased to give the quotation accordingly as below.\r\n','[]','Himanshu Rathod'),(94,1,'GST',0.00,29000.00,33320.00,'Gat no 808,Wagholi, Pune Maharashtra 412207., Pune - 412207','Quotation for the Wooden Pallets Fumigation Service at Aggreko India Private Limited.','2025-09-08',1,2160.00,4320.00,0.00,2160.00,NULL,'[{\"id\": 1, \"gst\": 18.0, \"name\": \"Fumigation Service\", \"p_id\": \"1\", \"unit\": \"Nos\", \"price\": 8000.0, \"quantity\": 3.0, \"description\": \"For Wooden Pallets\"}]','7447400615','2025/09/94',177,'Fumigation certificate will be given to customer after receivingthe 100% advance payment.\r\n\r\n                                                \r\n                                                \r\n                                                \r\n                                                \r\n                                                ','9552518928','Mr.Yuvraj','We Thank You for your enquiry for Wooden Pallets Fumigation Service and we are pleased to give the quotation accordingly as below:\r\n','[1, 2]','Prakash Chothe'),(95,0,'NON-GST',7500.00,7500.00,7500.00,'Plot 21 Sector 42A Opposite SS High School Sector 48, Seawoods 400706., Seawood - 400706','Quotation for the Rat Guard Installation at Oasys CHS.','2025-09-26',5,0.00,0.00,0.00,0.00,NULL,'[{\"id\": 1, \"gst\": 18.0, \"name\": \"Rat Guard Installation On Drainage Pipe\", \"p_id\": \"1\", \"unit\": \"Nos\", \"price\": 300.0, \"quantity\": 25.0, \"description\": \"\"}]','7420077360','2025/09/95',168,'Advance Payment or immediately after service is done.\r\nBilling depends on as an actual use of rat guard.\r\nThis quotation isvalid for 30 daysfromthe date of quotation.\r\n\r\n\r\n\r\n                                                ','7021094033','Trilok Shetti ','We Thank You for your enquiry for Rat Gaurd installation Service and we are pleased to give the quotation accordingly as below\r\n','[]','Yogesh Pawar'),(96,0,'NON-GST',9828.00,9828.00,9828.00,'Ravet, Pune - 412101','Quotation for the Post Construction - Anti Termite Treatment.','2025-09-26',1,0.00,0.00,0.00,0.00,NULL,'[{\"id\": 1, \"gst\": 18, \"name\": \"Post Construction - Anti Termite Treatment\", \"p_id\": 56, \"unit\": \"Sqft\", \"price\": 9, \"quantity\": 1092, \"uniqueKey\": 1758879140076.156, \"description\": \"\"}]','7447400616','2025/09/96',163,NULL,'7507327459','Megha Jadhav','We Thank You for your enquiry for The Anti Termite Treatment Service and we are pleased to give the quotation accordingly as below','[1, 61, 2]','Laxman Hotkar'),(97,1,'GST',12000.00,12000.00,14160.00,'Golden Leaf Co Operative Housing Society Ltd, A-6,M.T.D, C. Approved, Tungarli, Lonavala, Maharashtra 410401., Lonavala - 410401','Quotation for Cockroach Management Service at Glorious Villa.','2025-09-01',1,1080.00,2160.00,0.00,1080.00,NULL,'[{\"id\": 1, \"gst\": 18, \"name\": \"Cockroach Management\", \"p_id\": 1, \"unit\": \"Nos\", \"price\": 3000, \"quantity\": 4, \"uniqueKey\": 1758882269488.068, \"description\": \"Quarterly 4 Services in year.\\n\"}]','7447400615','2025/09/97',178,NULL,'','','We Thank You for your enquiry for Cockroach Management Service and we are pleased to give the quotation accordingly as below','[1, 2]','Prakash Chothe'),(99,1,'GST',16700.00,16700.00,19706.00,'Ankali Raibag Road, Village Yadrav, Tq Raibag Dist Belagavi, Belagavi (Belgaum), Karnataka, 591317','Quotation for the Chemical Supply at Hermes Distillery Private Limited','2025-09-26',1,0.00,3006.00,3006.00,0.00,NULL,'[{\"id\": 1, \"gst\": 18, \"name\": \"ALP Tablet\", \"p_id\": 111, \"unit\": \"KG\", \"price\": 1240, \"quantity\": 5, \"uniqueKey\": 1758883669573.4802, \"description\": \"\"}, {\"id\": 2, \"gst\": 18, \"name\": \"Gokhilaht 5% SC\", \"p_id\": 112, \"unit\": \"Ltr\", \"price\": 2100, \"quantity\": 5, \"uniqueKey\": 1758883688085.338, \"description\": \"\"}]','7774918071','2025/09/99',179,'ALP Tablets:Make UPL and Gokhilahat 5% SC :Make Sumitomo Chemical India Ltd.\r\nPayment terms 15 days after submission of invoice.\r\nQuotation is valid for 30 days after submission by mail.\r\n','7090000282',' Rohit Hingmire ','We thank you for your enquiry for the Chemical Supply and we are pleased to give the quotation accordingly as below\r\n','[]','Himanshu Rathod'),(100,1,'GST',55000.00,55000.00,64900.00,'KWALITY HOUSE\", 12, Machhe Industrial Area, Jamboti Road, BELAGAVI - 590 014.','Quotation for the Silo Fumigation Service at Kwality Animal Feeds Pvt. Ltd.','2025-09-26',1,0.00,9900.00,9900.00,0.00,NULL,'[{\"id\": 1, \"gst\": 18.0, \"name\": \"Silo Fumigation\", \"p_id\": \"1\", \"unit\": \"Nos\", \"price\": 55000.0, \"quantity\": 1.0, \"description\": \"ilo Fumigation of 2,500MT capacity.(Filled)\"}]','8888829985','2025/09/100',180,'Temporary packing and sealing will be done by us.\r\nPermanent sealing and packing to be done by customers.\r\nFumigation Exposure period will be 10-15 days.\r\nQuotation is valid for 30 days from the date of quotation send by mail.\r\n\r\n                                                ','9343984065','Dr. Ajaykumar B.Mane','We thank you for your enquiry for the Silo Fumigation Service and we are pleased to give the quotation accordingly as below\r\n','[18]','Hiraman Rathod'),(101,1,'GST',2500.00,2500.00,2500.00,'P.H.No. 76, Plot No. 249-313, Umred Road, Buttibori, Nagpur- 441108, Nagpur - 441108','Quotation for the Beehive Management at Patanjali Foods Limited','2025-09-26',1,0.00,0.00,0.00,0.00,NULL,'[{\"id\": 1, \"gst\": 18, \"name\": \"Beehive Management\", \"p_id\": 3, \"unit\": \"Nos\", \"price\": 2500, \"quantity\": 1, \"uniqueKey\": 1758886378507.08, \"description\": \"\"}]','7774918071','2025/09/101',NULL,NULL,'9770746840','Patanjali ','We thank you for your enquiry for the Beehive Management Services and we are pleased to give the quotation accordingly as below:\r\n','[]','Himanshu Rathod'),(102,1,'GST',45600.00,45600.00,53808.00,'Shreeji Complex Building No G,Opp Shivsagar Hotel, Bhoirgaon, Bhiwandi - 421302','Quotation for the General Pest Control Service at Loadnetic Solutions Pvt. Ltd. ','2025-09-26',5,4104.00,8208.00,0.00,4104.00,NULL,'[{\"id\": 1, \"gst\": 18, \"name\": \"Rodent Management\", \"p_id\": 8, \"unit\": \"Nos\", \"price\": 1100, \"quantity\": 24, \"uniqueKey\": 1758888539397.3333, \"description\": \"24 services in year.\"}, {\"id\": 2, \"gst\": 18, \"name\": \"General Pest Control Services\", \"p_id\": 57, \"unit\": \"Nos\", \"price\": 800, \"quantity\": 24, \"uniqueKey\": 1758888608765.1658, \"description\": \"24 services in year.(Spray Treatment)\"}]','7420077360','2025/09/102',182,'This quotation for 18000 sqft area.\r\nWe provide 15 Box and snap trap including this quotation.','9307716491','Himanshu Patil ','We Thank You for your enquiry for General Pest Control Service and we are pleased to give the quotation accordingly as below','[1]','Yogesh Pawar'),(103,1,'GST',7000.00,7000.00,8260.00,'Shop No 12, Plot no 23,24,41,42,43, Sri Krishna Avenue, Venkata Ramana Colony, Gokul Enclave, Vasanth Nagar, Hyderabad - 500085','Quotation for the Commodity Fumigation Service at Arnav Industries.','2025-09-29',7,0.00,1260.00,1260.00,0.00,NULL,'[{\"id\": 1, \"gst\": 18.0, \"name\": \"Commodity ALP Fumigation Service\", \"p_id\": \"1\", \"unit\": \"Nos\", \"price\": 7000.0, \"quantity\": 1.0, \"description\": \"ALP 9 grams per MT.\\r\\nFor 30MT.\\r\\n\"}]','9866577497','2025/09/103',188,' Fumigation exposure period will be 7 to 10 days.\r\nTarpaulin Handling and Transportation charges will be applicable. ( Rs.4000.00 Extra)\r\nQuotation is valid for 30 days from the date of quotation send by mail.\r\n                                                \r\n                                                \r\n                                                ','8985185118','Sutaru Bhargavi Devi','We Thank You for your enquiry for Commodity Fumigation with ALP and we are pleased to give the quotation accordingly as below','[1]',NULL),(105,1,'GST',13000.00,13000.00,15340.00,'Plot No. T-8, Addl. Amravati Industrial Area, Textilie Park Nandgaon Peth, M.I.D.C, Amravati - 444901.','Quotation for the Wood Borer Treatment Service at Golden Fibres LLP.','2025-09-29',4,1170.00,2340.00,0.00,1170.00,NULL,'[{\"id\": 1, \"gst\": 18.0, \"name\": \"Wood Borer Management\", \"p_id\": \"1\", \"unit\": \"Nos\", \"price\": 13000.0, \"quantity\": 1.0, \"description\": \"\"}]','7420077358','2025/09/105',189,'Invoice will be raised monthly and payment should be done within 15 days from the date of invoice submission. \r\nQuotation is valid for 30 days from the date of quotation send by mail.\r\n         \r\n                                                \r\n                                                ','7888005071','Sumit Chaudhari','We thank you for your enquiry for Wood Borer Treatment Service and we are pleased to give the quotation accordingly as below','[81]','Kisan Mankar'),(106,1,'GST',40800.00,40800.00,48144.00,'Plot No. T-8, Addl. Amravati Industrial Area, Textilie Park Nandgaon Peth, M.I.D.C, Amravati - 444901.','Quotation for The Mosquito Management Service at Golden Fibres LLP.','2025-09-29',4,3672.00,7344.00,0.00,3672.00,NULL,'[{\"id\": 1, \"gst\": 18.0, \"name\": \"Mosquito Management Service\", \"p_id\": \"1\", \"unit\": \"Nos\", \"price\": 1700.0, \"quantity\": 24.0, \"description\": \"Fortnightly 24 services in a year.\\r\\nArea to be covered: main 2 building, canteen  and offices.\"}]','7420077358','2025/09/106',189,'Invoice will be raised monthly and payment should be done within 15 days from the date of invoice submission.                                            \r\nQuotation is valid for 30 days from the date of quotation send by mail.                                                ','7888005071','Sumit Chaudhari','We Thank You for your enquiry for Mosquito Management Service and we are pleased to give the quotation accordingly as below','[]','Kisan Mankar'),(107,1,'GST',16000.00,16000.00,18880.00,'Plot No. T-8, Addl. Amravati Industrial Area, Textilie Park Nandgaon Peth, M.I.D.C, Amravati - 444901.','Quotation for the Anti-Termite Treatment Service at Golden Fibres LLP.','2025-09-29',4,1440.00,2880.00,0.00,1440.00,NULL,'[{\"id\": 1, \"gst\": 18.0, \"name\": \"Anti-Termite Treatment Service\", \"p_id\": \"1\", \"unit\": \"Sqft (approx)\", \"price\": 8.0, \"quantity\": 2000.0, \"description\": \"\"}]','7420077358','2025/09/107',189,'Invoice will be raised monthly and payment should be done within 15 days from the date of invoice submission.\r\nQuotation is valid for 30 days from the date of quotation send by mail.\r\n                                                \r\n                                                ','7888005071','Sumit Chaudhari','We Thank You for your enquiry for The Anti Termite Treatment Service and we are pleased to give the quotation accordingly as below','[5]','Kisan Mankar'),(108,1,'GST',62000.00,50000.00,59000.00,'Plot No 14-B, Morivali MIDC, Opp Positive Packaging, Ambernath (W), Thane - 421505.','Quotation for the General Pest Control  Service at Arabian Petroleum Ltd.','2025-10-03',5,4500.00,9000.00,0.00,4500.00,NULL,'[{\"id\": 1, \"gst\": 18.0, \"name\": \"Mosquito Management Service\", \"p_id\": \"1\", \"unit\": \"Nos\", \"price\": 800.0, \"hsn_code\": \"998531\", \"quantity\": 24.0, \"description\": \" 24 services in a year.\"}, {\"id\": 2, \"gst\": 18.0, \"name\": \"Cockroach Management\", \"p_id\": \"2\", \"unit\": \"Nos\", \"price\": 1400.0, \"hsn_code\": \"998531\", \"quantity\": 4.0, \"description\": \"Quarterly 4 services in a year.\"}, {\"id\": 3, \"gst\": 18.0, \"name\": \"Snake Management\", \"p_id\": \"3\", \"unit\": \"Nos\", \"price\": 1200.0, \"hsn_code\": \"998531\", \"quantity\": 3.0, \"description\": \"3 services in a year.\"}, {\"id\": 4, \"gst\": 18.0, \"name\": \"Rodent Management\", \"p_id\": \"4\", \"unit\": \"Nos\", \"price\": 900.0, \"hsn_code\": \"998531\", \"quantity\": 24.0, \"description\": \"24 services in a year.\"}]','7420077360','2025/09/108',192,'This quotation is for 7100 sqmt area.\r\nEmergency service will be provided in 24 hr.\r\nComplaint service attending free of cost.\r\nQuotation is valid for 30 days from the date of quotation send by mail.\r\n\r\n                                                \r\n                                                \r\n                                                \r\n                                                \r\n                                                \r\n                                                \r\n                                                \r\n                                                \r\n                                                ','7045681216','Mr. Johnson K. J','We thank you for your enquiry for the General Pest Control Services and we are pleased to give the quotation accordingly as below\r\n','[34]','Yogesh Pawar'),(109,1,'GST',14000.00,14800.00,17464.00,'No:2/1, Chettiyar Agaram Road,  Porur, Chennai - 600116.','Quotation for the RodeXit Proofing Strip at Tamilnad Kidney Research Foundation (Sathyalok).','2025-09-30',1,0.00,2664.00,2664.00,0.00,NULL,'[{\"id\": 1, \"gst\": 18.0, \"name\": \"RodeXit Proofing Strip\", \"p_id\": \"1\", \"unit\": \"Ft\", \"price\": 740.0, \"hsn_code\": \"\", \"quantity\": 20.0, \"description\": \"\"}]','7774918071','2025/09/109',194,'                                                \r\n                                                \r\n                                                ','8122273028','Guru Nathan','We thank you for your enquiry for the RodeXit Proofing Strip and we are pleased to give the quotation accordingly as below','[1, 3, 2]','Himanshu Rathod'),(110,1,'GST',7500.00,7500.00,8850.00,'A1 802, Regency Astra A1 CHSL, Sarsan Developers LLP, Regency Aawishkar, near Regency Orion, Mohan Nagar Co-Op Society, Baner, Pune-411045, Pune - 411045','Quotation for the General Pest Control Service at Regency Astra A1 CHSL','2025-09-30',1,675.00,1350.00,0.00,675.00,NULL,'[{\"id\": 1, \"gst\": 18.0, \"name\": \"General Pest Control Services\", \"p_id\": \"2\", \"unit\": \"Nos\", \"price\": 3750.0, \"hsn_code\": \"\", \"quantity\": 2.0, \"description\": \"Fortnightly 2 services in a month.(Cockroach, Rodent and Mosquito Spray and Fogging Service )\"}]','9975957361','2025/09/110',195,'We will cover ground area and all parking area.\r\n                                                ','8097924110','Upendra Agavekar','We thank you for your enquiry for General Pest Control Service and we are pleased to give the quotation accordingly as below','[1, 75]','Rahul Chhetri'),(111,1,'GST',14000.00,14800.00,17464.00,'Chennai.','Quotation for the RodeXit Proofing Strip.','2025-09-30',1,0.00,2664.00,2664.00,0.00,NULL,'[{\"id\": 1, \"gst\": 18.0, \"name\": \"RodeXit Proofing Strip\", \"p_id\": \"1\", \"unit\": \"Ft\", \"price\": 740.0, \"hsn_code\": \"\", \"quantity\": 20.0, \"description\": \"\"}]','7774918071','2025/09/111',196,'                                                \r\n                                                ',NULL,'','We thank you for your enquiry for RodeXit Proofing Strip and we are pleased to give the quotation accordingly as below','[1, 3, 2]','Himanshu Rathod'),(112,1,'GST',38000.00,38000.00,44840.00,'No:2/1, Chettiyar Agaram Road,  Porur, Chennai - 600116.','Quotation for the Rodexit Installation at Tamilnad Kidney Research Foundation (Sathyalok).','2025-09-30',1,0.00,6840.00,6840.00,0.00,NULL,'[{\"id\": 1, \"gst\": 18.0, \"name\": \"RodeXit installation\", \"p_id\": \"1\", \"unit\": \"Nos\", \"price\": 38000.0, \"hsn_code\": \"\", \"quantity\": 1.0, \"description\": \"\"}]','7774918071','2025/09/112',194,'                                                ','8122273028','Guru Nathan','We thank you for your enquiry for the Rodexit Installation and we are pleased to give the quotation accordingly as below\r\n','[1, 3, 2]','Himanshu Rathod'),(113,1,'GST',38000.00,38000.00,44840.00,'Chennai.','Quotation for the Rodexit Installation.','2025-09-30',1,0.00,6840.00,6840.00,0.00,NULL,'[{\"id\": 1, \"gst\": 18.0, \"name\": \"RodeXit installation\", \"p_id\": \"1\", \"unit\": \"Nos\", \"price\": 38000.0, \"hsn_code\": \"\", \"quantity\": 1.0, \"description\": \"\"}]','7774918071','2025/09/113',196,'                                                ',NULL,'','We thank you for your enquiry for the Rodexit Installation and we are pleased to give the quotation accordingly as below\r\n','[1, 3, 2]','Himanshu Rathod'),(114,1,'GST',184400.00,184400.00,217592.00,'Lane Number 5, Suyojana Society, Kavadewadi, Koregaon Park, Pune - 411001.','Quotation for the General Pest Control Service at Marvel Realtors.','2025-09-30',1,16596.00,33192.00,0.00,16596.00,NULL,'[{\"id\": 1, \"gst\": 18.0, \"name\": \"Snake Management\", \"p_id\": \"1\", \"unit\": \"Nos\", \"price\": 1500.0, \"hsn_code\": \"\", \"quantity\": 12.0, \"description\": \"Monthly - 12 Services in a year.\"}, {\"id\": 2, \"gst\": 18.0, \"name\": \"Rodent Management\", \"p_id\": \"2\", \"unit\": \"Nos\", \"price\": 1200.0, \"hsn_code\": \"\", \"quantity\": 24.0, \"description\": \"Fortnightly - 24 services in a year.\"}, {\"id\": 3, \"gst\": 18.0, \"name\": \"Mosquito Management Service\", \"p_id\": \"3\", \"unit\": \"Nos\", \"price\": 2500.0, \"hsn_code\": \"\", \"quantity\": 48.0, \"description\": \"(Spray & Fogging)\\r\\nWeekly - 48 services in a year.\"}, {\"id\": 4, \"gst\": 18.0, \"name\": \"Mosquito Management Anti-Larval\", \"p_id\": \"4\", \"unit\": \"Nos\", \"price\": 1300.0, \"hsn_code\": \"\", \"quantity\": 12.0, \"description\": \"Monthly - 12 services in a year.\"}, {\"id\": 5, \"gst\": 18.0, \"name\": \"Beehive Management\", \"p_id\": \"5\", \"unit\": \"Nos\", \"price\": 2000.0, \"hsn_code\": \"\", \"quantity\": 1.0, \"description\": \"As on required.\"}]','7447400615','2025/09/114',198,'                                                \r\n                                                \r\n                                                \r\n                                                ','7972070108','Prasad Shinde','We Thank You for your enquiry for General Pest Control Service and we are pleased to give the quotation accordingly as below','[82, 2]','Prakash Chothe'),(115,1,'GST',8000.00,7000.00,8260.00,'Season Mall  2nd Floor , Magarpatta, Hadapsar, Pune - 411013.','Quotation for the Anti Termite Treatment Service Post Construction at Wizes Infrastructure.','2025-09-30',1,630.00,1260.00,0.00,630.00,NULL,'[{\"id\": 1, \"gst\": 18.0, \"name\": \"Post Construction - Anti Termite Treatment\", \"p_id\": \"1\", \"unit\": \"Nos\", \"price\": 7000.0, \"hsn_code\": \"\", \"quantity\": 1.0, \"description\": \"As per inspected area.\"}]','7447400615','2025/09/115',199,'Chemical to be used Imidacloprid.\r\nQuotation is valid for 30 days from the date of quotation send by mail.\r\n                                                \r\n                                                \r\n                                                ','9990827896','Shubham Shukla','We Thank You for your enquiry for The Anti Termite Treatment Service Post Construction and we are pleased to give the quotation accordingly as below','[1, 5]','Prakash Chothe'),(116,1,'GST',84400.00,84400.00,99592.00,' B-2 Condominium, Survey No -27/1B+2+3(part B) NIBM Annex,Mohamadwadi, Pune - 411060.','Quotation for the General Pest Control Service at Raheja Vistas.','2025-10-01',1,7596.00,15192.00,0.00,7596.00,NULL,'[{\"id\": 1, \"gst\": 18.0, \"name\": \"Mosquito Management Service\", \"p_id\": \"1\", \"unit\": \"Nos\", \"price\": 2500.0, \"hsn_code\": \"998531\", \"quantity\": 12.0, \"description\": \"(Spray & Fogging)\\r\\nMonthly - 12 services in a year.\"}, {\"id\": 2, \"gst\": 18.0, \"name\": \"Rodent Management\", \"p_id\": \"2\", \"unit\": \"Nos\", \"price\": 1200.0, \"hsn_code\": \"998531\", \"quantity\": 12.0, \"description\": \"Monthly - 12 services in a year.\"}, {\"id\": 3, \"gst\": 18.0, \"name\": \"Snake Management\", \"p_id\": \"3\", \"unit\": \"Nos\", \"price\": 2000.0, \"hsn_code\": \"998531\", \"quantity\": 12.0, \"description\": \"Monthly - 12 services in a year.\"}, {\"id\": 4, \"gst\": 18.0, \"name\": \"Drainage Chambers Spray Treatment\", \"p_id\": \"4\", \"unit\": \"Nos\", \"price\": 4000.0, \"hsn_code\": \"998531\", \"quantity\": 4.0, \"description\": \"Quarterly - 4 services in a year.\"}]','7447400615','2025/10/116',200,'                                                \r\n                                                \r\n                                                \r\n                                                ','9881344346','Yusuf Khedwala ','We Thank You for your enquiry for General Pest Control Service and we are pleased to give the quotation accordingly as below','[82, 2]','Prakash Chothe'),(117,1,'GST',11500.00,11500.00,13570.00,'OXFORD UNIVERSITY PRESS INDIA LTD C/o.Ceva Logistics Pvt Ltd Suvagraha warehouse, Survey No: 16/3 Koduvalli Village, Tiruvallur-600055, Tamilnadu,INDIA , Chennai - 600055','Quotation for the General Pest Control Services at Ceva Logistics Pvt Ltd.','2025-10-03',1,0.00,2070.00,2070.00,0.00,NULL,'[{\"id\": 1, \"gst\": 18, \"name\": \"General Pest Control Services\", \"p_id\": 57, \"unit\": \"Nos\", \"price\": 5750, \"hsn_code\": \"\", \"quantity\": 2, \"uniqueKey\": 1759490543349.0544, \"description\": \"Fortnightly 2 services in a month. (Crawling insect Management,\\nRodent Management , \\nSnake repellent Treatment)\\n\"}]','9975957361','2025/10/117',202,'Payment Should be done in 30 days after  bill submission.','9952608586','NAGARAJAN Senthilkumar ','We thank you for your enquiry for the General Pest Control Services and we are pleased to give the quotation accordingly as below\r\n','[2]','Rahul Chhetri'),(118,1,'GST',647000.00,967000.00,1141060.00,'Mehsana,Gujarat - 384001','Quotation for the Cocoon for GrainPro at Dudhsagar Dairy. ','2025-10-04',1,0.00,174060.00,174060.00,0.00,NULL,'[{\"id\": 1, \"gst\": 18.0, \"name\": \"Cocoon 1 MT\", \"p_id\": \"1\", \"unit\": \"Nos\", \"price\": 43000.0, \"hsn_code\": \"39269099\", \"quantity\": 1.0, \"description\": \"\"}, {\"id\": 2, \"gst\": 18.0, \"name\": \"Cocoon 5 MT\", \"p_id\": \"2\", \"unit\": \"Nos\", \"price\": 134000.0, \"hsn_code\": \"39269099\", \"quantity\": 1.0, \"description\": \"\"}, {\"id\": 3, \"gst\": 18.0, \"name\": \"Cocoon 10 MT\", \"p_id\": \"3\", \"unit\": \"Nos\", \"price\": 175000.0, \"hsn_code\": \"39269099\", \"quantity\": 2.0, \"description\": \"\"}, {\"id\": 4, \"gst\": 18.0, \"name\": \"Cocoon 20 MT\", \"p_id\": \"4\", \"unit\": \"Nos\", \"price\": 220000.0, \"hsn_code\": \"39269099\", \"quantity\": 2.0, \"description\": \"\"}]','7774918071','2025/10/118',207,'                                                \r\n                                                \r\n                                                \r\n                                                \r\n                                                \r\n                                                \r\n                                                ','6352863771','Ashwin Chaudhary','We Thank You for your enquiry for The GrainPro Cocoon Bags and we are pleased to give the quotation accordingly as below\r\n','[1, 2]','Himanshu Rathod'),(119,1,'GST',53000.00,53000.00,62540.00,'Mehsana, Gujarat - 384001','Quotation for the Material at Dudhsagar Dairy.','2025-10-04',1,0.00,9540.00,9540.00,0.00,NULL,'[{\"id\": 1, \"gst\": 18.0, \"name\": \"Cocoon Flush Hose Pipe\", \"p_id\": \"1\", \"unit\": \"Nos\", \"price\": 10500.0, \"hsn_code\": \"90271000\", \"quantity\": 1.0, \"description\": \"\"}, {\"id\": 2, \"gst\": 18.0, \"name\": \"O2 Analyser Machine\", \"p_id\": \"2\", \"unit\": \"Nos\", \"price\": 32000.0, \"hsn_code\": \"84819090\", \"quantity\": 1.0, \"description\": \"\"}, {\"id\": 3, \"gst\": 18.0, \"name\": \"Manual Aspirator With Adapter\", \"p_id\": \"3\", \"unit\": \"Nos\", \"price\": 10500.0, \"hsn_code\": \"90189099\", \"quantity\": 1.0, \"description\": \"\"}]','7774918071','2025/10/119',207,'                                                \r\n                                                \r\n                                                \r\n                                                ','6352863771','Ashwin Chaudhary','We Thank You for your enquiry for The Material and we are pleased to give the quotation accordingly as below\r\n','[1, 2]','Himanshu Rathod'),(120,1,'GST',150000.00,150000.00,177000.00,' Dhule, Maharashtra-424001.','Quotation for Silo Fumigation Services at Universal Starch Pvt.Ltd','2025-10-04',1,13500.00,27000.00,0.00,13500.00,NULL,'[{\"id\": 1, \"gst\": 18.0, \"name\": \"Silo Fumigation\", \"p_id\": \"1\", \"unit\": \"Nos\", \"price\": 75000.0, \"hsn_code\": \"\", \"quantity\": 2.0, \"description\": \"Silo Fumigation with 12g dosage for 5000MT capacity silo.\\r\\n\"}, {\"id\": 62, \"gst\": 18, \"name\": \"Silo Fumigation\", \"unit\": \"Nos\", \"price\": 60000, \"hsn_code\": \"\", \"quantity\": 2, \"uniqueKey\": 1759575510116.248, \"description\": \"Silo Fumigation with 3g dosage for 5000MT capacity silo.\\n\"}]','7774918071','2025/10/120',209,'                                                ','7774063326','Nilesh Bagal','We thank you for your enquiry for the Silo Fumigation Service and we are pleased to give the quotation accordingly as below\r\n','[1, 2]','Himanshu Rathod'),(121,1,'GST',598000.00,598000.00,705640.00,'Jalandhar, Punjab - 144001','Quotation for the Cocoon for GrainPro. ','2025-10-04',1,0.00,107640.00,107640.00,0.00,NULL,'[{\"id\": 1, \"gst\": 18, \"name\": \"Cocoon 1 MT\", \"p_id\": 117, \"unit\": \"Nos\", \"price\": 38000, \"hsn_code\": \"39269099\", \"quantity\": 1, \"uniqueKey\": 1759576022924.192, \"description\": \"\"}, {\"id\": 2, \"gst\": 18, \"name\": \"Cocoon 5 MT\", \"p_id\": 118, \"unit\": \"Nos\", \"price\": 140000, \"hsn_code\": \"39269099\", \"quantity\": 1, \"uniqueKey\": 1759576041141.9983, \"description\": \"\"}, {\"id\": 3, \"gst\": 18, \"name\": \"Cocoon 10 MT\", \"p_id\": 121, \"unit\": \"Nos\", \"price\": 185000, \"hsn_code\": \"39269099\", \"quantity\": 1, \"uniqueKey\": 1759576059517.7778, \"description\": \"\"}, {\"id\": 4, \"gst\": 18, \"name\": \"Cocoon 20 MT\", \"p_id\": 120, \"unit\": \"Nos\", \"price\": 235000, \"hsn_code\": \"39269099\", \"quantity\": 1, \"uniqueKey\": 1759576077317.0613, \"description\": \"\"}]','7774918071','2025/10/121',210,NULL,'7009233218','Davinder Singh','We Thank You for your enquiry for The GrainPro Cocoon Bags and we are pleased to give the quotation accordingly as below\r\n','[1, 2]','Himanshu Rathod'),(123,1,'GST',48000.00,36000.00,42480.00,'Servey Number 118 /22 Upper ground shop no.2 kale Ashiyana ,Munt Word Pashan Pune 411021.','Quotation for the General Pest Control Service at MRK Foods Pvt. Ltd.','2025-10-06',1,3240.00,6480.00,0.00,3240.00,NULL,'[{\"id\": 1, \"gst\": 18.0, \"name\": \"General Pest Control Service\", \"p_id\": \"1\", \"unit\": \"Nos\", \"price\": 1600.0, \"hsn_code\": \"998531\", \"quantity\": 12.0, \"description\": \"Monthly 12 services in a year.\"}, {\"id\": 2, \"gst\": 18.0, \"name\": \"Rodent Management\", \"p_id\": \"2\", \"unit\": \"Nos\", \"price\": 700.0, \"hsn_code\": \"998531\", \"quantity\": 24.0, \"description\": \"Fortnightly 24 services in a year.\"}]','9975957361','2025/10/123',211,'We will suggest to install 6 Nos of Rodent Bait Station Box (RBS), per box rate will be Rs.450.00 extra.\r\nQuotation is valid for 30 days from the date of quotation send by mail.\r\n                                                \r\n                                                \r\n                                                \r\n                                                \r\n                                                \r\n                                                \r\n                                                \r\n                                                \r\n                                                ','8097449887','Sudhir Nayak','We Thank You for your enquiry for the General Pest Control Service and we are pleased to give the quotation accordingly as below\r\n','[43]','Rahul Chhetri'),(125,1,'GST',67400.00,70400.00,83072.00,'TVS Industrial & Logistics Parks Private Limited Phase 3A & 3B, Survey No. 338/1,Mahalunge Village, ChakanMIDC Taluka Khed, Pune - 410501.','Quotation for the General Pest Control Service atShanker Logistics Pvt. Ltd. C/O Expeditors International (I) Pvt. Ltd.','2025-10-07',1,6336.00,12672.00,0.00,6336.00,NULL,'[{\"id\": 1, \"gst\": 18.0, \"name\": \"Mosquito Management (Spraying)\", \"p_id\": \"1\", \"unit\": \"Nos\", \"price\": 900.0, \"hsn_code\": \"998531\", \"quantity\": 24.0, \"description\": \"Fortnightly 24 services in a year.\"}, {\"id\": 2, \"gst\": 18.0, \"name\": \"Snake Management\", \"p_id\": \"2\", \"unit\": \"Nos\", \"price\": 1000.0, \"hsn_code\": \"998531\", \"quantity\": 12.0, \"description\": \"Monthly 12 services in a year.\"}, {\"id\": 3, \"gst\": 18.0, \"name\": \"Termite Management\", \"p_id\": \"3\", \"unit\": \"Nos\", \"price\": 8000.0, \"hsn_code\": \"998531\", \"quantity\": 1.0, \"description\": \"Single Service\"}, {\"id\": 4, \"gst\": 18.0, \"name\": \"Rodent Management\", \"p_id\": \"4\", \"unit\": \"Nos\", \"price\": 1000.0, \"hsn_code\": \"998531\", \"quantity\": 24.0, \"description\": \"Fortnightly 24 services in a year.\"}, {\"id\": 5, \"gst\": 18.0, \"name\": \"General Pest Control Service\", \"p_id\": \"5\", \"unit\": \"Nos\", \"price\": 1200.0, \"hsn_code\": \"998531\", \"quantity\": 4.0, \"description\": \"Quarterly 4 services in a year.\\r\\nPest to be covered: Ant, Cockroach.\"}]','7447400615','2025/10/125',212,'Invoice will be raised monthly and payment should be done within 15 days from the date of invoice submission.\r\nFor Termite Treatment - Chemical to be used will be Imida Gold Plus(UPL).\r\nFor Termite Treatment 1 Year Warranty.\r\nWhatever Required RBS Boxes will be provided from our side, If any damaged then  per box will be applicable Rs.450.00 Extra.\r\nQuotation is valid for 30 days from the date of quotation send by mail.\r\n\r\n                                                \r\n                                                \r\n                                                \r\n                                                \r\n                                                \r\n                                                \r\n                                                \r\n                                                ','9766922990','Santosh Shewale','We Thank You for your enquiry for General Pest Control Service and we are pleased to give the quotation accordingly as below','[]','Prakash Chothe'),(126,1,'GST',85600.00,85600.00,101008.00,'Near Kopar Railway Station, Dombivali (W) - 421202.','Quotation for the General Pest Control Service at Sarvoday Galaxy CHSL.','2025-10-06',5,7704.00,15408.00,0.00,7704.00,NULL,'[{\"id\": 1, \"gst\": 18.0, \"name\": \"Rodent Management\", \"p_id\": \"1\", \"unit\": \"Nos\", \"price\": 1400.0, \"hsn_code\": \"998531\", \"quantity\": 24.0, \"description\": \"(Ground Floor Area Outside Area, Office,  Club House) \\r\\n24 services in a year.\"}, {\"id\": 2, \"gst\": 18.0, \"name\": \"Mosquito Management Service\", \"p_id\": \"2\", \"unit\": \"Nos\", \"price\": 2500.0, \"hsn_code\": \"998531\", \"quantity\": 12.0, \"description\": \"(G+7 Floor, Staircase, Lobby, Office,  Club House)\\r\\n12 services in a year.\"}, {\"id\": 3, \"gst\": 18.0, \"name\": \"Cockroach Management Service\", \"p_id\": \"3\", \"unit\": \"Nos\", \"price\": 5500.0, \"hsn_code\": \"998531\", \"quantity\": 4.0, \"description\": \"(Drainage Chambers, Office, Club House) \\r\\n4 services in a year.\"}]','7420077360','2025/10/126',213,'This quotation for G+7 floor, total 3 wing + club house society office.\r\n50% advance and 50% after 6 month.\r\nQuotation is valid for 30 days from the date of quotation send by mail.\r\n                                                \r\n                                                \r\n                                                \r\n                                                \r\n                                                \r\n                                                ','8097541925','Mr. Sunil Banodkar','We Thank You for your enquiry for the General Pest Control Service and we are pleased to give the quotation accordingly as below','[]','Yogesh Pawar'),(127,1,'GST',8200.00,8200.00,9676.00,'R/O-3-9.16 Aswa Niwas, Kirana Chawadi, Aurangabad 431001 (M.S) INDIA.','Quotation for the Container Fumigation Service at Tasna Exports India Pvt. Ltd.','2025-10-07',1,738.00,1476.00,0.00,738.00,NULL,'[{\"id\": 1, \"gst\": 18.0, \"name\": \"20ft Container Fumigation (32g/m3)\", \"p_id\": \"1\", \"unit\": \"Nos\", \"price\": 2050.0, \"hsn_code\": \"998531\", \"quantity\": 4.0, \"description\": \"\"}]','7774918071','2025/10/127',126,'Payment terms immediately after the invoice shared.\r\nTreatment to be done at Parakh Foods & Oils Ltd site.\r\nQuotation is valid for 30 days from the date of quotation send by mail.\r\n\r\n\r\n               \r\n                                                ','9588459116','Bhushan Sir','We Thank You for your enquiry for the Container fumigation Service and we are pleased to give the quotation accordingly as below','[37]','Himanshu Rathod'),(128,1,'GST',8800.00,200800.00,236944.00,'3rd Floor, Building IT-09 Qubix Business Park - SEZ, Blue Ridge, Phase 1, Hinjawadi Rajiv Gandhi Infotech Park, Hinjawadi, Pune, Maharashtra 411057.','Quotation for the General Pest Control Service at E-Zest, An Accion Labs Company.','2025-10-08',1,18072.00,36144.00,0.00,18072.00,NULL,'[{\"id\": 1, \"gst\": 18.0, \"name\": \"Cockroach Management\", \"p_id\": \"1\", \"unit\": \"Nos\", \"price\": 2200.0, \"hsn_code\": \"998531\", \"quantity\": 52.0, \"description\": \"Weekly 52 services in a year\"}, {\"id\": 2, \"gst\": 18.0, \"name\": \"Rodent Management\", \"p_id\": \"2\", \"unit\": \"Nos\", \"price\": 1800.0, \"hsn_code\": \"998531\", \"quantity\": 24.0, \"description\": \"Fortnightly 24 services in a year\"}, {\"id\": 3, \"gst\": 18.0, \"name\": \"General Pest Control Service\", \"p_id\": \"3\", \"unit\": \"Nos\", \"price\": 1800.0, \"hsn_code\": \"998531 \", \"quantity\": 24.0, \"description\": \"Fortnightly 24 services in a year\"}]','9975957361','2025/10/128',214,'10 Nos RBS Box Included.                                 \r\n                                                \r\n                                                \r\n                                                \r\n                                                \r\n                                                \r\n                                                \r\n                                                \r\n                                                \r\n                                                \r\n                                                \r\n                                                \r\n                                                \r\n                                                \r\n                                                ','8888826821','Tejas Bhoir','We thank you for your enquiry for the General Pest Control Services and we are pleased to give the quotation accordingly as below:\r\n','[2, 88]','Rahul Chhetri'),(129,1,'GST',1000.00,1000.00,1180.00,'Test, Test - 123123','Junior Software Engineer ','2025-10-08',1,90.00,180.00,0.00,90.00,NULL,'[{\"id\": 1, \"gst\": 18, \"name\": \"Cockroach Management\", \"p_id\": 1, \"unit\": \"Nos\", \"price\": 1000, \"hsn_code\": \"998539\", \"quantity\": 1, \"uniqueKey\": 1759909444565.2432, \"description\": \"ss\"}]','09503102302','2025/10/129',35,NULL,'1234567890','T2','We thank you for your enquiry for the Mosquito Management Services and we are pleased to give the quotation accordingly as below:\r\n','[1]','Trupti Desai'),(130,1,'GST',124000.00,124000.00,146320.00,'Dound., Pune - 412801.','Quotation for the General Pest Control Service Dalmia Bharat Green Vision Limited.','2025-10-08',1,11160.00,22320.00,0.00,11160.00,NULL,'[{\"id\": 1, \"gst\": 18.0, \"name\": \"General Pest Control Service\", \"p_id\": \"1\", \"unit\": \"Nos\", \"price\": 5000.0, \"hsn_code\": \"998531\", \"quantity\": 24.0, \"description\": \"Fortnightly 24 services in a year.\"}, {\"id\": 2, \"gst\": 18.0, \"name\": \"Rodent Bait Station (RBS)\", \"p_id\": \"2\", \"unit\": \"Nos\", \"price\": 400.0, \"hsn_code\": \"73102990\", \"quantity\": 10.0, \"description\": \"\"}]','7774918071','2025/10/130',216,'We will recommend to install 10 nos of RBS Boxes at your area.\r\nTransport charges will be at actual.\r\nQuotation is valid for 30 days from the date of quotation send by mail.\r\n\r\n\r\n                                                ','9009894276','Varun Sir','We Thank You for your enquiry for the General Pest Control Service and we are pleased to give the quotation accordingly as below\r\n','[1]','Himanshu Rathod'),(131,1,'GST',12000.00,12000.00,14160.00,'846/47, Sadashiv Peth, Shri.Balwant Niwas, A Wing, Flat No. 302, 4th Floor, Bhikardas Maruti Rd, Near Scaut Ground, Pune-411030.','Quotation for The Anti Termite Treatment Service Post Construction at Kapil Wardhe.','2025-10-09',1,1080.00,2160.00,0.00,1080.00,NULL,'[{\"id\": 1, \"gst\": 18.0, \"name\": \"Post Construction - Anti Termite Treatment\", \"p_id\": \"1\", \"unit\": \"Sqft\", \"price\": 10.0, \"hsn_code\": \"998531\", \"quantity\": 1200.0, \"description\": \"\"}]','7447400615','2025/10/131',221,'                                              \r\n                                                \r\n                                                \r\n                                                \r\n                                                ',NULL,'','We Thank You for your enquiry for The Anti Termite Treatment Service Post Construction and we are pleased to give the quotation accordingly as below','[1, 5, 14, 2]','Prakash Chothe'),(132,1,'GST',5900.00,5700.00,6186.00,'3rd Floor, AVANI BIZWORLD, Plot No GP 184, Nr. Thermax Chowk, behind Kundan Hyundai, G Block, MIDC, Chinchwad, Pune, Pimpri-Chinchwad, Maharashtra 411019.','Quotation for the General Pest Control Services at Cookwell Foods.','2025-10-09',1,243.00,486.00,0.00,243.00,NULL,'[{\"id\": 1, \"gst\": 18.0, \"name\": \"Rodent Management\", \"p_id\": \"1\", \"unit\": \"Nos\", \"price\": 1500.0, \"hsn_code\": \"998531\", \"quantity\": 1.0, \"description\": \"Single service\\r\\n\"}, {\"id\": 2, \"gst\": 18.0, \"name\": \"RatooOut\", \"p_id\": \"2\", \"unit\": \"Nos\", \"price\": 1200.0, \"hsn_code\": \"380891\", \"quantity\": 1.0, \"description\": \"1 liter Chemical bottle\"}, {\"id\": 3, \"gst\": 0.0, \"name\": \"Rodent Bait Station (RBS)\", \"p_id\": \"3\", \"unit\": \"Nos\", \"price\": 500.0, \"hsn_code\": \"73102990\", \"quantity\": 6.0, \"description\": \"With Rat snap trap\"}]','7447400615','2025/10/132',222,'\r\n                                                \r\n                                                \r\n                                                \r\n                                                \r\n                                                \r\n                                                ','9359397412','Sneha Phatak ','We Thank You for your enquiry for General Pest Control Service and we are pleased to give the quotation accordingly as below','[1, 2]','Prakash Chothe'),(133,1,'GST',700000.00,70000.00,82600.00,'Kerela Gidc Bhayla, Unit - 4 Pin 382220','Quotation for the Equipment Fumigation with ALP at Shree Bhagavati Floor Mill.','2025-10-10',1,0.00,12600.00,12600.00,0.00,NULL,'[{\"id\": 1, \"gst\": 18.0, \"name\": \"ALP Fumigation\", \"p_id\": \"1\", \"unit\": \"Nos\", \"price\": 70000.0, \"hsn_code\": \"998539\", \"quantity\": 1.0, \"description\": \"For All  equipments\"}]','8888829985','2025/10/133',229,'  Fumigation Exposure period is for 7 days.\r\n                                   \r\n                                                \r\n                                                \r\n                                                \r\n                                                \r\n                                                \r\n                                                \r\n                                                \r\n                                                \r\n                                                \r\n                                                \r\n                                                \r\n                                                ','9998844956',' Kaushal Sir','We Thank You for your enquiry for  Equipment Fumigation with ALP  and we are pleased to give the quotation accordingly as below','[1, 2]','Hiraman Rathod'),(134,1,'GST',200.00,168000.00,198240.00,'(E&C Division) I Joyville, Maan, Hinjewadi, Pune.','Quotation for the Anti Termite Chemical at Shapoorji Pallonji Co. Pvt. Ltd. ','2025-10-10',1,15120.00,30240.00,0.00,15120.00,NULL,'[{\"id\": 1, \"p_id\": \"1\", \"name\": \"Termite Treatment Chemical\", \"price\": 4200.0, \"quantity\": 40.0, \"hsn_code\": \" 38089199\", \"gst\": 18.0, \"description\": \"ENVU Premise (Imidacloprid 30.5% SC)\", \"unit\": \"L\"}]','7774918071','2025/10/134',231,'                                                \r\n                                                \r\n                                                \r\n                                                \r\n                                                \r\n                                                \r\n                                                \r\n                                                \r\n                                                \r\n                                                \r\n                                                \r\n                                                \r\n                                                ','9923750060','Sanjay M Minajgi ','We Thank You for your enquiry for the Anti Termite Chemical and we are pleased to give the quotation accordingly as below\r\n\r\n','[1]','Himanshu Rathod'),(135,1,'GST',88000.00,88000.00,103840.00,'(E&C Division) I Joyville, Maan, Hinjewadi, Pune.','Quotation for the Anti Termite Chemical at Shapoorji Pallonji Co. Pvt. Ltd.','2025-10-10',1,7920.00,15840.00,0.00,7920.00,NULL,'[{\"id\": 1, \"gst\": 18.0, \"name\": \"Termite Treatment Chemical\", \"p_id\": \"1\", \"unit\": \"L\", \"price\": 2200.0, \"hsn_code\": \"38089910\", \"quantity\": 40.0, \"description\": \" Heranba / UPL / Sumitomo Imidacloprid 30.5% SC)\"}]','8888829985','2025/10/135',231,'                                                \r\n                                                ','9923750060','Sanjay M Minajgi ','We Thank You for your enquiry for the Anti Termite Chemical and we are pleased to give the quotation accordingly as below ','[1, 3, 2]','Hiraman Rathod'),(136,1,'GST',43.00,43000.00,50740.00,'Mehsana-Gujarat, Gujarat - 384001.','Quotation for the Cocoon for GrainPro at Dudhsagar Dairy','2025-10-11',1,0.00,7740.00,7740.00,0.00,NULL,'[{\"id\": 1, \"gst\": 18.0, \"name\": \"Cocoon 1 MT\", \"p_id\": \"1\", \"unit\": \"Nos\", \"price\": 43000.0, \"hsn_code\": \"39269099\", \"quantity\": 1.0, \"description\": \"\"}]','7774918071','2025/10/136',207,'                                                \r\n                                                \r\n                                                ','6352863771','Ashwin Chaudhary','We Thank You for your enquiry for The GrainPro Cocoon Bags and we are pleased to give the quotation accordingly as below','[1, 2, 3]','Himanshu Rathod'),(137,1,'GST',134000.00,134000.00,158120.00,'Mehsana-Gujarat, Gujarat - 384001.','Quotation for the Cocoon for GrainPro at Dudhsagar Dairy','2025-10-11',1,0.00,24120.00,24120.00,0.00,NULL,'[{\"id\": 1, \"gst\": 18.0, \"name\": \"Cocoon 5 MT\", \"p_id\": \"1\", \"unit\": \"Nos\", \"price\": 134000.0, \"hsn_code\": \"39269099\", \"quantity\": 1.0, \"description\": \"\"}]','7774918071','2025/10/137',207,'                                                ','6352863771','Ashwin Chaudhary','We Thank You for your enquiry for The GrainPro Cocoon Bags and we are pleased to give the quotation accordingly as below\r\n','[1, 2, 3]','Himanshu Rathod'),(138,1,'GST',175000.00,175000.00,206500.00,'Mehsana-Gujarat, Gujarat - 384001.','Quotation for the Cocoon for GrainPro at Dudhsagar Dairy.','2025-10-11',1,0.00,31500.00,31500.00,0.00,NULL,'[{\"id\": 1, \"gst\": 18.0, \"name\": \"Cocoon 10 MT\", \"p_id\": \"1\", \"unit\": \"Nos\", \"price\": 175000.0, \"hsn_code\": \"39269099\", \"quantity\": 1.0, \"description\": \"\"}]','7774918071','2025/10/138',207,'                                                \r\n                                                \r\n                                                ','6352863771','Ashwin Chaudhary','We Thank You for your enquiry for The GrainPro Cocoon Bags and we are pleased to give the quotation accordingly as below','[1, 2, 3]','Himanshu Rathod'),(139,1,'GST',440000.00,220000.00,259600.00,'Mehsana-Gujarat, Gujarat - 384001.',' Quotation for the Cocoon for GrainPro at Dudhsagar Dairy','2025-10-11',1,0.00,39600.00,39600.00,0.00,NULL,'[{\"id\": 1, \"gst\": 18.0, \"name\": \"Cocoon 20 MT\", \"p_id\": \"1\", \"unit\": \"Nos\", \"price\": 220000.0, \"hsn_code\": \"39269099\", \"quantity\": 1.0, \"description\": \"\"}]','7774918071','2025/10/139',207,'                                                \r\n                                                ','6352863771','Ashwin Chaudhary','We Thank You for your enquiry for The GrainPro Cocoon Bags and we are pleased to give the quotation accordingly as below','[1, 2, 3]','Himanshu Rathod'),(140,0,'NON-GST',1800.00,1800.00,1800.00,'Aundh - Ravet BRTS Rd, Ravet, Pimpri-Chinchwad, Maharashtra 412101.','Quotation for the Snake Management Service at Akash Raj Apartment.','2025-10-11',1,0.00,0.00,0.00,0.00,NULL,'[{\"id\": 1, \"p_id\": \"1\", \"name\": \"Snake Management\", \"price\": 1800.0, \"quantity\": 1.0, \"hsn_code\": \"998531\", \"gst\": 18.0, \"description\": \"Single Service\", \"unit\": \"Nos\"}]','7447400615','2025/10/140',233,'                                                ','9822833007','Kumar Sir','We Thank You for your enquiry for Snake Management Service and we are pleased to give the quotation  accordingly as below\r\n','[1, 2]','Prakash Chothe'),(141,1,'GST',84400.00,106800.00,126024.00,'Station Road, Kalwa (W), Thane - 400605.','Quotation for the General Pest Control Service at Bali Tower Co-op HSC LTD.','2025-10-11',5,9612.00,19224.00,0.00,9612.00,NULL,'[{\"id\": 1, \"gst\": 18.0, \"name\": \"General Pest Control Service\", \"p_id\": \"1\", \"unit\": \"Nos\", \"price\": 2000.0, \"hsn_code\": \"998531\", \"quantity\": 4.0, \"description\": \"Frequency: 4 services in a year.\\r\\nPest to be covered: Cockroaches, Ant and Spider (For Drainage Chamber, Staircase, Lobby)\\r\\n\"}, {\"id\": 2, \"gst\": 18.0, \"name\": \"Rodent Management\", \"p_id\": \"2\", \"unit\": \"Nos\", \"price\": 650.0, \"hsn_code\": \"998531\", \"quantity\": 12.0, \"description\": \"Frequency: 12 services in a year.\"}, {\"id\": 3, \"gst\": 18.0, \"name\": \"Termite Management\", \"p_id\": \"3\", \"unit\": \"Nos\", \"price\": 68600.0, \"hsn_code\": \"998531\", \"quantity\": 1.0, \"description\": \"One time drill (5 years warranty).\\r\\nFor 28 Flats.\"}, {\"id\": 4, \"gst\": 18.0, \"name\": \"Termite Management\", \"p_id\": \"4\", \"unit\": \"Nos\", \"price\": 22400.0, \"hsn_code\": \"998531\", \"quantity\": 1.0, \"description\": \"One time drill (5 years warranty).\\r\\nFor 12 Shops.\"}]','7420077360','2025/10/141',234,'Termite Warranty: 5 Years (External & Internal 28 flats, 12 shops including Meter Room).\r\nQuotation is valid for 30 days from the date of quotation send by mail.\r\n\r\n                                                \r\n                                                \r\n                                                \r\n                                                \r\n                                                \r\n                                                ','7710037000','Deepak Sir ','We Thank You for your enquiry for the General Pest Control Service and we are pleased to give the quotation accordingly as below','[18]','Yogesh Pawar'),(142,1,'GST',45000.00,17300.00,20414.00,'7th Floor, Grande Palladium, CST Road, Kalina, Santacruz (E), Mumbai-400098.','Quotation for the Transfeliner at Marico Limited.','2025-10-18',12,1557.00,3114.00,0.00,1557.00,NULL,'[{\"id\": 1, \"p_id\": \"1\", \"name\": \"TSL 20\", \"price\": 17300.0, \"quantity\": 1.0, \"hsn_code\": \"39269091\", \"gst\": 18.0, \"description\": \"Dimensions (meters) = 9.0 x 5.0\", \"unit\": \"Nos\"}]','7774918071','2025/10/142',236,'                                                \r\n                                                \r\n                                                \r\n                                                \r\n                                                \r\n                                                ','7738787262','Yashwant Lande','We Thank You for your enquiry for The Transfeliner and we are pleased to give the quotation accordingly as below','[1, 3, 2]','Himanshu Rathod'),(143,1,'GST',12000.00,22900.00,27022.00,'Flat No 203 Plot No Rh 87/88 MIDC Near MIDC Ganpati Mandir Dombivali East - 421201.','Quotation for the  General Pest Control Service at  LUXURIYA CHS.','2025-10-13',5,2061.00,4122.00,0.00,2061.00,NULL,'[{\"id\": 1, \"gst\": 18.0, \"name\": \"Rodent Management\", \"p_id\": \"1\", \"unit\": \"Nos\", \"price\": 1000.0, \"hsn_code\": \"998531\", \"quantity\": 12.0, \"description\": \"Frequency: 12 services in a year.\\r\\n\"}, {\"id\": 2, \"gst\": 18.0, \"name\": \"Cockroach Management Drainage Chamber Service\", \"p_id\": \"2\", \"unit\": \"Nos\", \"price\": 2500.0, \"hsn_code\": \"998531\", \"quantity\": 4.0, \"description\": \"Frequency: 4 services in a year\"}, {\"id\": 3, \"gst\": 18.0, \"name\": \"Snake Management\", \"p_id\": \"3\", \"unit\": \"Nos\", \"price\": 900.0, \"hsn_code\": \"998531\", \"quantity\": 1.0, \"description\": \"Single Service\"}]','7420077360','2025/10/143',240,'Snake service we provide as an when required. If you want it for AMC then it required 12 service in year.\r\n                                                \r\n                                                \r\n                                                \r\n                                                \r\n                                                ','9321253035','Mr. Manoj Malani','We Thank You for your enquiry for General Pest Control Service and we are pleased to give the quotation accordingly as below','[1, 2]','Yogesh Pawar'),(144,1,'GST',563800.00,598000.00,705640.00,'Mehsana, Gujarat - 384001','Quotation forthe Cocoon for GrainPro at Orient Marketing','2025-10-08',1,53820.00,107640.00,0.00,53820.00,NULL,'[{\"id\": 1, \"gst\": 18.0, \"name\": \"Cocoon 1 MT\", \"p_id\": \"1\", \"unit\": \"Nos\", \"price\": 38000.0, \"hsn_code\": \"39269099\", \"quantity\": 1.0, \"description\": \"\"}, {\"id\": 2, \"gst\": 18.0, \"name\": \"Cocoon 5 MT\", \"p_id\": \"2\", \"unit\": \"Nos\", \"price\": 140000.0, \"hsn_code\": \"39269099\", \"quantity\": 1.0, \"description\": \"\"}, {\"id\": 3, \"gst\": 18.0, \"name\": \"Cocoon 10 MT\", \"p_id\": \"3\", \"unit\": \"Nos\", \"price\": 185000.0, \"hsn_code\": \"39269099\", \"quantity\": 1.0, \"description\": \"\"}, {\"id\": 4, \"gst\": 18.0, \"name\": \"Cocoon 20 MT\", \"p_id\": \"4\", \"unit\": \"Nos\", \"price\": 235000.0, \"hsn_code\": \"39269099\", \"quantity\": 1.0, \"description\": \"\"}]','7774918071','2025/10/144',215,'                                                \r\n                                                \r\n                                                ',NULL,'Keshav','We thank you for your enquiry for Cocoon and Grain Bags for GrainPro and we are pleased to give the quotation accordingly as below:\r\n','[1, 2]','Himanshu Rathod'),(145,0,'NON-GST',23000.00,23000.00,23000.00,'Near JQ4P+J35 Cluster_shahatani(Pimpri Chinchwad (M C) 6 Kshitij Co-Operative Housing Society, opposite Axix bank ATM, Madhuban Colony, Rahatani, Pimpri-Chinchwad,, Pune - 412101','Quotation for the General Pest control service at Bhoomi Kshitij.','2025-10-09',1,0.00,0.00,0.00,0.00,NULL,'[{\"id\": 1, \"gst\": 18, \"name\": \"Cockroach Management Service\", \"p_id\": 1, \"unit\": \"Nos\", \"price\": 2000, \"hsn_code\": \"998531\", \"quantity\": 4, \"uniqueKey\": 1760341717713.6064, \"description\": \"(Cockroach drainage chambers spray treatment) Quarterly 4 services in a year\"}, {\"id\": 2, \"gst\": 18, \"name\": \"Rodent Management\", \"p_id\": 8, \"unit\": \"Nos\", \"price\": 1000, \"hsn_code\": \"998531\", \"quantity\": 15, \"uniqueKey\": 1760341793144.8855, \"description\": \"Remaining 9 months monthly (9 services)\"}]','7447400616','2025/10/145',220,'Payment 3 months advance.','7387990698','Sai Pawar','We thank you for your enquiry for General Pest Control Service and we are pleased to give the quotation accordingly as below:','[2]','Laxman Hotkar'),(146,1,'GST',49600.00,4800.00,5664.00,'Village Name : Thakurgaon , Survey No 13/1/B Prathamesh Complex Bldg No F, Gala No 3 Rajnoli Naka Opposite Vatika Hotel, Bhiwandi - 421302.','Quotation for the General Pest Control Service at Nido Machineries Pvt. Ltd.','2025-10-15',5,432.00,864.00,0.00,432.00,NULL,'[{\"id\": 3, \"p_id\": \"4\", \"name\": \"General Pest Control Service\", \"price\": 1200.0, \"quantity\": 4.0, \"hsn_code\": \"998531\", \"gst\": 18.0, \"description\": \"Only Office Area \\r\\nPest to be covered:Cockroach, Ant and Spider.\\r\\n4 Services in a year.\", \"unit\": \"Nos\"}]','7420077360','2025/10/146',242,'\r\n                                                ','8108115887','Sagar Tambe','We Thank You for your enquiry for the General Pest Control Service and we are pleased to give the quotation accordingly as below','[1, 2]','Yogesh Pawar'),(147,1,'GST',9000.00,9000.00,10620.00,'C-9, Premlok Park, Chinchwad , Pune - 411033.','Quotation for the Fumigation Service at SKF Corporate Office.','2025-10-15',1,810.00,1620.00,0.00,810.00,NULL,'[{\"id\": 1, \"p_id\": \"1\", \"name\": \"MBr Fumigation\", \"price\": 5000.0, \"quantity\": 1.0, \"hsn_code\": \"998531\", \"gst\": 18.0, \"description\": \"Single Service (for documents)\\r\\n\", \"unit\": \"Nos\"}, {\"id\": 2, \"p_id\": \"2\", \"name\": \"ALP Fumigation\", \"price\": 4000.0, \"quantity\": 1.0, \"hsn_code\": \"998531\", \"gst\": 18.0, \"description\": \"Single Service (for documents)\", \"unit\": \"Nos\"}]','7447400615','2025/10/147',243,'Tarpaulin Handling and Transportation charges will be applicable. (Rs.2000.00 Extra).\r\nQuotation is valid for 30 days from the date of quotation send by mail.\r\n\r\n                                                \r\n                                                \r\n                                                \r\n                                                \r\n                                                ','8007053635','Sachin Kaware','We thank you for your enquiry for the Fumigation Service and we are pleased to give the quotation accordingly as below','[1]','Prakash Chothe'),(148,1,'GST',90000.00,90000.00,106200.00,'Office No -2,1st Floor,EM Office,159/2,Sangwade Road,Jambhe,Mulshi, Pune - 411033.','Quotation for the General Pest Control Service at Zoomies Petcare Pvt. Ltd.','2025-10-15',1,8100.00,16200.00,0.00,8100.00,NULL,'[{\"id\": 1, \"p_id\": \"1\", \"name\": \"General Pest Control Service\", \"price\": 3500.0, \"quantity\": 24.0, \"hsn_code\": \"998531\", \"gst\": 18.0, \"description\": \"Fortnightly : 24 Services in a year.\", \"unit\": \"Nos\"}, {\"id\": 2, \"p_id\": \"2\", \"name\": \"Mahira Fly Catcher Machine\", \"price\": 6000.0, \"quantity\": 1.0, \"hsn_code\": \"85439000\", \"gst\": 18.0, \"description\": \"\", \"unit\": \"Nos\"}]','7447400615','2025/10/148',244,'Quarterly Advance Payment for service.\r\nFor Product Sale payment terms: 100% Advance.\r\nWe will cover all pest in General pest control service (Rodent, Lizard,Fly, Mosquito Cockroach,Ant)\r\nRBS Box with Snap trap per box Amount Rs.500.00\r\nTransportation charges will be at actual.\r\nQuotation is valid for 30 days from the date of quotation send by mail.\r\n\r\n\r\n                                                \r\n                                                \r\n                                                ','9074065978','Akash S Kumar ','We Thank You for your enquiry for the General Pest Control Service and we are pleased to give the quotation accordingly as below','[]','Prakash Chothe'),(149,1,'GST',44600.00,24600.00,29028.00,'Rahul Nagar, Retibunder road, Dombivli (w).','Quotation for the General Pest Control Services at Hendra Atmaram Arcade.','2025-10-15',5,2214.00,4428.00,0.00,2214.00,NULL,'[{\"id\": 2, \"p_id\": \"2\", \"name\": \"Rodent Management\", \"price\": 800.0, \"quantity\": 12.0, \"hsn_code\": \"998531\", \"gst\": 18.0, \"description\": \" 12 service in year.\", \"unit\": \"NOS\"}, {\"id\": 3, \"p_id\": \"4\", \"name\": \"Cockroach Management Drainage Chamber Service\", \"price\": 2500.0, \"quantity\": 6.0, \"hsn_code\": \"998531\", \"gst\": 18.0, \"description\": \"6 service in year.\", \"unit\": \"Nos\"}]','7420077360','2025/10/149',245,'This quotation for G-4 floor 2 wings of society.\r\n\r\n\r\n                                                ','9870456545','Nilesh Bhoir','We Thank You for your enquiry for General Pest Control Service and we are pleased to give the quotation accordingly as below','[1, 2]','Yogesh Pawar'),(150,1,'GST',13200.00,13200.00,15576.00,'Village Name : Thakurgaon , Survey No 13/1/B Prathamesh Complex Bldg No F, Gala No 3 Rajnoli Naka Opposite Vatika Hotel, Bhiwandi - 421302.','Quotation for the Rodent Management Service at Nido Machineries Pvt. Ltd.','2025-10-15',5,1188.00,2376.00,0.00,1188.00,NULL,'[{\"id\": 1, \"p_id\": 8, \"name\": \"Rodent Management\", \"price\": 1100, \"quantity\": 12, \"unit\": \"Nos\", \"description\": \"Monthly: 12 Services in a year.\", \"gst\": 18, \"hsn_code\": \"998531\", \"uniqueKey\": 1760510825859.7007}]','7420077360','2025/10/150',242,NULL,'8108115887','Sagar Tambe','We Thank You for your enquiry for Rodent Management Service and we are pleased to give the quotation accordingly as below','[1, 2]','Yogesh Pawar'),(151,1,'GST',5000.00,7500.00,8850.00,'Test, Test - 123123','Pestcontrol ','2025-10-17',1,675.00,1350.00,0.00,675.00,NULL,'[{\"id\": 1, \"p_id\": \"1\", \"name\": \"Cockroach Management\", \"price\": 500.0, \"quantity\": 15.0, \"hsn_code\": \"998531\", \"gst\": 18.0, \"description\": \"dsff4\\r\\nsdfsd\\r\\nff\", \"unit\": \"NOs\"}]','0000000002','2025/10/151',35,'                                                \r\n                                                \r\n                                                \r\n                                                \r\n                                                ','1234567890','T2','We thank you for your enquiry for the Mosquito Management Services and we are pleased to give the quotation accordingly as below:\r\n','[1, 2, 3, 4]','TEIM TEST'),(152,1,'GST',4000.00,4000.00,4720.00,'Area No.1, Plot No.D-05, Midc Mahalunge, Chakan, Pune - 410501.','Quotation for the MBR Fumigation Service at Shiv Enterprises.','2025-10-16',1,360.00,720.00,0.00,360.00,NULL,'[{\"id\": 1, \"p_id\": \"1\", \"name\": \"MBr Fumigation\", \"price\": 4000.0, \"quantity\": 1.0, \"hsn_code\": \"998531\", \"gst\": 18.0, \"description\": \"For Wooden Pallets.\\r\\nSingle Service.\", \"unit\": \"Nos\"}]','7447400615','2025/10/152',249,'Tarpaulin Handling and Transportation charges will be applicable ( Amount 2000.00) extra\r\n                                                \r\n                                                \r\n                                                \r\n                                                \r\n                                                ','9028534592','Chandrakant Gujar','We Thank You for your enquiry for the MBR Fumigation Service and we are pleased to give the quotation accordingly as below','[1, 2]','Prakash Chothe'),(153,1,'GST',9000.00,9000.00,10620.00,'Gat No-306, Nanekarwadi,Chakan,Rajguru Nagar, Pune - 410501','Quotation for the General Pest Control Services at Bosch Chassis Systems India Pvt.Ltd.','2025-10-17',1,810.00,1620.00,0.00,810.00,NULL,'[{\"id\": 1, \"p_id\": 1, \"name\": \"Cockroach Management\", \"price\": 6000, \"quantity\": 1, \"unit\": \"Nos\", \"description\": \"Single Service\", \"gst\": 18, \"hsn_code\": \"998531\", \"uniqueKey\": 1760682531447.6343}, {\"id\": 2, \"p_id\": 8, \"name\": \"Rodent Management\", \"price\": 3000, \"quantity\": 1, \"unit\": \"Nos\", \"description\": \"Single Service\", \"gst\": 18, \"hsn_code\": \"998531\", \"uniqueKey\": 1760682558151.294}]','9975957361','2025/10/153',256,'All utensils to be removed from kitchen and store area for thorough and effective treatment.\r\n','9689907519','Yunus Abbas Mulla ','We thank you for your enquiry for General Pest Control Service and we are pleased to give the quotation accordingly as below\r\n','[64, 2]','Rahul Chhetri'),(154,1,'GST',67550.00,19550.00,23069.00,'5th Floor, Lat No.507, B-4 Indu Aranya Pallavi Survey No. 117 Tattiannaram Rangareddy, Hyderabad - 500068','Quotation for the RodeXit Installation at Vishwaksena Dream Solutions Private Limited.','2025-10-24',7,0.00,3519.00,3519.00,0.00,NULL,'[{\"id\": 2, \"p_id\": \"2\", \"name\": \"RodeXit installation\", \"price\": 1150.0, \"quantity\": 17.0, \"hsn_code\": \"39219090\", \"gst\": 18.0, \"description\": \"\", \"unit\": \"feet\"}]','8106562912','2025/10/154',262,'Transportation charges will be at actual.\r\nQuotation is valid for 30 days from the date of quotation send by mail.\r\n\r\n          \r\n                                                \r\n                                                \r\n                                                \r\n                                                ','9642317664','Mahesh Sir','We Thank You for your enquiry for the RodeXit Installation and we are pleased to give the quotation accordingly as below','[1]','Christopher Paul '),(155,1,'GST',48000.00,48000.00,56640.00,'5th Floor, Lat No.507, B-4 Indu Aranya Pallavi Survey No. 117 Tattiannaram Rangareddy, Hyderabad - 500068','Quotation for the Rodent Management Service at Vishwaksena Dream Solutions Private Limited.','2025-10-24',7,0.00,8640.00,8640.00,0.00,NULL,'[{\"id\": 1, \"p_id\": \"1\", \"name\": \"Rodent Management\", \"price\": 2000.0, \"quantity\": 24.0, \"hsn_code\": \"998531\", \"gst\": 18.0, \"description\": \"Fortnightly 24 services in a year.\", \"unit\": \"Nos\"}]','8106562912','2025/10/155',262,'Payment Terms: 50% advance and 50% after 6 month.                                        \r\nQuotation is valid for 30 days from the date of quotation send by mail.                                                ','9642317664','Mahesh Sir','We Thank You for your enquiry for Rodent Management Service and we are pleased to give the quotation accordingly as below','[]','Christopher Paul '),(156,1,'GST',25000.00,25000.00,29500.00,'Survey No-812/2B, Rudraksh Residency,  Tamjai Nagar, Karanje, Satara - 415002.','Quotation for the Mahira Fly Killer Machines at Ravitej Projects.','2025-10-27',11,2250.00,4500.00,0.00,2250.00,NULL,'[{\"id\": 1, \"p_id\": \"1\", \"name\": \"Mahira Fly Killer Machine\", \"price\": 5000.0, \"quantity\": 5.0, \"hsn_code\": \"85439000\", \"gst\": 18.0, \"description\": \"Regular 3 UV Tube model\\r\\nEach tube 15w.\", \"unit\": \"Nos\"}]','9503102303','2025/10/156',263,'                                                \r\n                                                ','8436940333','Chandra Jasti','We thank you for your enquiry for the Mahira Fly Killer Machines and we are pleased to give the quotation accordingly as below','[1, 3, 2]','Jyoti Hule');
/*!40000 ALTER TABLE `crmapp_quotation_management` ENABLE KEYS */;
UNLOCK TABLES;

--
-- Table structure for table `crmapp_quotation_management_selected_services`
--

DROP TABLE IF EXISTS `crmapp_quotation_management_selected_services`;
/*!40101 SET @saved_cs_client     = @@character_set_client */;
/*!50503 SET character_set_client = utf8mb4 */;
CREATE TABLE `crmapp_quotation_management_selected_services` (
  `id` bigint NOT NULL AUTO_INCREMENT,
  `quotation_management_id` bigint NOT NULL,
  `product_id` int NOT NULL,
  PRIMARY KEY (`id`),
  UNIQUE KEY `crmapp_quotation_managem_quotation_management_id__abbb4c6f_uniq` (`quotation_management_id`,`product_id`),
  KEY `crmapp_quotation_man_product_id_ef8b6a84_fk_crmapp_pr` (`product_id`),
  CONSTRAINT `crmapp_quotation_man_product_id_ef8b6a84_fk_crmapp_pr` FOREIGN KEY (`product_id`) REFERENCES `crmapp_product` (`product_id`),
  CONSTRAINT `crmapp_quotation_man_quotation_management_0fda108a_fk_crmapp_qu` FOREIGN KEY (`quotation_management_id`) REFERENCES `crmapp_quotation_management` (`id`)
) ENGINE=InnoDB AUTO_INCREMENT=327 DEFAULT CHARSET=utf8mb4 COLLATE=utf8mb4_0900_ai_ci;
/*!40101 SET character_set_client = @saved_cs_client */;

--
-- Dumping data for table `crmapp_quotation_management_selected_services`
--

LOCK TABLES `crmapp_quotation_management_selected_services` WRITE;
/*!40000 ALTER TABLE `crmapp_quotation_management_selected_services` DISABLE KEYS */;
INSERT INTO `crmapp_quotation_management_selected_services` VALUES (11,6,1),(13,6,6),(10,6,8),(12,6,13),(14,7,34),(17,8,31),(15,8,34),(16,8,39),(22,11,42),(23,12,42),(24,13,42),(25,14,1),(26,14,4),(27,14,5),(28,14,6),(29,14,7),(30,14,8),(31,14,44),(32,15,6),(33,15,7),(36,17,47),(37,18,49),(38,18,50),(39,18,51),(40,18,52),(41,19,49),(42,19,50),(43,19,51),(44,19,52),(46,20,31),(45,20,34),(48,21,47),(49,22,13),(50,23,56),(51,24,1),(53,25,8),(54,25,57),(55,26,46),(56,27,46),(57,28,46),(58,29,33),(59,29,35),(60,30,25),(61,31,62),(62,32,9),(64,33,1),(63,33,8),(67,34,8),(68,35,8),(78,38,1),(79,38,8),(77,38,64),(82,39,56),(83,39,65),(84,39,66),(85,40,8),(86,40,67),(87,41,68),(97,45,62),(98,46,69),(99,47,64),(100,48,64),(101,49,34),(102,50,72),(103,50,73),(104,51,57),(105,52,57),(106,53,57),(107,54,83),(108,55,82),(109,55,84),(110,56,85),(111,57,72),(112,57,73),(113,58,32),(114,59,25),(115,59,26),(116,59,27),(117,59,28),(118,59,29),(119,59,30),(122,61,87),(121,61,88),(124,62,89),(125,62,90),(126,62,91),(127,62,92),(128,62,93),(129,62,94),(130,62,95),(123,62,96),(132,63,89),(133,63,90),(134,63,91),(135,63,92),(136,63,93),(137,63,94),(138,63,95),(131,63,96),(139,64,25),(140,64,68),(141,64,97),(142,65,58),(144,67,98),(145,68,26),(146,68,99),(148,69,4),(147,69,11),(149,70,85),(152,71,6),(150,71,8),(151,71,67),(153,72,57),(154,73,62),(155,74,13),(157,76,1),(160,77,100),(161,78,101),(162,79,8),(163,79,57),(164,80,87),(166,81,103),(165,81,104),(178,84,8),(179,84,57),(180,85,31),(183,88,8),(184,89,1),(187,90,2),(188,91,88),(190,92,1),(189,92,8),(194,93,103),(193,93,104),(195,94,36),(196,95,107),(197,96,56),(198,97,1),(204,99,111),(203,99,112),(205,100,62),(207,101,3),(206,101,113),(208,102,8),(209,102,57),(210,103,114),(212,105,15),(213,106,64),(214,107,115),(216,108,1),(217,108,8),(218,108,46),(215,108,64),(222,109,103),(221,109,104),(223,110,57),(225,111,103),(224,111,104),(226,112,85),(227,113,85),(229,114,3),(230,114,8),(232,114,46),(228,114,64),(231,114,106),(233,114,113),(234,115,56),(235,116,8),(238,116,46),(236,116,64),(237,116,116),(239,117,57),(241,118,117),(242,118,118),(240,118,120),(243,119,50),(244,119,51),(245,119,52),(246,120,62),(247,121,117),(248,121,118),(249,121,119),(250,121,120),(251,121,121),(254,123,8),(255,123,57),(261,125,6),(262,125,8),(263,125,13),(264,125,46),(265,125,57),(266,126,8),(267,126,64),(269,127,89),(270,128,1),(272,129,1),(275,130,31),(274,130,57),(276,131,56),(277,132,1),(278,132,6),(280,132,8),(281,132,10),(279,132,39),(282,133,33),(283,133,35),(284,134,1),(285,135,123),(286,136,117),(287,137,118),(289,138,119),(288,138,121),(290,139,120),(291,140,46),(292,141,8),(294,141,13),(293,141,57),(295,142,125),(296,142,126),(297,143,8),(298,144,117),(299,144,118),(300,144,119),(301,144,120),(302,144,121),(304,145,1),(303,145,8),(305,146,8),(306,146,57),(307,146,64),(308,147,32),(309,147,33),(310,147,35),(311,148,57),(312,148,68),(313,149,8),(314,149,13),(315,149,102),(316,150,8),(317,151,1),(318,151,63),(319,152,32),(321,153,1),(320,153,8),(322,153,63),(323,154,8),(324,154,85),(325,155,8),(326,156,98);
/*!40000 ALTER TABLE `crmapp_quotation_management_selected_services` ENABLE KEYS */;
UNLOCK TABLES;

--
-- Table structure for table `crmapp_quotation_management_terms_and_conditions`
--

DROP TABLE IF EXISTS `crmapp_quotation_management_terms_and_conditions`;
/*!40101 SET @saved_cs_client     = @@character_set_client */;
/*!50503 SET character_set_client = utf8mb4 */;
CREATE TABLE `crmapp_quotation_management_terms_and_conditions` (
  `id` bigint NOT NULL AUTO_INCREMENT,
  `quotation_management_id` bigint NOT NULL,
  `quotationterm_id` bigint NOT NULL,
  PRIMARY KEY (`id`),
  UNIQUE KEY `crmapp_quotation_managem_quotation_management_id__643c32fe_uniq` (`quotation_management_id`,`quotationterm_id`),
  KEY `crmapp_quotation_man_quotationterm_id_f0d9131a_fk_crmapp_qu` (`quotationterm_id`),
  CONSTRAINT `crmapp_quotation_man_quotation_management_2fd63a49_fk_crmapp_qu` FOREIGN KEY (`quotation_management_id`) REFERENCES `crmapp_quotation_management` (`id`),
  CONSTRAINT `crmapp_quotation_man_quotationterm_id_f0d9131a_fk_crmapp_qu` FOREIGN KEY (`quotationterm_id`) REFERENCES `crmapp_quotationterm` (`id`)
) ENGINE=InnoDB AUTO_INCREMENT=395 DEFAULT CHARSET=utf8mb4 COLLATE=utf8mb4_0900_ai_ci;
/*!40101 SET character_set_client = @saved_cs_client */;

--
-- Dumping data for table `crmapp_quotation_management_terms_and_conditions`
--

LOCK TABLES `crmapp_quotation_management_terms_and_conditions` WRITE;
/*!40000 ALTER TABLE `crmapp_quotation_management_terms_and_conditions` DISABLE KEYS */;
INSERT INTO `crmapp_quotation_management_terms_and_conditions` VALUES (7,6,1),(8,6,2),(9,6,4),(10,6,5),(11,7,1),(12,7,2),(13,7,3),(15,8,1),(14,8,2),(20,11,1),(21,12,1),(22,13,1),(23,14,3),(24,15,1),(25,15,2),(31,17,1),(32,20,1),(33,20,3),(34,21,1),(35,21,2),(36,22,1),(37,22,2),(38,24,1),(39,24,2),(40,26,2),(41,27,2),(42,28,2),(43,29,1),(46,29,2),(45,29,3),(44,30,2),(47,31,2),(52,33,2),(62,38,2),(66,39,1),(67,39,2),(71,41,1),(72,41,3),(88,46,2),(90,47,2),(93,48,2),(94,49,1),(95,49,2),(101,51,1),(105,52,1),(109,53,1),(111,54,1),(112,54,2),(113,55,1),(114,55,2),(115,56,1),(122,56,2),(133,59,1),(134,59,2),(137,61,1),(138,61,2),(139,62,2),(143,63,2),(149,64,1),(150,64,2),(151,64,3),(152,65,1),(153,65,2),(158,67,1),(159,67,2),(160,67,3),(161,67,40),(162,67,41),(163,68,1),(164,68,2),(165,68,3),(166,68,40),(167,68,41),(169,69,1),(170,69,2),(171,69,3),(172,70,1),(174,71,1),(176,72,2),(177,72,12),(195,77,1),(196,77,3),(197,77,53),(205,80,1),(208,81,1),(209,81,2),(215,84,2),(216,84,7),(218,85,1),(219,85,2),(226,88,2),(229,89,1),(230,89,2),(233,91,1),(236,92,2),(237,92,12),(242,94,1),(243,94,2),(248,96,1),(249,96,2),(250,96,61),(251,97,1),(252,97,2),(259,100,18),(264,102,1),(267,103,1),(274,105,81),(281,107,5),(285,108,34),(290,109,1),(292,109,2),(291,109,3),(293,110,1),(294,110,75),(296,111,1),(298,111,2),(297,111,3),(299,112,1),(303,112,2),(300,112,3),(301,113,1),(304,113,2),(302,113,3),(306,114,2),(305,114,82),(307,115,1),(308,115,5),(312,116,2),(311,116,82),(313,117,2),(315,118,1),(316,118,2),(317,119,1),(318,119,2),(319,120,1),(320,120,2),(321,121,1),(322,121,2),(325,123,43),(338,127,37),(340,128,2),(341,128,88),(342,129,1),(343,129,2),(344,129,3),(345,130,1),(346,130,2),(347,130,3),(348,131,2),(376,134,1),(353,140,1),(354,140,2),(350,142,1),(351,142,2),(352,142,3),(355,146,1),(373,146,2),(359,147,1),(369,149,1),(370,149,2),(374,150,1),(375,150,2),(377,151,1),(378,151,2),(379,151,3),(380,151,4),(381,152,1),(384,152,2),(386,153,2),(385,153,64),(390,154,1),(392,156,1),(394,156,2),(393,156,3);
/*!40000 ALTER TABLE `crmapp_quotation_management_terms_and_conditions` ENABLE KEYS */;
UNLOCK TABLES;

--
-- Table structure for table `crmapp_quotationterm`
--

DROP TABLE IF EXISTS `crmapp_quotationterm`;
/*!40101 SET @saved_cs_client     = @@character_set_client */;
/*!50503 SET character_set_client = utf8mb4 */;
CREATE TABLE `crmapp_quotationterm` (
  `id` bigint NOT NULL AUTO_INCREMENT,
  `description` longtext NOT NULL,
  PRIMARY KEY (`id`)
) ENGINE=InnoDB AUTO_INCREMENT=107 DEFAULT CHARSET=utf8mb4 COLLATE=utf8mb4_0900_ai_ci;
/*!40101 SET character_set_client = @saved_cs_client */;

--
-- Dumping data for table `crmapp_quotationterm`
--

LOCK TABLES `crmapp_quotationterm` WRITE;
/*!40000 ALTER TABLE `crmapp_quotationterm` DISABLE KEYS */;
INSERT INTO `crmapp_quotationterm` VALUES (1,'Payment Terms: 100% advance payment.'),(2,'Quotation is valid for 30 days from the date of quotation send by mail.'),(3,'Transportation charges will be at actual.'),(4,'This quotation for 9500 sqft area.'),(5,'2 years warranty for Termite Treatment.'),(7,'Invoice will be raised monthly and payment should be done within 7 days from the date of invoice submission.,'),(12,'Payment should be done in 15 days after submission of invoice.'),(13,'Termite Treatment 1 Year Warranty.,'),(14,'Chemical to be used Imidacloprid.,'),(15,'All the wooden articles which is damaged by termites need to be removed and disposed to prevent further breeding of termite colony.,'),(16,'RBS per box Rs.500 add snap traps.'),(18,'100% Advance payment along with PO.'),(19,'Payment Should Be Done Immediate After Work Done.'),(20,'100%Advance payment or whatever mutually decided.'),(21,'Permanent sealing and packing to be done by customer.'),(22,'Temporary packing and sealing will be done by us.'),(23,'Fumigation Exposure period will be 10-15 days.'),(24,'We will recommend to install 10 nos of RBS Boxes at your area.'),(25,'We will recommend to install 2 nos of Fly Catcher Machine.'),(26,'This quotation only for shutters'),(27,'10 years warranty on products.  3 year warranty on installation.'),(28,'TOTO side required 66 ft location is security gate, Gate no - 8, 10,11,12,13'),(29,'Old side required 62 ft. Location- gate no- 14,15,18,22,23 and emergency exit Near office area'),(30,'Total 128 ft RodeXit required'),(31,'Invoice will be calculated as an actual use of RodeXit'),(32,'Payment Terms: 100% Advance payment with PO.'),(33,'Transportation of material will take 7 working days after we receive the work conformation and PO.'),(34,'Advance payment.'),(35,'Fumigation cover manage by your end.'),(36,'Operator and MBR chemical carry by our team.'),(37,'These charges are not applicable for AFAS Fumigation.'),(38,'Payment terms immediately after the invoice shared.'),(39,'Treatment to be done at Parakh Foods &Oils Ltd site.'),(40,'Installation charges will be extra.'),(41,'Warranty will be 1 year.'),(42,'This quotation for shutters No 4 and 5.'),(43,'6 month advance payment.'),(44,'Fumigation exposure period will be 15 days.'),(45,'If silo is filled partially, till then dosage and rate will be remained same'),(46,'Permanent sealing and packingto be done by customer.'),(47,'As you know the Cryptolestyesspp (Flat Grain Beetles) has developed resistance in India andmay notgetkilled by 9 grams dosage in monsoon season. It may require higher dosage and longer exposure period, repeated fumigation along with dust cleaning and sanitation measures'),(48,'Payment will be made immediate after fumigation of silo.'),(49,'Termite service payment immediately afterservice done.'),(50,'This quotation is only for the supervisor cabin area.'),(51,'One years warranty period.'),(52,'This quotation is valid for 30 days from the date of quotation.'),(53,'Minimum order quantity will be 25 nos.'),(54,'payment after service done.'),(55,'2 months warranty for service.'),(56,'Service Done Payment'),(57,'Monthly Billing monthly payment.'),(58,'This quotation for 90000 sqft area.'),(59,'We provide 40 RBS Box including in this quotation.'),(60,'We will provide two separate fumigation certificates from our end.'),(61,'Warranty period for the termite treatment will be 5 years'),(62,'We provide 15 RBS boxes including this quotation.'),(63,'Above charges are including of transportation costs.'),(64,'Advance Payment or immediately after service is done.'),(65,'Billing depends on as an actual use of ratguard.'),(66,'Tarpaulin Handling and Transportation charges will be applicable. (Rs.1000.00 Extra)'),(67,'Total area to be calculated at actual while doing work.'),(68,'Payment should be done in immediately after service.'),(69,'Electric supply to be provided by customer till the site of work.'),(70,'Fumigation certificate will be given to customer after receivingthe 100% advance payment.'),(71,'Billing depends on as an actual use of rat guard.'),(72,'This quotation isvalid for 30 daysfromthe date of quotation.'),(73,'ALP Tablets:Make UPL and Gokhilahat 5% SC :Make Sumitomo Chemical India Ltd.'),(74,'Payment terms 15 days after submission of invoice.'),(75,'Quotation is valid for 30 days after submission by mail.'),(76,'Permanent sealing and packing to be done by customers.'),(77,'This quotation for 18000 sqft area.'),(78,'We provide 15 Box and snap trap including this quotation.'),(79,'Exposure period will be 7 to 10 days.'),(80,'Tarpaulin and sandbags will be provided by customer.'),(81,'6 months warranty.'),(82,'Invoice will be raised monthly and payment should be done within 15 days from the date of invoice submission.'),(83,'This quotation for 7100 sqmt area.'),(84,'Emergency service will be provided in 24 hr.'),(85,'Complaint service attending free of cost.'),(86,'We will cover ground area and all parking area.'),(87,'Chemical to be used Imidacloprid.'),(88,'Payment Should be done in 30 days after  bill submission.'),(89,'We will suggest to install Rodent Bait Station Box (RBS), per box rate will be Rs.450.00 extra.'),(90,'For Termite Treatment - Chemical to be used will be Imida Gold Plus(UPL).'),(91,'For Termite Treatment 1 Year Warranty.'),(92,'Whatever Required RBS Boxes will be provided from our side, If any damaged RBS Rs: 450 per box will be applicable.'),(93,'This quotation for G+7 floor, total 3 wing + club house society office.'),(94,'50% advance and 50% after 6 month.'),(95,'3 month advance payment.'),(96,'We provide 10 RBS Box and Snap Traps for Rodent service including this quotation.'),(97,'Emergency service will be provided 24 to 48 hrs.'),(98,'Tarpaulin Handling and Transportation charges will be applicable. (Rs.2000.00 Extra)'),(99,'Quarterly Advance Payment for service.'),(100,'For Product Sale payment terms: 100% Advance.'),(101,'We will cover all pest in General pest control service (Rodent, Lizard,Fly, Mosquito Cockroach,Ant)'),(102,'RBS Box with Snap trap per box Amount Rs.500.00'),(103,'This quotation for G-4 floor 2 wings of society.'),(104,'Termite treatment done for staircase, lobby passage and ground floor area'),(105,'Tarpaulin Handling and Transportation charges will be applicable ( Amount 2000.00) extra'),(106,'All utensils to be removed from kitchen and store area for thorough and effective treatment.');
/*!40000 ALTER TABLE `crmapp_quotationterm` ENABLE KEYS */;
UNLOCK TABLES;

--
-- Table structure for table `crmapp_reschedule`
--

DROP TABLE IF EXISTS `crmapp_reschedule`;
/*!40101 SET @saved_cs_client     = @@character_set_client */;
/*!50503 SET character_set_client = utf8mb4 */;
CREATE TABLE `crmapp_reschedule` (
  `id` bigint NOT NULL AUTO_INCREMENT,
  `old_service_date` date NOT NULL,
  `old_delivery_time` time(6) NOT NULL,
  `reason` longtext NOT NULL,
  `service_id` bigint DEFAULT NULL,
  PRIMARY KEY (`id`),
  KEY `crmapp_reschedule_service_id_ccaefd22_fk_crmapp_se` (`service_id`),
  CONSTRAINT `crmapp_reschedule_service_id_ccaefd22_fk_crmapp_se` FOREIGN KEY (`service_id`) REFERENCES `crmapp_service_management` (`id`)
) ENGINE=InnoDB AUTO_INCREMENT=23 DEFAULT CHARSET=utf8mb4 COLLATE=utf8mb4_0900_ai_ci;
/*!40101 SET character_set_client = @saved_cs_client */;

--
-- Dumping data for table `crmapp_reschedule`
--

LOCK TABLES `crmapp_reschedule` WRITE;
/*!40000 ALTER TABLE `crmapp_reschedule` DISABLE KEYS */;
INSERT INTO `crmapp_reschedule` VALUES (1,'2025-07-11','16:00:00.000000','Service poseponed next day',20),(2,'2025-07-11','16:00:00.000000','Service poseponed next day',20),(3,'2025-06-28','11:00:00.000000','ss',7),(4,'2025-06-28','11:00:00.000000','test',7),(5,'2025-07-11','16:00:00.000000','Service Postponed',20),(6,'2025-07-11','11:32:00.000000','d',19),(7,'2025-07-19','12:30:00.000000','Service rate negotiate',28),(8,'2025-07-19','15:00:00.000000','hjh',27),(9,'2025-07-23','17:36:00.000000','test',27),(11,'2025-08-02','11:00:00.000000','Payment status change',46),(12,'2025-09-13','18:13:00.000000','ess',75),(13,'2025-09-24','20:17:00.000000','fs',75),(14,'2025-09-24','20:21:00.000000','s',75),(15,'2025-09-24','11:21:00.000000','s',75),(16,'2025-09-19','11:17:00.000000','z',75),(17,'2025-09-25','12:28:00.000000','ss',75),(18,'2025-09-19','12:35:00.000000','aa',75),(19,'2025-09-21','01:00:00.000000','Service postponed',88),(20,'2025-09-21','01:00:00.000000','Technician not availabe',88),(21,'2025-09-21','01:00:00.000000','Time incorrect',88),(22,'2025-09-27','11:00:00.000000','Technician Not Work Sent',97);
/*!40000 ALTER TABLE `crmapp_reschedule` ENABLE KEYS */;
UNLOCK TABLES;

--
-- Table structure for table `crmapp_salesperson`
--

DROP TABLE IF EXISTS `crmapp_salesperson`;
/*!40101 SET @saved_cs_client     = @@character_set_client */;
/*!50503 SET character_set_client = utf8mb4 */;
CREATE TABLE `crmapp_salesperson` (
  `id` bigint NOT NULL AUTO_INCREMENT,
  `full_name` varchar(100) NOT NULL,
  `date_of_joining` date NOT NULL,
  `mobile_no` varchar(15) NOT NULL,
  `email` varchar(254) NOT NULL,
  `date_of_birth` date NOT NULL,
  `branch_id` bigint DEFAULT NULL,
  `co_ordinator` tinyint(1) DEFAULT NULL,
  PRIMARY KEY (`id`),
  UNIQUE KEY `email` (`email`),
  KEY `crmapp_salesperson_branch_id_d23ff423_fk_crmapp_branch_id` (`branch_id`),
  CONSTRAINT `crmapp_salesperson_branch_id_d23ff423_fk_crmapp_branch_id` FOREIGN KEY (`branch_id`) REFERENCES `crmapp_branch` (`id`)
) ENGINE=InnoDB AUTO_INCREMENT=22 DEFAULT CHARSET=utf8mb4 COLLATE=utf8mb4_0900_ai_ci;
/*!40101 SET character_set_client = @saved_cs_client */;

--
-- Dumping data for table `crmapp_salesperson`
--

LOCK TABLES `crmapp_salesperson` WRITE;
/*!40000 ALTER TABLE `crmapp_salesperson` DISABLE KEYS */;
INSERT INTO `crmapp_salesperson` VALUES (3,'Jyoti Hule','2024-10-01','9503102303','pc5.sevafacility@gmail.com','1999-10-28',1,1),(4,'Simannisha Shaikh','2024-02-27','7030901567','pc6.sevafacilityA@gmail.com','1998-12-12',1,1),(14,'Trupti Desai','2024-04-03','09503102302','pc3.sevafacility@gmail.com','1999-06-18',1,1),(20,'TEIM TEST','2012-09-05','0000000002','test@gmail.com','2001-01-01',1,0);
/*!40000 ALTER TABLE `crmapp_salesperson` ENABLE KEYS */;
UNLOCK TABLES;

--
-- Table structure for table `crmapp_secondfollowup`
--

DROP TABLE IF EXISTS `crmapp_secondfollowup`;
/*!40101 SET @saved_cs_client     = @@character_set_client */;
/*!50503 SET character_set_client = utf8mb4 */;
CREATE TABLE `crmapp_secondfollowup` (
  `id` bigint NOT NULL AUTO_INCREMENT,
  `negotiationstage` varchar(100) NOT NULL,
  `mailsent2` varchar(100) NOT NULL,
  `secondremark` varchar(100) NOT NULL,
  `thirdfollowupdate` date NOT NULL,
  `lead_id` bigint DEFAULT NULL,
  PRIMARY KEY (`id`),
  KEY `crmapp_secondfollowu_lead_id_ece46360_fk_crmapp_le` (`lead_id`),
  CONSTRAINT `crmapp_secondfollowu_lead_id_ece46360_fk_crmapp_le` FOREIGN KEY (`lead_id`) REFERENCES `crmapp_lead_management` (`id`)
) ENGINE=InnoDB DEFAULT CHARSET=utf8mb4 COLLATE=utf8mb4_0900_ai_ci;
/*!40101 SET character_set_client = @saved_cs_client */;

--
-- Dumping data for table `crmapp_secondfollowup`
--

LOCK TABLES `crmapp_secondfollowup` WRITE;
/*!40000 ALTER TABLE `crmapp_secondfollowup` DISABLE KEYS */;
/*!40000 ALTER TABLE `crmapp_secondfollowup` ENABLE KEYS */;
UNLOCK TABLES;

--
-- Table structure for table `crmapp_service_management`
--

DROP TABLE IF EXISTS `crmapp_service_management`;
/*!40101 SET @saved_cs_client     = @@character_set_client */;
/*!50503 SET character_set_client = utf8mb4 */;
CREATE TABLE `crmapp_service_management` (
  `id` bigint NOT NULL AUTO_INCREMENT,
  `total_charges` decimal(10,2) DEFAULT NULL,
  `total_price` decimal(10,2) DEFAULT NULL,
  `total_price_with_gst` decimal(10,2) DEFAULT NULL,
  `contract_type` varchar(50) NOT NULL,
  `contract_status` varchar(100) NOT NULL,
  `property_type` longtext,
  `warranty_period` varchar(50) DEFAULT NULL,
  `state` varchar(100) NOT NULL,
  `city` varchar(100) NOT NULL,
  `pincode` varchar(6) NOT NULL,
  `address` longtext NOT NULL,
  `gps_location` varchar(200) DEFAULT NULL,
  `frequency_count` varchar(50) NOT NULL,
  `payment_terms` varchar(200) NOT NULL,
  `sales_person_name` varchar(100) DEFAULT NULL,
  `sales_person_contact_no` varchar(15) DEFAULT NULL,
  `delivery_time` time(6) NOT NULL,
  `lead_date` date NOT NULL,
  `service_date` date DEFAULT NULL,
  `customer_id` bigint DEFAULT NULL,
  `segment` varchar(100) DEFAULT NULL,
  `gst_status` varchar(10) NOT NULL,
  `service_subject` varchar(255) DEFAULT NULL,
  `branch_id` bigint DEFAULT NULL,
  PRIMARY KEY (`id`),
  KEY `crmapp_service_manag_customer_id_df2cdbfc_fk_crmapp_cu` (`customer_id`),
  KEY `crmapp_service_management_branch_id_42baa64f_fk_crmapp_branch_id` (`branch_id`),
  CONSTRAINT `crmapp_service_manag_customer_id_df2cdbfc_fk_crmapp_cu` FOREIGN KEY (`customer_id`) REFERENCES `crmapp_customer_details` (`id`),
  CONSTRAINT `crmapp_service_management_branch_id_42baa64f_fk_crmapp_branch_id` FOREIGN KEY (`branch_id`) REFERENCES `crmapp_branch` (`id`)
) ENGINE=InnoDB AUTO_INCREMENT=124 DEFAULT CHARSET=utf8mb4 COLLATE=utf8mb4_0900_ai_ci;
/*!40101 SET character_set_client = @saved_cs_client */;

--
-- Dumping data for table `crmapp_service_management`
--

LOCK TABLES `crmapp_service_management` WRITE;
/*!40000 ALTER TABLE `crmapp_service_management` DISABLE KEYS */;
INSERT INTO `crmapp_service_management` VALUES (1,NULL,3501.00,3501.00,'One Time','Yes','2 BHK','1 ','Maharashtra','Pune','412101','B603 Sai parktown behind lekha farm uttam nagar kiwale-412101',' https://g.co/kgs/YsdQ6tc','1','100% Advance payment OR Whatever mutually Decided','Trupti Desai','9503102302','09:30:00.000000','2025-06-13','2025-06-15',6,NULL,'GST','',NULL),(2,NULL,3501.20,3501.20,'One Time','Yes','2 BHK','3 months','Maharashtra','Pune','412101','B603 Sai parktown behind lekha farm uttam nagar kiwale-412101',' https://g.co/kgs/YsdQ6tc','2','100% Advance payment OR Whatever mutually Decided','Trupti Desai','9503102302','09:30:00.000000','2025-06-13','2025-06-15',6,NULL,'GST','',NULL),(3,NULL,2000.00,2000.00,'One Time','Yes','2BHK','3 months','Maharashtra','Pune','412101','SFS Pune','https://maps.app.goo.gl/c57hzCumBEMsofbJ6','1','100% Advance payment OR Whatever mutually Decided','Jyoti Hule','9503102303','12:00:00.000000','2025-06-06','2025-06-20',8,NULL,'GST','',NULL),(4,NULL,3000.00,3000.00,'AMC','Yes','2 BHK','1 year','Maharashtra','Pune','412101','M302 , Greens ,Opp.Pudumjee Paper Mill, Thergaon, Chinchwad ','https://maps.app.goo.gl/8t695iLTdZ5r8md68','2','100% Advance payment OR Whatever mutually Decided','Trupti Desai','9503102302','17:00:00.000000','2025-06-14','2025-06-21',9,NULL,'GST','',NULL),(5,NULL,1700.00,1700.00,'One Time','Yes','2 BHK','3 months','Maharashtra','Pune','411057','103, Vaishnavi Homes, B wing , near sarkar chowk Marunji pune','https://maps.app.goo.gl/6qGiwFrCjcZRCkqW7','1','100% Advance payment OR Whatever mutually Decided','Trupti Desai','9503102302','11:00:00.000000','2025-06-20','2025-06-21',11,NULL,'GST','',NULL),(6,NULL,3000.00,3000.00,'Warranty','No','1 BHK','3 months','Maharashtra','Pune','411026','Bhosari','https://maps.app.goo.gl/KLMcXdE2JPcTnamK8','2','100% Advance payment OR Whatever mutually Decided','Trupti Desai','9503102302','11:30:00.000000','2025-06-16','2025-06-21',10,NULL,'GST','',NULL),(7,NULL,4800.00,4800.00,'One Time','Yes','3 BHK and Chember-5 nos','3 months','Maharashtra','Pune','411052','53, Govind Smruti Shailesh Society Off Samarth Path Near Alankar Police Chowky Pune 411052','https://maps.app.goo.gl/gdBzTm49h2Gk37ak9','1','100% Advance payment OR Whatever mutually Decided','Trupti Desai','9503102302','11:00:00.000000','2025-06-19','2025-06-28',13,NULL,'GST','',NULL),(8,NULL,4000.00,4000.00,'AMC','Yes','2 BHK','3 months','Maharashtra','Pune','412101','C-1101, Nano Spaces , Ravet, Near hanging bridge.','https://maps.app.goo.gl/3VHED1Bb9p843xqx9','1','100% Advance payment OR Whatever mutually Decided','Siman Shaikh','7030901567','15:33:00.000000','2025-06-24','2025-06-24',14,NULL,'GST','',NULL),(9,0.00,3999.99,3999.99,'AMC','Yes','2 BHK','1 year','Maharashtra','Pune','411033',' G-307, G.K. Aarcon, Katewasti, Gaikwad Nagar, Punawale, Chinchwad-411033','https://maps.app.goo.gl/wt2YnSJAa8H2rVsQ8','Fortnight','100% Advance payment OR Whatever mutually Decided','Trupti Desai','9503102302','12:01:00.000000','2025-06-30','2025-06-30',16,NULL,'GST','',NULL),(10,NULL,2500.00,2500.00,'One Time','Yes','3 BHK','3 months','Maharashtra','Pune','412101','Chinchwad','https://maps.app.goo.gl/iZP26oiQEu8AxaYv5','1','100% Advance payment OR Whatever mutually Decided','Trupti Desai','9503102302','11:00:00.000000','2025-06-30','2025-07-02',17,NULL,'GST','',NULL),(11,NULL,2000.00,2000.00,'One Time','Yes','2BHK','3 months','Maharashtra','Pune','412101','SFS Pune','https://maps.app.goo.gl/YYmy2y1owQ5ZgB7X6','1','100% Advance payment OR Whatever mutually Decided','Jyoti Hule','9503102303','10:30:00.000000','2025-07-02','2025-07-03',18,NULL,'GST','',NULL),(12,NULL,2000.00,2000.00,'One Time','Yes','Balcony area','0','Maharashtra','Pune','412101','Society Office, Gera\'s Isle Royale, Near Ind Search, Bavdhan, Pune 411021','https://maps.app.goo.gl/vLrm6cduWh5sAA3m9','1','100% Advance payment OR Whatever mutually Decided','Trupti Desai','9503102302','10:00:00.000000','2025-04-23','2025-04-24',19,NULL,'GST','',NULL),(13,NULL,11000.00,11000.00,'One Time','Yes','2 BHK','3 months','Maharashtra','Pune','412101','Punawale','https://maps.app.goo.gl/iZP26oiQEu8AxaYv5','1','100% Advance payment OR Whatever mutually Decided','Trupti Desai','9503102302','11:33:00.000000','2025-07-02','2025-07-03',21,NULL,'GST','',NULL),(14,NULL,4000.00,4000.00,'AMC','Yes','2 BHK','3 months','Maharashtra','Pune','412101','C-1101, Nano Spaces , Ravet, Near hanging bridge.','https://maps.app.goo.gl/ZyEPN18V1sBRfNybA','1','100% Advance payment OR Whatever mutually Decided','Siman Shaikh','7030901567','13:32:00.000000','2025-06-26','2025-07-27',14,NULL,'GST','',NULL),(15,NULL,1500.00,1500.00,'One Time','Yes','Balcony area','0','Maharashtra','Pune','412101','MQ33+C2 Ravet, Pimpri-Chinchwad, Maharashtra','https://maps.app.goo.gl/NtLHrM17LXsAKRZNA','1','100% Advance payment OR Whatever mutually Decided','Trupti Desai','9503102302','17:00:00.000000','2025-07-01','2025-07-04',32,NULL,'GST','',NULL),(16,NULL,1800.00,1800.00,'One Time','Yes','2 BHK','3 months','Maharashtra','Pune','411044','Nigdi','https://maps.google.com/?q=18.666203,73.764595','1','100% Advance payment OR Whatever mutually Decided','Trupti Desai','9503102302','10:00:00.000000','2025-07-09','2025-07-10',33,NULL,'GST','',NULL),(17,NULL,1700.00,1700.00,'One Time','Yes','2 BHK','3 months','Maharashtra','Pune','411057','103, Vaishnavi Homes, B wing , near sarkar chowk Marunji pune','https://maps.app.goo.gl/1zBYVe46twyjk6J16','1','100% Advance payment OR Whatever mutually Decided','Trupti Desai','9503102302','11:00:00.000000','2025-06-20','2025-06-21',11,NULL,'GST','',NULL),(18,NULL,1696.00,2001.28,'One Time','Yes','product sale','o','Maharashtra','Pune','412101','Flat no.2/2, Shree Ganesha Heights,Serv. No. 180/2, M.I.D.C. Road, Ganesh Nagar, Ravet– Nigdi Pune-412101 Maharashtra (India)','https://maps.app.goo.gl/5XucWE8Jt65yj2Wu5','1','100% Advance payment OR Whatever mutually Decided','Trupti Desai','9503102302','10:00:00.000000','2025-07-05','2025-07-07',27,NULL,'GST','',NULL),(19,10540.00,103000.00,113540.00,'One Time','Yes','3 BHK','1','Maharashtra','Test','111','Test','https://maps.app.goo.gl/sXz5vMzXww3KvHZD8?g_st=com.google.chrome.ios.OpenExtension','1','100% Advance payment OR Whatever mutually Decided','Trupti Desai','09503102302','11:32:00.000000','2025-07-02','2025-07-11',35,NULL,'GST','',NULL),(20,NULL,30000.00,35400.00,'AMC','Yes','At Above Address','1 Year','Maharashtra','Pune','412114','Gate No 1559-1560 Dehu Alandi Rd Shelarwadi Chikhali Pune.','https://maps.app.goo.gl/eJ6AGmfpsThLZrfc6','1','100% Advance payment OR Whatever mutually Decided','Prakash Chothe','7447400615','16:00:00.000000','2025-07-10','2025-07-13',36,NULL,'GST','',NULL),(23,NULL,2000.00,2000.00,'One Time','Yes','2 BHK ','3 months','Maharashtra','Pune','412101','Flat -101, Jeevanshree Apartment, beside global hospital, Shinde Vasti, Ravet Landmark: dmart ','https://maps.app.goo.gl/15QqwXWoLp7AXvBx5','1','100% Advance payment OR Whatever mutually Decided','Trupti Desai','9503102302','12:30:00.000000','2025-06-26','2025-07-13',38,NULL,'GST','',NULL),(24,NULL,1800.00,1800.00,'One Time','Yes','at above address','0','Maharashtra','Pune','411021','Block No. B 104 Sutarwadi Pashan Pune 411021','https://maps.app.goo.gl/3Hw4RdY92FRBe84X8','1','100% Advance payment OR Whatever mutually Decided','Trupti Desai','9503102302','14:24:00.000000','2025-07-16','2025-07-16',44,NULL,'GST','',NULL),(25,NULL,2200.00,2200.00,'One Time','Yes','2.5 BHK ','3','Maharashtra','Pune','412101','Runal Spacio B-901, Mukai Chowk, Kiwle Ravet','https://maps.app.goo.gl/GLq2Fm1ECDJrW7ru7','1','100% Advance payment OR Whatever mutually Decided','Trupti Desai','09503102302','10:00:00.000000','2025-07-16','2025-07-26',46,NULL,'GST','',NULL),(26,NULL,2000.00,2000.00,'One Time','Yes','3 BHK','3 months','Maharashtra','Pune','412101','Ravet','https://g.co/kgs/PKf4zYB','1','100% Advance payment OR Whatever mutually Decided','Trupti Desai','09503102302','04:30:00.000000','2025-07-17','2025-07-19',47,NULL,'GST','',NULL),(27,NULL,1000.00,1180.00,'One Time','Yes',' nv','6 month','Maharashtra','Pune','411001',' abcd','https://maps.app.goo.gl/C6YTM1VcGhCyiJPm9','1','100% Advance payment OR Whatever mutually Decided','Jyoti Hule','9503102303','17:47:00.000000','2025-07-16','2025-07-23',45,NULL,'GST','',NULL),(28,NULL,9000.00,9000.00,'AMC','Yes','1 BHK','1 year','Maharashtra','Pune','411033','A307,19 Grand west , near Dange chowk, Thergaon  ','https://maps.app.goo.gl/FxGAnUxrnUtqUYtw6','1','100% Advance payment OR Whatever mutually Decided','Laxman Hotkar','7447400616','12:30:00.000000','2025-07-18','2025-07-19',49,NULL,'GST','',NULL),(29,NULL,4000.00,4000.00,'One Time','Yes','2 BHK','3 months','Maharashtra','Pune','412101','K-61, Meena colony vikas nagar dehu road Near church.','https://maps.app.goo.gl/vyFFzN5yomCfQjAd7','2','100% Advance payment OR Whatever mutually Decided','Simannisha Shaikh','7030901567','10:29:00.000000','2025-07-16','2025-07-21',51,NULL,'GST','',NULL),(30,NULL,900.00,900.00,'One Time','Yes','single room','3 months','Maharashtra','Nagpur','440027','Mitra Nagar, manewada.','https://maps.app.goo.gl/U2Tuho56BqNYKia9A','1','100% Advance payment OR Whatever mutually Decided','Pravin Pimple','9890442304','12:05:00.000000','2025-07-19','2025-07-19',54,NULL,'GST','',NULL),(31,NULL,2000.00,2000.00,'One Time','Yes','2 BHK','3 months','Maharashtra','Pune','412101','SFS Pune','https://maps.app.goo.gl/E1X9RFweVwNSm31t7','1','100% Advance payment OR Whatever mutually Decided','Jyoti Hule','9503102303','11:00:00.000000','2025-07-21','2025-07-22',57,NULL,'GST','',NULL),(32,5620.00,56500.00,62120.00,'One Time','Yes','dd','0','Test','Test','111','Test','https://www.teimcrm.com/service_management_create','1','100% Advance payment OR Whatever mutually Decided','Jyoti Hule','9503102303','12:02:00.000000','2025-07-10','2025-07-24',35,NULL,'GST','',NULL),(33,NULL,24880.00,27440.00,'One Time','Yes','ss','0','Test','Test','111','Test','https://maps.app.goo.gl/Tkz8WtvTmRUFvJJaA','1','100% Advance payment OR Whatever mutually Decided','Simannisha Shaikh','7030901567','14:29:00.000000','2025-07-17','2025-07-24',35,NULL,'GST','',NULL),(34,NULL,7690.00,7690.00,'One Time','Yes','d','0','Maharashtra','Pune','411001',' abcd','https://maps.app.goo.gl/Tkz8WtvTmRUFvJJaA','1','100% Advance payment OR Whatever mutually Decided','Jyoti Hule','9503102303','12:31:00.000000','2025-07-17','2025-07-24',45,NULL,'NON-GST','',NULL),(35,NULL,2900.00,2900.00,'One Time','Yes','Society','Single','Maharashtra','Pune','411021','Shree Laxmidham, Block No. B 104 Sutarwadi Pashan Pune 411021','https://maps.app.goo.gl/jDSZ6riTzXBXqXij6','1','100% Advance payment OR Whatever mutually Decided','Laxman Hotkar','7447400616','12:34:00.000000','2025-07-22','2025-07-23',44,NULL,'NON-GST','',NULL),(36,NULL,2500.00,2500.00,'One Time','Yes','Commercial Society','Single','Maharashtra','Pune','412101','Vighnaharta Life Canvas St Tukaram Nagar Mamurdi Dehu Rd Pune','https://share.google/JCpC2PFiHuM0Ov5wa','1','100% Advance payment OR Whatever mutually Decided','Laxman Hotkar','7447400616','12:22:00.000000','2025-07-23','2025-07-23',58,NULL,'NON-GST','',NULL),(37,NULL,4002.00,4002.00,'One Time','Yes','2 BHK','1 year','Maharashtra','Pune','412105','Royal Galaxy Apartment Flat No. 504...Near Balaji Mandir,Wadmukhwadi Pune-412105','https://maps.app.goo.gl/37FNLtro6ZBegkYW6?g_st=aw','1','100% Advance payment OR Whatever mutually Decided','Trupti Desai','09503102302','12:30:00.000000','2025-07-18','2025-07-21',53,NULL,'NON-GST','',NULL),(38,NULL,2000.00,2000.00,'One Time','Yes','3 BHK','3 months','Maharashtra','Pune','412101','Ravet',' https://g.co/kgs/PKf4zYB','1','100% Advance payment OR Whatever mutually Decided','Trupti Desai','09503102302','12:28:00.000000','2025-07-17','2025-07-19',47,NULL,'NON-GST','',NULL),(39,NULL,1800.00,1800.00,'One Time','Yes','2 BHk','3 months','Maharashtra','Pune','411044','Nigdi','https://maps.app.goo.gl/MCaxVPujLDzH4LMt6','1','100% Advance payment OR Whatever mutually Decided','Trupti Desai','09503102302','10:00:00.000000','2025-07-09','2025-07-10',33,NULL,'NON-GST','',NULL),(40,0.00,0.00,0.00,'One Time','Yes','2 BHK','3 months','Maharashtra ','Pune','412101','304 Krushnai Imperio Behind Madhav Mithas Shinde vasti Pipeline Road Ravet','https://maps.app.goo.gl/YWKWfH2KXXJWQABq9?g_st=awb','1','100% Advance payment OR Whatever mutually Decided','Trupti Desai','09503102302','01:00:00.000000','2025-07-26','2025-07-26',60,NULL,'NON-GST','',NULL),(41,NULL,3999.99,3999.99,'AMC','Yes','2BHK','1 year.','Maharashtra','Pune','412101','Flat 1004, B wing Revanta, Opposite kiwale, Adarshnagar chowk, Ravet','https://maps.app.goo.gl/DTDTMmJDQDKE2xbA9','1','100% Advance payment OR Whatever mutually Decided','Trupti Desai','09503102302','12:30:00.000000','2025-07-30','2025-07-30',66,NULL,'NON-GST','',NULL),(42,NULL,3500.00,3500.00,'One Time','Yes','At above address.','3 months','Maharashtra','Pune','412101','SFS Pune','https://maps.app.goo.gl/MhsS7cfZWwnSbQji8','Fortnight','100% Advance payment OR Whatever mutually Decided','Laxman Hotkar','7447400616','12:30:00.000000','2025-07-24','2025-07-30',67,NULL,'NON-GST','',NULL),(43,NULL,1200.00,1200.00,'One Time','Yes','Balcony Area','0','Maharashtra','Pune','411018','Aditi Apartment, Flat no 301, Nehrunagar, Pimpri, Pune','https://maps.app.goo.gl/Gq5EaY76d35NeXL16','1','100% Advance payment OR Whatever mutually Decided','Laxman Hotkar','7447400616','12:30:00.000000','2025-07-30','2025-07-30',68,NULL,'NON-GST','',NULL),(44,NULL,6000.00,6000.00,'One Time','Yes','NA','1 Month','Maharashtra','Amravati','444607','SFS Amravati','https://maps.app.goo.gl/Nd4bpSEoEXBJaeFY8','1','100% Advance payment OR Whatever mutually Decided','Kisan Mankar','7420077358','12:00:00.000000','2025-08-01','2025-08-04',71,NULL,'NON-GST','',NULL),(45,0.00,4999.98,4999.98,'AMC','Yes','3 BHK','1 year','Maharashtra','Pune','411017','D102, Richmond park, kalewadi Rahatani road, Neat Thopte Lawns, Near Nakhate Petrol Pump','https://maps.app.goo.gl/KJfjjxGrxSWp4E1Z7','3','100% Advance payment OR Whatever mutually Decided','Trupti Desai','09503102302','11:00:00.000000','2025-08-01','2025-08-02',75,NULL,'NON-GST','',NULL),(46,NULL,3499.98,3499.98,'AMC','Yes','2 BHK ','1 year','Maharashtra','Pune','412101','Flat-104,Floor-1,Golden Copac wing A, behind Krishna Hotel, near Mukai Chowk, Opposite Devrai building, Near Mumbai pune express way,at kiwale 412101 ','https://maps.app.goo.gl/NkaSCuJB3SG8ZYFC8','3','100% Advance payment OR Whatever mutually Decided','Trupti Desai','09503102302','11:13:00.000000','2025-08-02','2025-08-02',76,NULL,'NON-GST','',NULL),(47,NULL,3499.98,3499.98,'AMC','Yes','2 BHK','1 year','Maharashtra','Pune','412101','R3, E-1905, Life Republic, Sr No. 74, Marunji Kasarsai Road, Hinjewadi-Mulshi, Pune','https://maps.app.goo.gl/UXY81BjsHjt7Vknc6','3','100% Advance payment OR Whatever mutually Decided','Trupti Desai','09503102302','03:30:00.000000','2025-08-04','2025-08-05',78,NULL,'NON-GST','',NULL),(48,NULL,25000.00,25000.00,'One Time','Yes','Bunglow','2 years','Maharashtra','Pune','412101','24/278 Sahwas bunglow,near central bank, Pradhikaran ,nigdi Pune ','https://maps.app.goo.gl/KZShTihxV3KMC68w9','1','100% Advance payment OR Whatever mutually Decided','Laxman Hotkar','7447400616','11:30:00.000000','2025-07-23','2025-08-05',79,NULL,'NON-GST','',NULL),(49,NULL,1000.00,1000.00,'One Time','Yes','as mentioned','NA','Maharashta','Thane','421301','Bhiwandi','https://maps.app.goo.gl/rHDYTxYiXd8Kv2Wt7','1','100% Advance payment OR Whatever mutually Decided','Yogesh pawar','7420077360','15:00:00.000000','2025-08-03','2025-08-05',24,NULL,'NON-GST','',NULL),(50,NULL,3400.00,3400.00,'One Time','Yes','1 BHK','3 months','Maharashtra','Pune','411046','C1/303, Shree Venkatesh Puram, S. No. 33/11,34/2, Phale Nagar,  Ambegaon Budruk, Katraj Pune 411046.Aura hospital lane','https://maps.app.goo.gl/XRf23dy8dcbLD8fc8','2','100% Advance payment OR Whatever mutually Decided','Prakash Chothe','7447400615','11:00:00.000000','2025-08-06','2025-08-07',80,NULL,'NON-GST','',NULL),(51,NULL,6000.00,6000.00,'AMC','No','Row House','6 Months','Maharashtra','Pune','412101','Shrileela Row house No.1, Opposite KFC/Pizza Hut, Behind HDFC Bank, Baner, Pune','https://maps.app.goo.gl/pTAb2wMGzDe5DktTA','6','100% Advance payment OR Whatever mutually Decided','Kiran Mahajan','9112005113','13:30:00.000000','2025-08-08','2025-08-08',85,NULL,'NON-GST','',NULL),(52,NULL,2000.00,2000.00,'One Time','Yes','2bhk','3 months','Maharashtra','Pune','412101','Flat No B15 4th Floor B wing Yashom lifespaces. S b patil school road Ravet Pune 412101.','https://maps.app.goo.gl/VNNCFfmhgiYsoRu18','1','100% Advance payment OR Whatever mutually Decided','Jyoti Hule','9503102303','16:30:00.000000','2025-08-11','2025-08-12',88,NULL,'NON-GST','',NULL),(53,2016.00,13800.00,15816.00,'One Time','Yes','jj','u','Test','Test','111222','Test','https://maps.app.goo.gl/txpURkBRvZfXkKN1A','1','100% Advance payment OR Whatever mutually Decided','Jyoti Hule','9503102303','18:55:00.000000','2025-08-06','2025-08-20',35,NULL,'GST','',NULL),(54,0.00,5000.00,5000.00,'One Time','Yes','Resort','1 Month','Maharashtra','Pune','412108','S. No. 96, Dholakwadi, Mulshi, Pune, Maharashtra 412108','https://maps.app.goo.gl/mMfYTWhTTEBgzdXo6?g_st=awb','1','100% Advance payment OR Whatever mutually Decided','Trupti Desai','09503102302','15:18:00.000000','2025-08-13','2025-08-13',90,NULL,'NON-GST','',NULL),(55,0.00,4500.00,4500.00,'One Time','Yes','2 BHK','3 months','Maharashtra','Pune','411057','ROYAL ENTRADA SOCIETY, Bhumkar Nagar, Wakad, Pimpri-Chinchwad, Maharashtra 411057','https://maps.app.goo.gl/9WhCsKPZFqAxyPEw8','3','100% Advance payment OR Whatever mutually Decided','Trupti Desai','09503102302','13:30:00.000000','2025-08-13','2025-08-13',94,NULL,'NON-GST','',NULL),(56,3024.00,16800.00,19824.00,'AMC','Yes','At above address','1 year','Maharashtra','Pune','412101','Shop no. 26, Dwarka Lords, shivar Chowk, Pimple Saudagar, Pune','https://maps.app.goo.gl/L5i4ih8Y7oU3HmDe7','12','100% Advance payment OR Whatever mutually Decided','Prakash Chothe','7447400615','17:00:00.000000','2025-08-13','2025-08-13',93,NULL,'GST','',NULL),(57,900.00,5000.00,5900.00,'One Time','Yes','At above address','0','Maharashtra','Pune','411026','J-237/2, MIDC Bhosari Pune-411026','https://maps.app.goo.gl/yg7P1D6bDWhZAf9s6?g_st=awb','2','100% Advance payment OR Whatever mutually Decided','Trupti Desai','09503102302','16:30:00.000000','2025-08-13','2025-08-13',95,NULL,'GST','',NULL),(58,0.00,3000.00,3000.00,'One Time','Yes','1 BHK','3 months','Maharashtra','Pune','411035','House No. 07, Scheme No. 6A, Sector 21, PENTDA, Yamunanagar, Nigdi PIMPRI CHINCHWAD, MAHARASHTRA 411035 India','https://maps.app.goo.gl/wnfZ6RTd21Pqh7uRA','2','100% Advance payment OR Whatever mutually Decided','Trupti Desai','09503102302','09:30:00.000000','2025-08-12','2025-08-14',96,NULL,'NON-GST','',NULL),(59,0.00,3499.98,3499.98,'One Time','Yes','2 BHK','1 year','Maharashtra','Pune','412101','B-303, Bhalchandra Prospera,Survey no 95,Near IDBI Bank, Ravet','https://maps.app.goo.gl/ugcRudTBfR7i5GgF9','3','100% Advance payment OR Whatever mutually Decided','Trupti Desai','09503102302','11:30:00.000000','2025-07-24','2025-08-14',97,NULL,'NON-GST','',NULL),(60,0.00,2000.00,2000.00,'One Time','Yes','2 BHK','3 months','Maharashtra','Pune','411044','Nigdi','https://maps.app.goo.gl/QRucbA7RfS3adTce9','1','100% Advance payment OR Whatever mutually Decided','Trupti Desai','09503102302','10:00:00.000000','2025-08-08','2025-08-16',98,NULL,'NON-GST','',NULL),(61,0.00,3000.00,3000.00,'One Time','Yes','3 BHK','3 months','Maharashtra','Pune','411014','B-34, Forest County, EON Free Zone, Kharadi, Pune, Maharashtra 411014','https://maps.app.goo.gl/c638furYxY4MiFNf8','1','100% Advance payment OR Whatever mutually Decided','Trupti Desai','09503102302','11:00:00.000000','2025-08-14','2025-08-16',99,NULL,'NON-GST','',NULL),(62,0.00,3199.98,3199.98,'AMC','Yes','2 BHK','1 year','Maharashtra','Pune','411033','Flat no H 1002, Ganga Amber, Ashok nagar, Tathawade 411033','https://maps.app.goo.gl/QD36JKfWDhQHuUt9A','3','100% Advance payment OR Whatever mutually Decided','Kiran Mahajan','9112005113','12:30:00.000000','2025-08-16','2025-08-16',102,NULL,'NON-GST','',NULL),(63,0.00,3999.99,3999.99,'AMC','Yes','2 BHK','1 year','Maharashtra','Pune','412101','D402 Silver Palm Grove, BRT Road, Ravet','https://maps.app.goo.gl/vrcPk5mbaTVDyXEd6?g_st=aw','3','100% Advance payment OR Whatever mutually Decided','Trupti Desai','09503102302','10:12:00.000000','2025-08-16','2025-08-17',103,NULL,'NON-GST','',NULL),(64,540.00,3000.00,3540.00,'One Time','Yes','Office area 2200 sqft ','0','Maharashtra','Pune','411019','KP Sqaure,41, 3, Telco Rd, Indira Nagar, Mohan Nagar, MIDC, Chinchwad, Pimpri-Chinchwad, Maharashtra 411019','https://maps.app.goo.gl/dc1nHQmWcnMkM6H36','1','100% Advance payment OR Whatever mutually Decided','Trupti Desai','09503102302','18:00:00.000000','2025-08-18','2025-08-18',104,NULL,'GST','',NULL),(65,270.00,1500.00,1770.00,'One Time','Yes','0','0','Maharashtra','Pune','413802','A-76, Chemical Zone,MIDC Kurkumbh-413802','https://maps.app.goo.gl/VjqUenpdSyr9RiDQA','1','100% Advance payment OR Whatever mutually Decided','Trupti Desai','09503102302','12:51:00.000000','2025-08-13','2025-08-18',106,NULL,'GST','',NULL),(66,1080.00,6000.00,7080.00,'One Time','Yes','','','Kerala','Munnar','685612','61-VEGETABLE MARKET VIEW, MUNNAR - 685 612, KERALA.\r\n','','1','100% Advance payment OR Whatever mutually Decided','Jyoti Hule','9503102303','02:50:00.000000','2025-08-13','2025-08-18',100,NULL,'GST','',NULL),(67,0.00,2000.00,2000.00,'One Time','Yes','2 BHK','3 months','Maharashtra','Pune','412101','B605, Miravet district phase 1 B building,MIRAVET,Survey No, Educational Institutes, Dnv Arcelia Wing-B, 149 & 150, BRT Link Rd, nr. S B Patil Public School, Ravet, Pimpri-Chinchwad, Maharashtra 412101','https://maps.app.goo.gl/ad15EiVuWXR1nbc3A','1','100% Advance payment OR Whatever mutually Decided','Trupti Desai','09503102302','16:00:00.000000','2025-08-23','2025-08-23',112,NULL,'NON-GST','',NULL),(68,0.00,3999.99,3999.99,'AMC','Yes','2 BHK','1 year','Maharashtra','Pune','411033','B1105, Vision Ace society, Tathawade Pune.','https://maps.app.goo.gl/iG2Ci5Mro83wyZV46','3','100% Advance payment OR Whatever mutually Decided','Trupti Desai','09503102302','14:00:00.000000','2025-08-23','2025-08-24',113,NULL,'NON-GST','',NULL),(69,0.00,2000.00,2000.00,'One Time','Yes','','','Maharashtra','Pune','412101','B605, Miravet district phase 1 B building,MIRAVET,Survey No, Educational Institutes, Dnv Arcelia Wing-B, 149 & 150, BRT Link Rd, nr. S B Patil Public School, Ravet, Pimpri-Chinchwad, Maharashtra 412101','','1','100% Advance payment OR Whatever mutually Decided','Trupti Desai','09503102302','16:31:00.000000','2025-08-23','2025-08-23',112,NULL,'NON-GST','',NULL),(70,1440.00,8000.01,8000.01,'AMC','Yes','','','Maharashtra','Pune','411060','B-603, B Wing, 6th floor,Marvel Isola CHS,Opposite Corinthians Club,Mohammed Wadi,','','1','100% Advance payment OR Whatever mutually Decided','Kiran Mahajan','9112005113','11:00:00.000000','2025-08-29','2025-08-30',115,NULL,'NON-GST','',NULL),(71,0.00,2800.00,2800.00,'One Time','Yes','1 BHK','3 months','Maharashtra','Pune','412101','Sairaj Apartment, Sairaj Apartment, Infront of Ranjan Heights, SB Patil School Rd, Ravet, Pune, 412101','https://maps.app.goo.gl/PiUCTxG15o6nEi7e8','1','100% Advance payment OR Whatever mutually Decided','Simannisha Shaikh','7030901567','10:00:00.000000','2025-08-30','2025-08-31',119,NULL,'NON-GST','',NULL),(72,0.00,2800.00,2800.00,'AMC','Yes','1  BHK','3 months','Maharashtra','Pune','412101','T 10 / 308 , Ashbridge E , Lodha Belmando, Gahunje.','https://maps.app.goo.gl/3JUCpeJvi14fHKdh6','3','100% Advance payment OR Whatever mutually Decided','Jyoti Hule','9503102303','11:30:00.000000','2025-08-30','2025-08-31',120,NULL,'NON-GST','',NULL),(73,0.00,2850.00,2850.00,'One Time','Yes','1 BHK','1 Month','Maharashtra','Pune','411033','Flat no D303Sai India park society, behind santosh mangal karyalaya, Thergaon 411033','https://maps.app.goo.gl/TDvH1wiBuV65g8SY6','2','100% Advance payment OR Whatever mutually Decided','Jyoti Hule','9503102303','13:30:00.000000','2025-07-28','2025-09-02',121,NULL,'NON-GST','',NULL),(75,900.00,5000.00,5000.00,'One Time','Yes','','','Test','Test','111222','Test','https://maps.app.goo.gl/Tkz8WtvTmRUFvJJaA','1','100% Advance payment OR Whatever mutually Decided','TEIM TEST','0000000002','15:00:00.000000','2025-09-03','2025-09-19',35,'Industrial / Commercial','NON-GST','',NULL),(76,504.00,2800.00,2800.00,'One Time','Yes','1 BHK','3 months','Maharashtra','Pune','411035','Nirupam 2,H 305, Akurdi Gaothan, Sector No. 24, Dattawadi, Akurdi, Pimpri-Chinchwad, Maharashtra 411035','https://maps.app.goo.gl/Z86qsKV7FyF9X1xE7?g_st=aw','2','100% Advance payment OR Whatever mutually Decided','Trupti Desai','09503102302','13:00:00.000000','2025-09-09','2025-09-13',128,'Residential','NON-GST','',NULL),(77,0.00,3700.00,3700.00,'One Time','Yes','','','Maharashtra','Pune','412101','C-1101, Nano Spaces , Ravet, Near hanging bridge.','https://maps.app.goo.gl/R5BJm764FAP79WYcA','1','100% Advance payment OR Whatever mutually Decided','Simannisha Shaikh','7030901567','12:40:00.000000','2025-09-15','2025-09-16',129,'','NON-GST','',NULL),(78,0.00,0.00,0.00,'One Time','Yes','2 BHK','3 months','Maharashtra','Pune','411033','Punawale','https://maps.app.goo.gl/stkrhb5wJs1VhZ6i8','2','100% Advance payment OR Whatever mutually Decided','Trupti Desai','09503102302','11:30:00.000000','2025-09-08','2025-09-16',131,'','NON-GST','',NULL),(79,0.00,4000.00,4000.00,'One Time','Yes','2 BHK','3 months','Maharashtra','Pune','411033','Wakad','','1','100% Advance payment OR Whatever mutually Decided','Trupti Desai','09503102302','11:14:00.000000','2025-09-15','2025-09-16',132,'','NON-GST','',NULL),(80,0.00,3000.00,3000.00,'One Time','Yes','1 BHK','2 Month ','Maharashtra ','Pune','412101','Nigdi ','https://maps.app.goo.gl/MG7fypAEezNgu1Uo8','2','100% Advance payment OR Whatever mutually Decided','Laxman Hotkar','7447400616','10:30:00.000000','2025-09-15','2025-09-17',133,'','NON-GST','',NULL),(81,8460.00,47000.00,55460.00,'AMC','Yes','Sq. Ft. 51741','1 Year','Maharashtra','Pune','411016','ICC Trade Tower, ‘A’ Wing, 5th Floor, Senapati Bapat Road, Shivajinagar, Pune 411016 ','https://maps.app.goo.gl/5YojZ7LD5s2RpxXTA?g_st=awb','4','100% Advance payment OR Whatever mutually Decided','Rahul Chhetri','9975957361','11:00:00.000000','2025-08-26','2025-09-20',135,'Industrial / Commercial','GST','',NULL),(82,0.00,1500.00,1500.00,'One Time','Yes','','','Maharashtra ','Pune','412101','Morwadi ','','1','100% Advance payment OR Whatever mutually Decided','Laxman Hotkar','7447400616','11:00:00.000000','2025-09-13','2025-09-18',136,'','NON-GST','',NULL),(83,0.00,3399.99,3399.99,'AMC','Yes','','1 year','Maharashtra','Pune','411033','G 2104, Puneville Phase 2, Pharande Spaces, Kate wasti, Punawale, Dattawadi, Pimpri Chinchwad, District Pune, Maharashtra - 411033','https://maps.app.goo.gl/LpJhx4qaAZJKQYmG7?g_st=aw','3','100% Advance payment OR Whatever mutually Decided','Himanshu Rathod','7774918071','10:00:00.000000','2025-09-17','2025-09-18',137,'Residential','NON-GST','Cockroach Management Service',NULL),(84,0.00,1000.00,1000.00,'One Time','Yes','2 BHK','3 Month','Madhya Pradesh','Indore','452016','116, Malay Residency B Block','https://maps.app.goo.gl/9riuEdJLgWzkHo5C9','1','100% Advance payment OR Whatever mutually Decided','Rajesh Joshi','7887884482','11:00:00.000000','2025-09-19','2025-09-19',138,'Residential','NON-GST','Cockroach Management Service',NULL),(85,0.00,4500.00,4500.00,'AMC','Yes','3 BHK','1 year','Maharashtra','Pune','412101','F1303, Runal Gateway,  Mukai Chowk , Kiwale','https://maps.app.goo.gl/xCKFDxo1JUSQDdaX6','3','100% Advance payment OR Whatever mutually Decided','Trupti Desai','09503102302','16:00:00.000000','2025-09-18','2025-09-20',139,'Residential','NON-GST','Cockroach Management Service',NULL),(86,0.00,4000.00,4000.00,'One Time','Yes','2 BHK','3 month','Maharashtra','Pune','412114','Aishwaryam Hamara, behind Moshi D Mart, flat no. 1112, Jadhavwadi, Chikhali,Pune- 411062','https://maps.app.goo.gl/Gd4ukyGddbynXaWn7','2','100% Advance payment OR Whatever mutually Decided','Prakash Chothe','7447400615','12:38:00.000000','2025-09-16','2025-09-21',36,'Industrial / Commercial','NON-GST','Bed Bugs Management ',NULL),(87,10566.00,58700.00,58700.00,'One Time','Yes','','','Test','Test','111222','Test','https://maps.app.goo.gl/Tkz8WtvTmRUFvJJaA','1','100% Advance payment OR Whatever mutually Decided','TEIM TEST','0000000002','14:47:00.000000','2025-09-19','2025-09-20',35,'','NON-GST','Junior Software Engineer 852',NULL),(88,0.00,1800.00,1800.00,'One Time','Yes','3BHk','3 Month','Madhya Pradesh','Indore','452016','HB-6, Gate No.2, Tashshila Parisar, Rajendra nagar','https://maps.app.goo.gl/6GSptn9JsUo7U6o88','1','100% Advance payment OR Whatever mutually Decided','Rajesh Joshi','7887884482','13:00:00.000000','2025-09-18','2025-09-21',141,'Residential','NON-GST','Cockroach Management Service',NULL),(89,0.00,3499.98,3499.98,'AMC','Yes','2 BHK ','1 year ','Maharashtra ','Pune','412101','Ravet','https://maps.app.goo.gl/N1X14CyMpPPPRDFv8','3','100% Advance payment OR Whatever mutually Decided','Trupti Desai','09503102302','10:00:00.000000','2025-09-20','2025-09-21',143,'Residential','NON-GST','Cockroach Management Service ',NULL),(90,0.00,2601.00,2601.00,'AMC','Yes','1 BHK','1 year ','Maharashtra ','Pune','412101','Flat no 201, Aarohi Park,Meena Colony, Vikas Nagar Road, Kiwale 412101','https://maps.app.goo.gl/pCXFtgEWx1mqEvE59','3','100% Advance payment OR Whatever mutually Decided','Trupti Desai','09503102302','11:30:00.000000','2025-09-20','2025-09-21',144,'Residential','NON-GST','Cockroach Management Service ',NULL),(91,0.00,2300.00,2300.00,'One Time','Yes','3 BHK','3 months','Maharashtra','Pune','411057','Tower 9 Flat No 2101Blue Ridge Hinjewadi Phase1','https://maps.app.goo.gl/qHNkAwkjsk52kqG98','1','100% Advance payment OR Whatever mutually Decided','Trupti Desai','09503102302','12:30:00.000000','2025-09-22','2025-09-22',145,'','NON-GST','Cockroach Management Service',NULL),(93,0.00,3000.00,3000.00,'One Time','Yes','2 BHK ','2 Month ','Maharashtra ','Pune','412101','Janki Society flat no. 301,8th floor, Deccan Gymkhana Pune ','','1','100% Advance payment OR Whatever mutually Decided','Laxman Hotkar','7447400616','10:30:00.000000','2025-09-22','2025-09-24',146,'Residential','NON-GST','Cockroach Management Service ',NULL),(94,0.00,3799.98,3799.98,'One Time','Yes','2 BHK','1 year','Maharashtra','Pune','412101','Aundh - Ravet BRTS Rd, Ram Nagar, Tathawade, Pimpri-Chinchwad, Maharashtra 411033','https://maps.app.goo.gl/wxK7UPdYKFMx5vhh8','3','100% Advance payment OR Whatever mutually Decided','Trupti Desai','09503102302','09:50:00.000000','2025-09-10','2025-09-13',147,'Residential','NON-GST','Cockroach Management Service',NULL),(95,0.00,2500.00,2500.00,'One Time','Yes','1 Room','3 months','Maharashtra','Pune','411033','19/9, Gurukrupa Ratnadeep Colony, A Lane, Dange Chowk ,Thergaon, Pune','https://maps.app.goo.gl/r5keUVC9Tfs8J42PA','2','100% Advance payment OR Whatever mutually Decided','Hiraman Rathod','8888829985','11:00:00.000000','2025-09-24','2025-09-25',152,'Residential','NON-GST','Bed Bugs Management ',NULL),(96,0.00,3999.99,3999.99,'AMC','Yes','2 BHK','NA','Maharashtra','Pune','411017','Ashwani Apt  ,First floor Room No 02.Power house road Pimpri 411017.','https://maps.app.goo.gl/6VaqCkRFC2bX5fzL6','3','100% Advance payment OR Whatever mutually Decided','Jyoti Hule','9503102303','10:30:00.000000','2025-09-24','2025-09-27',172,'Residential','NON-GST','Cockroach Management Service',NULL),(97,0.00,3999.99,3999.99,'AMC','Yes','2 BHK','1 year','Maharashtra','Pune','412101','Flat no 8, block A5, New SKF colony, opposite to kamini hotel, Chinchwad','https://maps.app.goo.gl/MoweMdf2U3DbWyTeA','3','100% Advance payment OR Whatever mutually Decided','Trupti Desai','09503102302','11:28:00.000000','2025-09-27','2025-09-27',183,'Residential','NON-GST','Cockroach Management Service',NULL),(98,0.00,1500.00,1500.00,'One Time','Yes','','','Maharashtra','Pune','411045','NANDAN SPECTRA\"B-801,Surevy No 23Ramnagar, Balewadi Rd, Baner, Pune, Maharashtra 411045.Nearest land mark - Behind MNGL CNG Pump, Balewadi','https://maps.app.goo.gl/E7doemB7t7q6fuiW8','1','100% Advance payment OR Whatever mutually Decided','Laxman Hotkar','7447400616','12:00:00.000000','2025-09-26','2025-09-27',184,'','NON-GST','Cockroach Management Service',NULL),(99,0.00,1800.00,1800.00,'One Time','Yes','','2 Months','Maharashtra','Pune','411045','\"NANDAN SPECTRA Society B-802 Surevy No 23Ramnagar, Balewadi Rd, Baner, Pune','https://maps.app.goo.gl/E7doemB7t7q6fuiW8','1','100% Advance payment OR Whatever mutually Decided','Laxman Hotkar','7447400616','13:00:00.000000','2025-09-26','2025-09-27',185,'Residential','NON-GST','Cockroach Management Service',NULL),(100,0.00,4000.00,4000.00,'One Time','Yes','','','Maharashtra','Pune','411012','Sai Kunj Opp Madina Carers Near Royal Word School Pimri 17 ','https://share.google/J96ZvUSyly9dNtnKD','1','100% Advance payment OR Whatever mutually Decided','Hiraman Rathod','8888829985','16:00:00.000000','2025-09-26','2025-09-27',186,'','NON-GST','Bed Bug Management',NULL),(101,0.00,3000.00,3000.00,'AMC','Yes','1 BHK','1 year','Maharashtra','Pune','412101','Flat No. 10, B Wing, B-10, Shree Krishna Icon, Sector 29,  Ravet Pradhikaran, Plot 9 To 12, near Govindham Iscon temple.PIMPRI CHINCHWADMAHARASHTRA Pune 412101','https://maps.app.goo.gl/KUKnN9B5uTer5PT96','3','100% Advance payment OR Whatever mutually Decided','Trupti Desai','09503102302','10:30:00.000000','2025-09-25','2025-09-27',187,'Residential','NON-GST','Cockroach Management Service',NULL),(102,0.00,2000.00,2000.00,'One Time','Yes','2BHK','3 months','Maharashtra','Pune','411057','L-204 \'Omega Paradise\' Shankar Kalat Nagar, Datta Mandir Road, Wakad, Pimpri-Chinchwad.','https://maps.app.goo.gl/cU6GHdDtDnEVwDba8','1','100% Advance payment OR Whatever mutually Decided','Jyoti Hule','9503102303','11:00:00.000000','2025-09-29','2025-09-30',190,'','NON-GST','Cockroach Management Service',NULL),(103,0.00,3499.98,3499.98,'AMC','Yes','2 BHK','1 year','Maharashtra','Pune','411045','B101 Nandan \"NANDAN SPECTRA\" Surevy No 23 Ramnagar, Balewadi Rd, Baner, Pune, Maharashtra 411045. behind MNGL CNG Pump, Balewadi','https://goo.gl/maps/AgaSv1hwbhN2','3','100% Advance payment OR Whatever mutually Decided','Laxman Hotkar','7447400616','15:00:00.000000','2025-09-29','2025-09-29',191,'Residential','NON-GST','Cockroach Management Service',NULL),(104,0.00,2500.00,2500.00,'One Time','Yes','3 BHK','3 months','Maharashtra','Pune','411033','Flat F-403, Greens Society, Aditya Birla Hospital Road, Thergaon, Pune,  411033','https://maps.app.goo.gl/ND3HkoYWZQvvRu9y6?g_st=aw','1','100% Advance payment OR Whatever mutually Decided','Trupti Desai','09503102302','12:00:00.000000','2025-09-29','2025-10-01',193,'','NON-GST','Cockroach Management Service',NULL),(105,990.00,5499.99,5499.99,'AMC','Yes','3BHK','NA','Maharashtra','Pune','411004','Flat No. 1002 Hill View Lane NO. 15, Bhandarkar Rd, Deccan Gymkhana, Pune, Maharashtra 411004','https://maps.app.goo.gl/7dkuYVAPgcpgG5jt8?g_st=aw','3','100% Advance payment OR Whatever mutually Decided','Jyoti Hule','9503102303','10:30:00.000000','2025-09-28','2025-10-04',197,'Residential','NON-GST','Cockroach Management Service',1),(106,0.00,3999.99,3999.99,'AMC','Yes','2 BHK','1 year','Maharashtra','Pune','412101','Flat no 3, Jay Vijay Housing Society, Building no 63,Prem lok park,Chinchwad','https://maps.app.goo.gl/byp1XDEvWCJ6MGzv8','3','100% Advance payment OR Whatever mutually Decided','Trupti Desai','09503102302','16:00:00.000000','2025-09-17','2025-10-04',201,'Residential','NON-GST','Cockroach Management Service',1),(107,0.00,3999.99,3999.99,'AMC','No','2 BHK','1 year','Maharashtra','Pune','411033','G 704, 7Plumeria Drive, Punawale, Pune 411033','https://maps.app.goo.gl/UhwNVdrnGqm7vfgh9','3','100% Advance payment OR Whatever mutually Decided','Trupti Desai','09503102302','13:00:00.000000','2025-10-04','2025-10-04',203,'Residential','NON-GST','Cockroach Management Service',1),(108,0.00,3000.00,3000.00,'AMC','Yes','2 BHK','1 year','Maharashtra','Pune','411033','C 204, Ganga Cypress, Tathawade, Pune','https://maps.app.goo.gl/aMG5QNKvFoHSz7oRA?g_st=ipc','3','100% Advance payment OR Whatever mutually Decided','Trupti Desai','09503102302','17:30:00.000000','2025-10-04','2025-10-04',204,'Residential','NON-GST','Cockroach Management Service',1),(109,0.00,4000.00,4000.00,'One Time','Yes','2 BHK','3 months','Maharashtra','Pune','411033',' Casa 7 flat a2 706 Dange chowk Thergaon, Pune.','https://share.google/in591T4nYMtzPNOYv','2','100% Advance payment OR Whatever mutually Decided','Trupti Desai','09503102302','11:30:00.000000','2025-10-03','2025-10-05',205,'Residential','NON-GST','Bed Bugs Management ',1),(110,0.00,2000.00,2000.00,'One Time','Yes','2 BHK','3 months','Maharashtra','Pune','411033','A102 Ganesh Bella Rossa , Phase 1 Kolate vasti, Punawale','https://share.google/0qHoorpXPTcKh6F3v','1','100% Advance payment OR Whatever mutually Decided','Trupti Desai','09503102302','10:00:00.000000','2025-10-01','2025-10-05',206,'Residential','NON-GST','Cockroach Management Service',1),(111,0.00,4999.98,4999.98,'AMC','Yes','Row House','1 year','Maharashtra','Pune','410160','RH 06, wing02 vision city jambhulgaon vadgaon maval pune 412106','https://maps.app.goo.gl/RCSq3CmnzY7LKqY9A','3','100% Advance payment OR Whatever mutually Decided','Trupti Desai','09503102302','11:00:00.000000','2025-10-14','2025-10-15',241,'Residential','NON-GST','Cockroach Management Service',1),(112,0.00,1800.00,1800.00,'One Time','Yes','2 BHK','3 months','Maharashtra','Pune','411033','Flat no. 701, Mangal Dhaara building, near Ravet basket bridge, Tathwade road  Punawale, Pimpari-Chinchwad.','https://maps.app.goo.gl/HJmpxgrmoMzq5E4d6','1','100% Advance payment OR Whatever mutually Decided','Trupti Desai','09503102302','12:00:00.000000','2025-10-14','2025-10-16',246,'Residential','NON-GST','Cockroach Management Service',1),(113,0.00,3499.98,3499.98,'AMC','Yes','2 BHK','1 year','Maharashtra','Pune','411033','D402, Rose Mansion CHS, Punawale, Behind Shriyans Society, Pune - 411033','https://share.google/oavJcAVASr52kZmhL','3','100% Advance payment OR Whatever mutually Decided','Trupti Desai','09503102302','16:35:00.000000','2025-10-10','2025-10-17',247,'Residential','NON-GST','Cockroach Management Service',1),(114,0.00,2000.00,2000.00,'One Time','Yes','','3 months','Maharashtra','Pune','411027','Flat no 14 Aatitya avenue society near nanacha dhaba restaurant Pimple Saudagar','https://maps.app.goo.gl/SRQ1GA7B9GqbfRzB8','1','100% Advance payment OR Whatever mutually Decided','Simannisha Shaikh','7030901567','15:00:00.000000','2025-10-15','2025-10-15',248,'Residential','NON-GST','Quotation for The Cockroach Management Service.',1),(115,0.00,3000.00,3000.00,'One Time','Yes','1 BHK','3 months','Maharashtra','Pune','411033','2nd floor, Kalpataru Apartment, Dehu-Alandi Road, Alhat Wasti, Near by Swapnalok Housing Society, Moshi.','https://maps.app.goo.gl/A71fkvE3tJCNGuLb6','2','100% Advance payment OR Whatever mutually Decided','Trupti Desai','09503102302','10:30:00.000000','2025-10-09','2025-10-17',250,'','NON-GST','Bed Bugs Management ',1),(116,0.00,3499.98,3499.98,'AMC','Yes','2 BHk','1 year','Maharashtra','Pune','411033','Flat no 305, Rutej Nest PH II Behind Gurudwara Near Akurdi Railway Station Chinchwad Pune','https://maps.app.goo.gl/FdztoD8ZQd3zdRBH9','3','100% Advance payment OR Whatever mutually Decided','Trupti Desai','09503102302','10:30:00.000000','2025-10-13','2025-10-17',251,'Residential','NON-GST','Cockroach Management Service',1),(117,0.00,2000.00,2000.00,'One Time','Yes','3 BHk- we will area cover kitchen, drainage balcony area only spray treatment','0','Maharashtra','Pune','411033','C404, Western Avenue, Wakad','https://maps.app.goo.gl/neS7xGNsGgqyuVEP7','1','100% Advance payment OR Whatever mutually Decided','Trupti Desai','09503102302','17:00:00.000000','2025-10-15','2025-10-16',255,'Residential','NON-GST','Cockroach Management Service',1),(118,0.00,1200.00,1200.00,'One Time','Yes','1 BHK','0','Maharashtra','Pune','412101','A101, Raj Angan, plot no 186/1/1, Shinde Wasti, Ravet, Haveli, Pune 412101','https://maps.app.goo.gl/NaHjoQFx1hqo9Qgv8','1','100% Advance payment OR Whatever mutually Decided','Trupti Desai','09503102302','17:00:00.000000','2025-10-17','2025-10-17',257,'Residential','NON-GST','Cockroach Management Service',1),(119,0.00,4999.98,4999.98,'AMC','Yes','3 BHK','1 year','Maharashtra','Pune','412101','Swapnapoorti Hsg Society Phase 1, building no 2A, flat no 203, sector no 26, Nigdi Pradhikaran','https://maps.app.goo.gl/SKf6fyS3PeGuybLv7','3','100% Advance payment OR Whatever mutually Decided','Trupti Desai','09503102302','14:00:00.000000','2025-10-16','2025-10-18',258,'Residential','NON-GST','Cockroach Management Service',1),(120,0.00,1500.00,1500.00,'One Time','Yes','1 BHk','3 months','Maharashtra','Pune','411027','G104, Jarvari Society, Opp PK international school, Pimple Saudagar','https://maps.app.goo.gl/gEyiudu3qJ89jmTM8','1','100% Advance payment OR Whatever mutually Decided','Trupti Desai','09503102302','16:30:00.000000','2025-10-18','2025-10-18',259,'','NON-GST','Cockroach Management Service',1),(121,0.00,1500.00,1500.00,'One Time','Yes','1 BHK','3 months','Maharashtra','Pune','412101','Flat No 706, Aqua Blue Soc, B Wing, Shinde Vasti, Ravet','https://maps.app.goo.gl/iAcHi4pLus8rSCcX7','1','100% Advance payment OR Whatever mutually Decided','Trupti Desai','09503102302','09:30:00.000000','2025-10-18','2025-10-19',260,'','NON-GST','Cockroach Management Service',1),(122,720.00,3999.99,3999.99,'One Time','Yes','2BHK','NA','Maharashtra','Pune','411044','FLAT NO 10, 3RD FLOOR, NIRMAN PARADISE, OPP KATHI KABAB, PLOT NO H20, S NO 26, NEAR AKURDI RAILWAY STATION, NIGDI PRADHIKARAN','https://maps.app.goo.gl/bKBaVYiBC8SqniMV6','3','100% Advance payment OR Whatever mutually Decided','Jyoti Hule','9503102303','10:30:00.000000','2025-10-23','2025-10-24',261,'','NON-GST','Cockroach Management Service',11),(123,0.00,3000.01,3000.01,'One Time','Yes',' 1 BHK','3 months','Maharashtra','Pune','411044','Flat No 103, 8B, Swapnapoorti Phase 2 Near PCCOE Pradhikaran Pune.','','1','100% Advance payment OR Whatever mutually Decided','Simannisha Shaikh','7030901567','05:00:00.000000','2025-10-27','2025-10-27',264,'Residential','NON-GST','Bed Bug Management Service',1);
/*!40000 ALTER TABLE `crmapp_service_management` ENABLE KEYS */;
UNLOCK TABLES;

--
-- Table structure for table `crmapp_service_management_technicians`
--

DROP TABLE IF EXISTS `crmapp_service_management_technicians`;
/*!40101 SET @saved_cs_client     = @@character_set_client */;
/*!50503 SET character_set_client = utf8mb4 */;
CREATE TABLE `crmapp_service_management_technicians` (
  `id` bigint NOT NULL AUTO_INCREMENT,
  `service_management_id` bigint NOT NULL,
  `technicianprofile_id` bigint NOT NULL,
  PRIMARY KEY (`id`),
  UNIQUE KEY `crmapp_service_managemen_service_management_id_te_a8cfdde4_uniq` (`service_management_id`,`technicianprofile_id`),
  KEY `crmapp_service_manag_technicianprofile_id_2e54cf64_fk_crmapp_te` (`technicianprofile_id`),
  CONSTRAINT `crmapp_service_manag_service_management_i_58704f3f_fk_crmapp_se` FOREIGN KEY (`service_management_id`) REFERENCES `crmapp_service_management` (`id`),
  CONSTRAINT `crmapp_service_manag_technicianprofile_id_2e54cf64_fk_crmapp_te` FOREIGN KEY (`technicianprofile_id`) REFERENCES `crmapp_technicianprofile` (`id`)
) ENGINE=InnoDB AUTO_INCREMENT=11 DEFAULT CHARSET=utf8mb4 COLLATE=utf8mb4_0900_ai_ci;
/*!40101 SET character_set_client = @saved_cs_client */;

--
-- Dumping data for table `crmapp_service_management_technicians`
--

LOCK TABLES `crmapp_service_management_technicians` WRITE;
/*!40000 ALTER TABLE `crmapp_service_management_technicians` DISABLE KEYS */;
INSERT INTO `crmapp_service_management_technicians` VALUES (3,27,9),(2,28,8),(4,46,7),(8,75,9),(7,75,10),(9,88,15),(10,97,11);
/*!40000 ALTER TABLE `crmapp_service_management_technicians` ENABLE KEYS */;
UNLOCK TABLES;

--
-- Table structure for table `crmapp_serviceproduct`
--

DROP TABLE IF EXISTS `crmapp_serviceproduct`;
/*!40101 SET @saved_cs_client     = @@character_set_client */;
/*!50503 SET character_set_client = utf8mb4 */;
CREATE TABLE `crmapp_serviceproduct` (
  `id` bigint NOT NULL AUTO_INCREMENT,
  `price` decimal(10,2) NOT NULL,
  `quantity` decimal(10,2) NOT NULL,
  `gst_percentage` decimal(5,2) NOT NULL,
  `total_with_gst` decimal(10,2) DEFAULT NULL,
  `product_id` int NOT NULL,
  `service_id` bigint NOT NULL,
  `description` longtext,
  PRIMARY KEY (`id`),
  KEY `crmapp_serviceproduc_product_id_bda631a2_fk_crmapp_pr` (`product_id`),
  KEY `crmapp_serviceproduc_service_id_bb392f05_fk_crmapp_se` (`service_id`),
  CONSTRAINT `crmapp_serviceproduc_product_id_bda631a2_fk_crmapp_pr` FOREIGN KEY (`product_id`) REFERENCES `crmapp_product` (`product_id`),
  CONSTRAINT `crmapp_serviceproduc_service_id_bb392f05_fk_crmapp_se` FOREIGN KEY (`service_id`) REFERENCES `crmapp_service_management` (`id`)
) ENGINE=InnoDB AUTO_INCREMENT=98 DEFAULT CHARSET=utf8mb4 COLLATE=utf8mb4_0900_ai_ci;
/*!40101 SET character_set_client = @saved_cs_client */;

--
-- Dumping data for table `crmapp_serviceproduct`
--

LOCK TABLES `crmapp_serviceproduct` WRITE;
/*!40000 ALTER TABLE `crmapp_serviceproduct` DISABLE KEYS */;
INSERT INTO `crmapp_serviceproduct` VALUES (1,2000.00,10.00,18.00,23600.00,1,32,'None'),(2,3000.00,10.00,5.00,31500.00,2,32,'None'),(3,650.00,10.00,8.00,7020.00,32,32,'None'),(4,1000.00,20.00,12.00,NULL,1,33,NULL),(5,560.00,3.00,0.00,NULL,32,33,NULL),(6,320.00,10.00,5.00,NULL,4,33,NULL),(8,2000.00,50.00,10.00,110000.00,2,19,'sfrtweerwrewrwr'),(9,3000.00,1.00,18.00,3540.00,32,19,'ssdqwq'),(14,1333.33,3.00,0.00,3999.99,1,9,''),(15,1333.33,3.00,0.00,NULL,1,41,''),(16,1750.00,2.00,0.00,NULL,2,42,''),(17,3000.00,2.00,0.00,NULL,2,44,''),(18,1666.66,3.00,0.00,4999.98,1,45,'3 Services in a year.'),(19,1166.66,3.00,0.00,NULL,1,46,'Quarterly 3 service in a year'),(20,1166.66,3.00,0.00,NULL,1,47,'Quarterly 3 services in a year'),(21,25000.00,1.00,0.00,NULL,13,48,'Single Service\r\n(2 years warranty for service)'),(22,1000.00,1.00,0.00,NULL,10,49,'Single service'),(23,1700.00,2.00,0.00,NULL,2,50,'Fortnightly 2 services in a month'),(24,1000.00,6.00,0.00,NULL,8,51,'Monthly services in 6 month'),(25,2000.00,1.00,0.00,NULL,1,52,'Single Service'),(26,300.00,10.00,12.00,NULL,1,53,'i\ni\ni\ni'),(27,600.00,8.00,12.00,NULL,1,53,'i\ni\ni\ni'),(28,500.00,12.00,18.00,NULL,2,53,';;;'),(29,5000.00,1.00,0.00,NULL,1,54,'Single Service'),(30,1500.00,3.00,0.00,NULL,2,55,'3 Service in a Month'),(31,1400.00,12.00,18.00,NULL,57,56,'Monthly 12 Services in a year.\n(For Cockroach, Rodent , Lizard) '),(32,2500.00,2.00,18.00,NULL,64,57,'Monthly 2 Service.'),(33,1500.00,2.00,0.00,NULL,2,58,'Fortnightly 2 services in a month'),(34,1166.66,3.00,0.00,NULL,1,59,'Quarterly 3 Services in a year'),(35,2000.00,1.00,0.00,NULL,1,60,'Single Service'),(36,3000.00,1.00,0.00,NULL,1,61,'Single Service'),(37,1066.66,3.00,0.00,NULL,1,62,'Quarterly 3 services in a year'),(38,1333.33,3.00,0.00,NULL,1,63,'Quarterly 3 services in a year '),(39,3000.00,1.00,18.00,NULL,70,64,'Single Service (approx 2200sqft area)'),(40,150.00,10.00,18.00,NULL,71,65,''),(41,110.00,50.00,18.00,NULL,34,66,''),(42,500.00,1.00,18.00,NULL,84,66,''),(43,2000.00,1.00,0.00,NULL,1,67,'Single Service'),(44,1333.33,3.00,0.00,NULL,1,68,'Quarterly 3 services in a year'),(45,2000.00,1.00,0.00,NULL,1,69,''),(46,2666.67,3.00,18.00,NULL,57,70,'3 services in a year'),(47,2800.00,1.00,0.00,2800.00,2,71,'1 BHK '),(48,2800.00,1.00,0.00,NULL,1,72,''),(49,2850.00,1.00,0.00,NULL,2,73,'Fortnightly 2 services in a month,'),(51,500.00,10.00,18.00,NULL,1,75,'v'),(52,1400.00,2.00,18.00,NULL,2,76,'Fortnightly 2 Services in a month'),(53,3700.00,1.00,0.00,NULL,2,77,''),(54,2000.00,2.00,0.00,NULL,2,79,'Fortnightly 2 services in a month'),(55,1500.00,2.00,0.00,NULL,2,80,'2 Service '),(56,11750.00,4.00,18.00,NULL,57,81,'Quarterly 4 service in a year.'),(57,1500.00,1.00,0.00,NULL,8,82,''),(58,1133.33,3.00,0.00,NULL,1,83,'Quarterly 3 services in a year'),(59,1000.00,1.00,0.00,NULL,1,84,'Single Service'),(60,1500.00,3.00,0.00,NULL,1,85,'Quarterly 3 services in a year'),(61,2000.00,2.00,0.00,NULL,2,86,'fortnightly 2 service in a month'),(62,5870.00,10.00,18.00,NULL,1,87,''),(63,900.00,2.00,0.00,NULL,1,88,'first Spray then gel treatment after 5 days'),(64,1166.66,3.00,0.00,NULL,1,89,'Quarterly 3 services in a year '),(65,867.00,3.00,0.00,NULL,1,90,'Quarterly 3 services in a year '),(66,2300.00,1.00,0.00,NULL,1,91,'Single Service'),(67,3000.00,1.00,0.00,NULL,1,93,'Single Service '),(68,1266.66,3.00,0.00,NULL,1,94,'Quarterly 3 services in a year'),(69,1250.00,2.00,0.00,NULL,2,95,'Fortnightly 2 service in a month'),(70,1333.33,3.00,0.00,NULL,1,96,'3 Services in a year.'),(71,1333.33,3.00,0.00,NULL,1,97,'Quarterly 3 services in a year'),(72,1500.00,1.00,0.00,NULL,1,98,'Single Service'),(73,1800.00,1.00,0.00,NULL,1,99,'Single Service'),(74,2000.00,2.00,0.00,NULL,2,100,'Fortnightly 2 Service in a month'),(75,1000.00,3.00,0.00,NULL,1,101,'Quarterly 3 services in a year'),(76,2000.00,1.00,0.00,NULL,1,102,'Single Service'),(77,1166.66,3.00,0.00,NULL,1,103,'Quarterly 3 services in a year'),(78,2500.00,1.00,0.00,NULL,1,104,'Single Service'),(79,1833.33,3.00,18.00,NULL,1,105,'3 services in a year.'),(80,1333.33,3.00,0.00,NULL,1,106,'Quarterly 3 services in a year'),(81,1333.33,3.00,0.00,NULL,1,107,'Quarterly 3 services in a year'),(82,1000.00,3.00,0.00,NULL,1,108,'Quarterly 3 Services in a year'),(83,2000.00,2.00,0.00,NULL,2,109,'Fortnightly 2 services in a month'),(84,2000.00,1.00,0.00,NULL,1,110,'Single Service'),(85,1666.66,3.00,0.00,NULL,1,111,'Quarterly 3 services in a year'),(86,1800.00,1.00,0.00,1800.00,1,112,'Single Service'),(87,1166.66,3.00,0.00,NULL,1,113,'Quarterly 3 services in a year'),(88,2000.00,1.00,0.00,NULL,1,114,'Single Service'),(89,1500.00,2.00,0.00,NULL,2,115,'Fortnightly 2 services in a month'),(90,1166.66,3.00,0.00,NULL,1,116,'Quarterly 3 services in a year'),(91,2000.00,1.00,0.00,NULL,1,117,'Single Service'),(92,1200.00,1.00,0.00,NULL,1,118,'Single Service'),(93,1666.66,3.00,0.00,NULL,1,119,'Quarterly 3 services in a year'),(94,1500.00,1.00,0.00,NULL,1,120,'Single Service'),(95,1500.00,1.00,0.00,NULL,1,121,'Single Service (Chemical Spray and Gel)'),(96,1333.33,3.00,18.00,NULL,1,122,'3 services in a year.'),(97,3000.01,1.00,0.00,NULL,2,123,'Spray treatment (2 Services )');
/*!40000 ALTER TABLE `crmapp_serviceproduct` ENABLE KEYS */;
UNLOCK TABLES;

--
-- Table structure for table `crmapp_taxinvoice`
--

DROP TABLE IF EXISTS `crmapp_taxinvoice`;
/*!40101 SET @saved_cs_client     = @@character_set_client */;
/*!50503 SET character_set_client = utf8mb4 */;
CREATE TABLE `crmapp_taxinvoice` (
  `id` bigint NOT NULL AUTO_INCREMENT,
  `tax_invoice_no` varchar(30) DEFAULT NULL,
  `grand_total` decimal(10,2) NOT NULL,
  `created_at` datetime(6) NOT NULL,
  `referance_no_and_date` varchar(100) DEFAULT NULL,
  `other_referance` varchar(500) DEFAULT NULL,
  `delivery_note` varchar(100) DEFAULT NULL,
  `modern_terms_of_payment` varchar(100) DEFAULT NULL,
  `buyers_order_no` varchar(100) DEFAULT NULL,
  `dated` date DEFAULT NULL,
  `dispatch_doc_no` varchar(100) DEFAULT NULL,
  `delivery_note_date` date DEFAULT NULL,
  `dispatched_through` varchar(100) DEFAULT NULL,
  `destination` varchar(1000) DEFAULT NULL,
  `service_titel` varchar(200) NOT NULL,
  `shift_gstin_uin` varchar(100) DEFAULT NULL,
  `shifttopartystate` varchar(100) NOT NULL,
  `shifttopartystatecode` varchar(10) NOT NULL,
  `sold_gstin_uin` varchar(100) DEFAULT NULL,
  `soldtopartystate` varchar(100) NOT NULL,
  `soldtopartystatecode` varchar(10) NOT NULL,
  `bank_id` bigint NOT NULL,
  `customer_id` bigint NOT NULL,
  `quotation_id` bigint DEFAULT NULL,
  `branch_id` bigint NOT NULL,
  `bill_to_address` longtext,
  `terms_of_delivery` longtext,
  `gst_type` varchar(20) DEFAULT NULL,
  `remarks` longtext,
  `ship_to_address` longtext,
  `shift_pan_number` varchar(50) DEFAULT NULL,
  `sold_pan_number` varchar(50) DEFAULT NULL,
  PRIMARY KEY (`id`),
  UNIQUE KEY `tax_invoice_no` (`tax_invoice_no`),
  KEY `crmapp_taxinvoice_bank_id_7d322f91_fk_crmapp_bankaccounts_id` (`bank_id`),
  KEY `crmapp_taxinvoice_customer_id_d3529857_fk_crmapp_cu` (`customer_id`),
  KEY `crmapp_taxinvoice_branch_id_bde511d6_fk_crmapp_branch_id` (`branch_id`),
  KEY `crmapp_taxinvoice_quotation_id_dfa10b05_fk_crmapp_qu` (`quotation_id`),
  CONSTRAINT `crmapp_taxinvoice_bank_id_7d322f91_fk_crmapp_bankaccounts_id` FOREIGN KEY (`bank_id`) REFERENCES `crmapp_bankaccounts` (`id`),
  CONSTRAINT `crmapp_taxinvoice_branch_id_bde511d6_fk_crmapp_branch_id` FOREIGN KEY (`branch_id`) REFERENCES `crmapp_branch` (`id`),
  CONSTRAINT `crmapp_taxinvoice_customer_id_d3529857_fk_crmapp_cu` FOREIGN KEY (`customer_id`) REFERENCES `crmapp_customer_details` (`id`),
  CONSTRAINT `crmapp_taxinvoice_quotation_id_dfa10b05_fk_crmapp_qu` FOREIGN KEY (`quotation_id`) REFERENCES `crmapp_quotation_management` (`id`)
) ENGINE=InnoDB AUTO_INCREMENT=9 DEFAULT CHARSET=utf8mb4 COLLATE=utf8mb4_0900_ai_ci;
/*!40101 SET character_set_client = @saved_cs_client */;

--
-- Dumping data for table `crmapp_taxinvoice`
--

LOCK TABLES `crmapp_taxinvoice` WRITE;
/*!40000 ALTER TABLE `crmapp_taxinvoice` DISABLE KEYS */;
INSERT INTO `crmapp_taxinvoice` VALUES (2,'25-26/MH/00002',2001.28,'2025-08-07 09:47:55.424447','','','','','0','2025-07-07','',NULL,'','','','','Maharashtra','27','','Maharashtra','27',2,27,8,1,NULL,NULL,NULL,NULL,NULL,NULL,NULL),(3,'25-26/NA/00003',1770.00,'2025-08-19 11:57:18.806847','25-26/MH/P/00569 dt. 14-Aug-25','','','100% Advance with PI','GEN/AUG-15/25-26','2025-08-19','',NULL,'','','UV Fly Control Board','27AAACJ8699R1ZD','Maharashtra','27','27AAACJ8699R1ZD','Maharashtra','27',2,106,NULL,1,'A-76, Chemical Zone,MIDC Kurkumbh-413802, Pune - 413802','The Payment of this invoice is due immediately. In case\r\nof late payment, interest @18% p.a will be charged from\r\nthe date of invoice up to the date of payment. Any\r\ndispute on service /invoice will be subject to Pune','CGST + SGST','Being invoice for Material sold.\r\n','A-76, Chemical Zone,MIDC Kurkumbh-413802, Pune - 413802',NULL,NULL),(4,'25-26/NA/00004',3540.00,'2025-08-19 12:06:54.390145','','','','100% Advance with PI','','2025-08-19','',NULL,'','','Pest Control Service','27AADCW2150K1Z9','Maharashtra','27','27AADCW2150K1Z9','Maharashtra','27',2,104,NULL,1,'KP Sqaure,41, 3, Telco Rd, Indira Nagar, Mohan Nagar, MIDC, Chinchwad, Pimpri-Chinchwad, Maharashtra 411019, Pune - 411019','The Payment of this invoice is due immediately. In case\r\nof late payment, interest @18% p.a will be charged from\r\nthe date of invoice up to the date of payment. Any\r\ndispute on service /invoice will be subject to Pune ','CGST + SGST','Being invoice for Pest Control Service.','KP Sqaure,41, 3, Telco Rd, Indira Nagar, Mohan Nagar, MIDC, Chinchwad, Pimpri-Chinchwad, Maharashtra 411019, Pune - 411019',NULL,NULL),(5,'25-26/NA/00005',3000.00,'2025-08-20 12:56:29.851719','16/08/2025','','','100% Advance','2115','2025-08-16','','2025-08-16','','','Pest Control Service','','Maharashtra','27','','Maharashtra','27',2,99,NULL,1,'B-34, Forest County, EON Free Zone, Kharadi, Pune, Maharashtra 411014, Pune - 411014','','No GST','Being invoice for pest management service done.','B-34, Forest County, EON Free Zone, Kharadi, Pune, Maharashtra 411014, Pune - 411014',NULL,NULL),(6,'25-26/NA/00006',9086.00,'2025-08-21 10:47:47.189127','21/08/2025','','','100% Advance with PI','','2025-08-21','','2025-08-21','','','Pest Control Service','27AADCW2150K1Z9','Maharashtra','27','27AADCW2150K1Z9','Maharashtra','27',2,104,NULL,1,'KP Sqaure,41, 3, Telco Rd, Indira Nagar, Mohan Nagar, MIDC, Chinchwad, Pimpri-Chinchwad, Maharashtra 411019, Pune - 411019','','CGST + SGST','Being Invoice for Pest Control Service','KP Sqaure,41, 3, Telco Rd, Indira Nagar, Mohan Nagar, MIDC, Chinchwad, Pimpri-Chinchwad, Maharashtra 411019, Pune - 411019',NULL,NULL),(7,'25-26/NA/00007',5900.00,'2025-09-03 10:26:44.000661','sdfaf','dsafsaf','sdafsaf','sdfafsa','sfsdf',NULL,'634535',NULL,'sdfsaf','sdfaf','dsf','sfdgsdfg','Maharashtra','27','dfsgsdfg','Maharashtra','27',2,35,NULL,1,'Test, Test - 123123 vgbjhg','sadfsadfsadf\r\nsdaf\r\nsdaf\r\nsdfas','IGST','sdfsafs\r\nasdf\r\nasdf\r\nsadf','Test, Test - 111222 vchgfgbfch','dgdsfgdsfg','dfgdsfg'),(8,'25-26/NA/00008',2000.00,'2025-09-16 10:41:06.475632','','','','','','2025-09-16','',NULL,'','','pest control service','','Maharashtra','27','','Maharashtra','27',2,109,NULL,1,'PAP-S-65, Village - Savardari,MIDC – Phase II, Chakan Industrial Area, Taluka: Khed, Dist. Pune-410501 (MH) India, Pune - 410501','','No GST','','PAP-S-65, Village - Savardari,MIDC – Phase II, Chakan Industrial Area, Taluka: Khed, Dist. Pune-410501 (MH) India, Pune - 410501','','');
/*!40000 ALTER TABLE `crmapp_taxinvoice` ENABLE KEYS */;
UNLOCK TABLES;

--
-- Table structure for table `crmapp_taxinvoiceitem`
--

DROP TABLE IF EXISTS `crmapp_taxinvoiceitem`;
/*!40101 SET @saved_cs_client     = @@character_set_client */;
/*!50503 SET character_set_client = utf8mb4 */;
CREATE TABLE `crmapp_taxinvoiceitem` (
  `id` bigint NOT NULL AUTO_INCREMENT,
  `product_name` varchar(255) NOT NULL,
  `hsn_code` varchar(50) DEFAULT NULL,
  `quantity` decimal(10,2) NOT NULL,
  `unit` varchar(20) DEFAULT NULL,
  `price` decimal(10,2) NOT NULL,
  `gst_percent` decimal(5,2) NOT NULL,
  `gst_amount` decimal(10,2) NOT NULL,
  `total` decimal(10,2) NOT NULL,
  `tax_invoice_id` bigint NOT NULL,
  `description` longtext,
  PRIMARY KEY (`id`),
  KEY `crmapp_taxinvoiceite_tax_invoice_id_23dd5559_fk_crmapp_ta` (`tax_invoice_id`),
  CONSTRAINT `crmapp_taxinvoiceite_tax_invoice_id_23dd5559_fk_crmapp_ta` FOREIGN KEY (`tax_invoice_id`) REFERENCES `crmapp_taxinvoice` (`id`)
) ENGINE=InnoDB AUTO_INCREMENT=15 DEFAULT CHARSET=utf8mb4 COLLATE=utf8mb4_0900_ai_ci;
/*!40101 SET character_set_client = @saved_cs_client */;

--
-- Dumping data for table `crmapp_taxinvoiceitem`
--

LOCK TABLES `crmapp_taxinvoiceitem` WRITE;
/*!40000 ALTER TABLE `crmapp_taxinvoiceitem` DISABLE KEYS */;
INSERT INTO `crmapp_taxinvoiceitem` VALUES (2,'Rodent Bait Station (RBS)','',1.00,'Nos',600.00,18.00,108.00,600.00,2,NULL),(3,'Rat Snap Trap','',1.00,'Nos',120.00,18.00,21.60,120.00,2,NULL),(4,'RatOout','',1.00,'Ltr',976.00,18.00,175.68,976.00,2,NULL),(5,'UV Fly Control Board','3808 ',10.00,'Nos',150.00,18.00,270.00,1500.00,3,NULL),(6,'Sanitization Service','998531',1.00,'Nos',3000.00,18.00,540.00,3000.00,4,NULL),(7,'Cockroach Management','',1.00,'Nos',3000.00,18.00,0.00,3000.00,5,NULL),(8,'Cockroach Management','',1.00,'Nos',1200.00,18.00,216.00,1200.00,6,NULL),(9,'Mosquito Management (Spraying)','',2.00,'Nos',2500.00,18.00,900.00,5000.00,6,NULL),(10,'Rodent Management','',1.00,'Nos',1500.00,18.00,270.00,1500.00,6,NULL),(11,'Cockroach Management','dfdfa',1.00,'Nos',5000.00,18.00,900.00,5000.00,7,'sdfsadf\nasdfsadf\nsdafsadf'),(13,'Rodent Management','',1.00,'nos',1000.00,18.00,0.00,1000.00,8,''),(14,'Cockroach & Ant Management Service','',1.00,'non',1000.00,18.00,0.00,1000.00,8,'');
/*!40000 ALTER TABLE `crmapp_taxinvoiceitem` ENABLE KEYS */;
UNLOCK TABLES;

--
-- Table structure for table `crmapp_technicianprofile`
--

DROP TABLE IF EXISTS `crmapp_technicianprofile`;
/*!40101 SET @saved_cs_client     = @@character_set_client */;
/*!50503 SET character_set_client = utf8mb4 */;
CREATE TABLE `crmapp_technicianprofile` (
  `id` bigint NOT NULL AUTO_INCREMENT,
  `first_name` varchar(100) NOT NULL,
  `last_name` varchar(100) NOT NULL,
  `email` varchar(254) NOT NULL,
  `contact_number` varchar(15) NOT NULL,
  `address` varchar(1000) NOT NULL,
  `city` varchar(100) NOT NULL,
  `state` varchar(100) NOT NULL,
  `postal_code` varchar(20) NOT NULL,
  `date_of_joining` date NOT NULL,
  `user_id` int NOT NULL,
  `branch_id` bigint NOT NULL,
  PRIMARY KEY (`id`),
  UNIQUE KEY `email` (`email`),
  UNIQUE KEY `contact_number` (`contact_number`),
  UNIQUE KEY `user_id` (`user_id`),
  KEY `crmapp_technicianprofile_branch_id_12d66fe7_fk_crmapp_branch_id` (`branch_id`),
  CONSTRAINT `crmapp_technicianprofile_branch_id_12d66fe7_fk_crmapp_branch_id` FOREIGN KEY (`branch_id`) REFERENCES `crmapp_branch` (`id`),
  CONSTRAINT `crmapp_technicianprofile_user_id_c8b9a9b7_fk_auth_user_id` FOREIGN KEY (`user_id`) REFERENCES `auth_user` (`id`)
) ENGINE=InnoDB AUTO_INCREMENT=19 DEFAULT CHARSET=utf8mb4 COLLATE=utf8mb4_0900_ai_ci;
/*!40101 SET character_set_client = @saved_cs_client */;

--
-- Dumping data for table `crmapp_technicianprofile`
--

LOCK TABLES `crmapp_technicianprofile` WRITE;
/*!40000 ALTER TABLE `crmapp_technicianprofile` DISABLE KEYS */;
INSERT INTO `crmapp_technicianprofile` VALUES (1,'Vikas','Jadhav','vj5742927@gmil.com','8329894984','Ravet','Pune','Maharashtra','412101','2023-07-24',3,1),(6,'Mukesh ','Rathod','mukeshrathod9756@gmail.com','9022020118','Ravet Pune','Pune','Maharashtra','411039','2023-08-12',8,1),(7,'Akash','Rathod','akashrathod6614@gmail.com','7887488910','Ravet','Pune','Maharashtra','412101','2023-04-01',17,1),(8,'Akash','Ade','akashade851990@gmail.com','7447400612','Ravet','Pune','Maharashtra','412101','2016-04-14',18,1),(9,'Sakshi','Lalge','sakshilalge12@gmail.com','9322031514','Pune','Pune','Maharashtra','414001','2025-07-21',19,1),(10,'Tannmay','kulkarni','tech1@gmil.com',' 9325661413','pune','pune','Maharashtra','414001','2025-07-22',21,1),(11,'Dayaram ','Jadhav','daya70772@gmail.com','7796109398','Ravet Bhondave corner','Pune','Maharashtra','410112','2023-12-27',22,1),(12,'Atul',' Bhandwalkr','atulbhndwalkr78@gmail.com','9325690841','Ravet','Pune','Maharashtra','411201','2023-07-17',26,1),(13,'Sevak','Rathod','None@gmail.com','9356308207','Ravet','Pune','Maharashtra','412101','2025-07-01',31,1),(14,'Amol','Ingle','amolingle1813@gmail.com','09137511549','Kalyan East','Kalyan','Maharashtra','421311','2024-09-01',33,1),(15,'Hiralal','Mujalde','hiralalmujalde14@gmail.com','7887884483','Bangali Square','Indore','Madhya Pradesh','452016','2017-04-01',36,1),(16,'Suklal','Chouhan','suk.chouhan92@gmail.com','9691320837','Palda','Indore','Madhya Pradesh','452016','2021-01-01',37,1),(17,'Mahesh','Solanki','mahesh123.ms126@gmail.com','9981127533','Palda','Indore','Madhya Pradesh','452016','2016-07-01',38,1),(18,'Daddu','Barman','daddubarman22@gmail.com','8815724714','Palda','Indore','Madhya Pradesh','452016','2025-07-01',39,1);
/*!40000 ALTER TABLE `crmapp_technicianprofile` ENABLE KEYS */;
UNLOCK TABLES;

--
-- Table structure for table `crmapp_techworklist`
--

DROP TABLE IF EXISTS `crmapp_techworklist`;
/*!40101 SET @saved_cs_client     = @@character_set_client */;
/*!50503 SET character_set_client = utf8mb4 */;
CREATE TABLE `crmapp_techworklist` (
  `id` bigint NOT NULL AUTO_INCREMENT,
  `status` varchar(20) NOT NULL,
  `customer_signature_photo` varchar(100) DEFAULT NULL,
  `completion_datetime` datetime(6) NOT NULL,
  `service_id` bigint DEFAULT NULL,
  `technician_id` int NOT NULL,
  `is_notified` tinyint(1) NOT NULL,
  `next_due_date` date DEFAULT NULL,
  `payment_mode` varchar(20) DEFAULT NULL,
  `payment_type` varchar(20) DEFAULT NULL,
  `remaining_amount` decimal(10,2) DEFAULT NULL,
  PRIMARY KEY (`id`),
  KEY `crmapp_techworklist_service_id_793a38a6_fk_crmapp_se` (`service_id`),
  KEY `crmapp_techworklist_technician_id_2d9158fa_fk_auth_user_id` (`technician_id`),
  CONSTRAINT `crmapp_techworklist_service_id_793a38a6_fk_crmapp_se` FOREIGN KEY (`service_id`) REFERENCES `crmapp_service_management` (`id`),
  CONSTRAINT `crmapp_techworklist_technician_id_2d9158fa_fk_auth_user_id` FOREIGN KEY (`technician_id`) REFERENCES `auth_user` (`id`)
) ENGINE=InnoDB AUTO_INCREMENT=110 DEFAULT CHARSET=utf8mb4 COLLATE=utf8mb4_0900_ai_ci;
/*!40101 SET character_set_client = @saved_cs_client */;

--
-- Dumping data for table `crmapp_techworklist`
--

LOCK TABLES `crmapp_techworklist` WRITE;
/*!40000 ALTER TABLE `crmapp_techworklist` DISABLE KEYS */;
INSERT INTO `crmapp_techworklist` VALUES (1,'Completed','photos/signatures/signature_1_VNlgias.png','2025-07-07 10:50:51.227992',6,3,0,NULL,NULL,NULL,NULL),(2,'Pending','photos/signatures/signature_2_T9XWaAb.png','2025-07-03 06:09:46.705618',11,3,0,NULL,NULL,NULL,NULL),(10,'Completed','photos/signatures/signature_9_bJ9hZry.png','2025-07-10 18:05:12.440522',19,3,0,NULL,NULL,NULL,NULL),(15,'Pending','','2025-07-11 07:26:30.043449',7,3,0,NULL,NULL,NULL,NULL),(17,'Pending','','2025-07-18 12:13:09.720840',5,8,0,NULL,NULL,NULL,NULL),(18,'Pending','','2025-07-19 05:42:14.340633',26,18,0,NULL,NULL,NULL,NULL),(19,'Pending','','2025-07-19 05:45:27.820959',26,18,0,NULL,NULL,NULL,NULL),(21,'Pending','','2025-07-19 06:28:17.913571',28,18,0,NULL,NULL,NULL,NULL),(23,'Completed','photos/signatures/signature_18.png','2025-07-22 11:07:02.991675',31,17,0,NULL,NULL,NULL,NULL),(25,'Completed','photos/signatures/signature_17_M1Ig2gR.png','2025-07-22 11:23:00.651399',27,19,0,NULL,NULL,NULL,NULL),(26,'Completed','photos/signatures/signature_19_4b4lSfX.png','2025-07-23 12:11:04.050204',35,3,0,NULL,NULL,NULL,NULL),(27,'Completed','photos/signatures/signature_20_Vt0SkTE.png','2025-07-23 07:46:47.399737',35,3,0,NULL,NULL,NULL,NULL),(28,'Completed','photos/signatures/signature_21.png','2025-07-23 07:33:46.292434',36,22,0,NULL,NULL,NULL,NULL),(29,'Completed','photos/signatures/signature_22_O6miTNd.png','2025-07-26 10:58:44.012110',40,8,0,NULL,NULL,NULL,NULL),(30,'Pending','','2025-07-29 10:14:43.635135',38,3,0,NULL,NULL,NULL,NULL),(31,'Completed','photos/signatures/signature_24_7aS9lji.png','2025-07-30 09:01:51.816373',41,22,0,NULL,NULL,NULL,NULL),(32,'Completed','photos/signatures/signature_25.png','2025-07-30 09:13:49.456914',42,17,0,NULL,NULL,NULL,NULL),(33,'Completed','photos/signatures/signature_26.png','2025-07-30 07:24:28.820715',43,22,0,NULL,NULL,NULL,NULL),(34,'Pending','','2025-08-02 04:29:33.390730',45,8,0,NULL,NULL,NULL,NULL),(35,'Completed','photos/signatures/signature_28.png','2025-08-02 06:42:50.811510',45,8,0,NULL,NULL,NULL,NULL),(37,'Completed','photos/signatures/signature_29.png','2025-08-02 06:06:22.675912',46,17,0,NULL,NULL,NULL,NULL),(38,'Pending','','2025-08-07 05:18:44.826316',50,3,0,NULL,NULL,NULL,NULL),(39,'Pending','','2025-08-08 06:54:00.376935',51,22,0,NULL,NULL,NULL,NULL),(40,'Pending','','2025-08-12 05:07:20.932082',52,26,0,NULL,NULL,NULL,NULL),(41,'Pending','','2025-08-13 07:43:08.576786',55,17,0,NULL,NULL,NULL,NULL),(42,'Pending','','2025-08-16 05:22:51.081992',62,17,0,NULL,NULL,NULL,NULL),(43,'Pending','','2025-08-18 12:13:51.374371',64,3,0,NULL,NULL,NULL,NULL),(44,'Pending','','2025-08-22 11:14:56.502049',61,17,0,NULL,NULL,NULL,NULL),(45,'Pending','','2025-08-22 11:15:06.165866',61,17,0,NULL,NULL,NULL,NULL),(46,'Pending','','2025-08-22 11:16:19.472415',57,8,0,NULL,NULL,NULL,NULL),(47,'Pending','','2025-08-22 11:17:00.768836',29,8,0,NULL,NULL,NULL,NULL),(48,'Pending','','2025-08-22 11:17:32.084714',15,17,0,NULL,NULL,NULL,NULL),(49,'Pending','','2025-08-22 11:18:04.312334',47,17,0,NULL,NULL,NULL,NULL),(50,'Pending','','2025-09-13 09:56:09.792788',76,31,1,NULL,NULL,NULL,NULL),(52,'Completed','photos/signatures/signature_45.png','2025-09-17 07:58:10.728230',80,8,1,NULL,'UPI','Full Payment',0.00),(60,'Pending','','2025-09-18 04:25:20.716690',83,18,1,NULL,NULL,NULL,NULL),(67,'Pending','','2025-09-19 07:25:01.581005',53,19,1,NULL,NULL,NULL,NULL),(68,'Pending','','2025-09-19 07:26:08.081173',75,19,1,NULL,NULL,NULL,NULL),(69,'Pending','','2025-09-19 07:26:08.089538',75,21,1,NULL,NULL,NULL,NULL),(70,'Completed','photos/signatures/signature_49.png','2025-09-19 12:37:09.095448',84,36,0,NULL,'Cash','Full Payment',0.00),(71,'Pending','','2025-09-20 08:21:33.037544',33,19,1,NULL,NULL,NULL,NULL),(72,'Pending','','2025-09-20 08:21:33.045644',33,21,1,NULL,NULL,NULL,NULL),(73,'Pending','','2025-09-20 09:16:21.830126',87,19,1,NULL,NULL,NULL,NULL),(74,'Pending','','2025-09-20 10:31:39.649881',68,3,1,NULL,NULL,NULL,NULL),(76,'Completed','photos/signatures/signature_55.png','2025-09-23 08:30:07.439929',88,36,0,NULL,'Cash','Full Payment',800.00),(77,'Pending','','2025-09-20 14:57:15.664737',89,22,1,NULL,NULL,NULL,NULL),(78,'Pending','','2025-09-20 15:14:07.818992',90,18,1,NULL,NULL,NULL,NULL),(79,'Pending','','2025-09-22 05:17:08.015723',91,3,1,NULL,NULL,NULL,NULL),(80,'Pending','','2025-09-25 05:36:19.112679',95,26,1,NULL,NULL,NULL,NULL),(82,'Pending','','2025-09-27 03:38:44.104414',96,8,1,NULL,NULL,NULL,NULL),(83,'Pending','','2025-09-27 05:25:18.600451',100,3,1,NULL,NULL,NULL,NULL),(84,'Pending','','2025-09-27 05:26:38.773828',98,26,1,NULL,NULL,NULL,NULL),(85,'Pending','','2025-09-27 05:28:55.175832',99,26,1,NULL,NULL,NULL,NULL),(86,'Pending','','2025-09-27 05:56:19.897938',97,22,1,NULL,NULL,NULL,NULL),(87,'Pending','','2025-09-27 12:15:30.945215',101,3,1,NULL,NULL,NULL,NULL),(88,'Completed','photos/signatures/signature_66.png','2025-09-29 09:42:59.658713',103,8,1,NULL,'UPI','',0.00),(89,'Pending','','2025-09-30 04:39:39.599462',102,26,1,NULL,NULL,NULL,NULL),(90,'Completed','photos/signatures/signature_68.png','2025-10-01 07:20:21.496402',104,3,1,NULL,'UPI','Full Payment',0.00),(91,'Pending','','2025-10-04 05:03:07.259632',107,18,1,NULL,NULL,NULL,NULL),(92,'Pending','','2025-10-04 05:09:52.930683',106,18,1,NULL,NULL,NULL,NULL),(93,'Pending','','2025-10-04 06:42:54.745887',32,19,1,NULL,NULL,NULL,NULL),(94,'Completed','photos/signatures/signature_72.png','2025-10-15 06:55:04.057116',111,31,1,NULL,'UPI','Full Payment',0.00),(95,'Pending','','2025-10-15 08:33:38.750333',114,31,1,NULL,NULL,NULL,NULL),(96,'Completed','photos/signatures/signature_74.png','2025-10-17 06:37:12.022570',115,31,1,NULL,'UPI','Half Payment',1500.00),(97,'Pending','','2025-10-17 05:28:52.533374',116,26,1,NULL,NULL,NULL,NULL),(98,'Pending','','2025-10-17 05:29:45.492498',113,8,1,NULL,NULL,NULL,NULL),(99,'Pending','','2025-10-28 04:24:51.187439',123,18,1,NULL,NULL,NULL,NULL),(100,'Pending','','2025-10-28 04:26:57.298290',118,3,1,NULL,NULL,NULL,NULL),(101,'Pending','','2025-10-28 04:27:29.999065',3,18,1,NULL,NULL,NULL,NULL),(102,'Pending','','2025-10-28 04:28:23.887011',71,8,1,NULL,NULL,NULL,NULL),(103,'Pending','','2025-10-28 04:28:58.333273',110,8,1,NULL,NULL,NULL,NULL),(104,'Pending','','2025-10-28 04:29:10.061218',82,8,1,NULL,NULL,NULL,NULL),(105,'Pending','','2025-10-28 04:29:27.320839',37,8,1,NULL,NULL,NULL,NULL),(106,'Pending','','2025-10-28 04:29:42.409548',77,18,1,NULL,NULL,NULL,NULL),(107,'Pending','','2025-10-28 04:29:54.817478',9,8,1,NULL,NULL,NULL,NULL),(108,'Pending','','2025-10-28 04:30:18.055805',105,3,1,NULL,NULL,NULL,NULL),(109,'Pending','','2025-10-28 04:30:30.321405',58,8,1,NULL,NULL,NULL,NULL);
/*!40000 ALTER TABLE `crmapp_techworklist` ENABLE KEYS */;
UNLOCK TABLES;

--
-- Table structure for table `crmapp_techworklist_payment_photos`
--

DROP TABLE IF EXISTS `crmapp_techworklist_payment_photos`;
/*!40101 SET @saved_cs_client     = @@character_set_client */;
/*!50503 SET character_set_client = utf8mb4 */;
CREATE TABLE `crmapp_techworklist_payment_photos` (
  `id` bigint NOT NULL AUTO_INCREMENT,
  `techworklist_id` bigint NOT NULL,
  `uploadedfile_id` bigint NOT NULL,
  PRIMARY KEY (`id`),
  UNIQUE KEY `crmapp_techworklist_paym_techworklist_id_uploaded_a602a4c9_uniq` (`techworklist_id`,`uploadedfile_id`),
  KEY `crmapp_techworklist__uploadedfile_id_6cca6bd8_fk_crmapp_up` (`uploadedfile_id`),
  CONSTRAINT `crmapp_techworklist__techworklist_id_893ca35d_fk_crmapp_te` FOREIGN KEY (`techworklist_id`) REFERENCES `crmapp_techworklist` (`id`),
  CONSTRAINT `crmapp_techworklist__uploadedfile_id_6cca6bd8_fk_crmapp_up` FOREIGN KEY (`uploadedfile_id`) REFERENCES `crmapp_uploadedfile` (`id`)
) ENGINE=InnoDB AUTO_INCREMENT=14 DEFAULT CHARSET=utf8mb4 COLLATE=utf8mb4_0900_ai_ci;
/*!40101 SET character_set_client = @saved_cs_client */;

--
-- Dumping data for table `crmapp_techworklist_payment_photos`
--

LOCK TABLES `crmapp_techworklist_payment_photos` WRITE;
/*!40000 ALTER TABLE `crmapp_techworklist_payment_photos` DISABLE KEYS */;
INSERT INTO `crmapp_techworklist_payment_photos` VALUES (1,1,3),(4,23,19),(6,29,33),(8,31,39),(9,32,42),(7,33,36),(11,35,49),(10,37,45),(12,88,58),(13,90,61);
/*!40000 ALTER TABLE `crmapp_techworklist_payment_photos` ENABLE KEYS */;
UNLOCK TABLES;

--
-- Table structure for table `crmapp_techworklist_photos_after_service`
--

DROP TABLE IF EXISTS `crmapp_techworklist_photos_after_service`;
/*!40101 SET @saved_cs_client     = @@character_set_client */;
/*!50503 SET character_set_client = utf8mb4 */;
CREATE TABLE `crmapp_techworklist_photos_after_service` (
  `id` bigint NOT NULL AUTO_INCREMENT,
  `techworklist_id` bigint NOT NULL,
  `uploadedfile_id` bigint NOT NULL,
  PRIMARY KEY (`id`),
  UNIQUE KEY `crmapp_techworklist_phot_techworklist_id_uploaded_087a716f_uniq` (`techworklist_id`,`uploadedfile_id`),
  KEY `crmapp_techworklist__uploadedfile_id_debfdab7_fk_crmapp_up` (`uploadedfile_id`),
  CONSTRAINT `crmapp_techworklist__techworklist_id_38cb0953_fk_crmapp_te` FOREIGN KEY (`techworklist_id`) REFERENCES `crmapp_techworklist` (`id`),
  CONSTRAINT `crmapp_techworklist__uploadedfile_id_debfdab7_fk_crmapp_up` FOREIGN KEY (`uploadedfile_id`) REFERENCES `crmapp_uploadedfile` (`id`)
) ENGINE=InnoDB AUTO_INCREMENT=25 DEFAULT CHARSET=utf8mb4 COLLATE=utf8mb4_0900_ai_ci;
/*!40101 SET character_set_client = @saved_cs_client */;

--
-- Dumping data for table `crmapp_techworklist_photos_after_service`
--

LOCK TABLES `crmapp_techworklist_photos_after_service` WRITE;
/*!40000 ALTER TABLE `crmapp_techworklist_photos_after_service` DISABLE KEYS */;
INSERT INTO `crmapp_techworklist_photos_after_service` VALUES (1,1,2),(3,10,8),(7,23,18),(9,25,24),(12,26,30),(11,27,28),(10,28,26),(13,29,32),(15,31,38),(16,32,41),(14,33,35),(18,35,48),(17,37,44),(19,52,53),(20,76,55),(21,88,57),(22,90,60),(23,94,63),(24,96,65);
/*!40000 ALTER TABLE `crmapp_techworklist_photos_after_service` ENABLE KEYS */;
UNLOCK TABLES;

--
-- Table structure for table `crmapp_techworklist_photos_before_service`
--

DROP TABLE IF EXISTS `crmapp_techworklist_photos_before_service`;
/*!40101 SET @saved_cs_client     = @@character_set_client */;
/*!50503 SET character_set_client = utf8mb4 */;
CREATE TABLE `crmapp_techworklist_photos_before_service` (
  `id` bigint NOT NULL AUTO_INCREMENT,
  `techworklist_id` bigint NOT NULL,
  `uploadedfile_id` bigint NOT NULL,
  PRIMARY KEY (`id`),
  UNIQUE KEY `crmapp_techworklist_phot_techworklist_id_uploaded_6445d651_uniq` (`techworklist_id`,`uploadedfile_id`),
  KEY `crmapp_techworklist__uploadedfile_id_4f11001f_fk_crmapp_up` (`uploadedfile_id`),
  CONSTRAINT `crmapp_techworklist__techworklist_id_9c89ae95_fk_crmapp_te` FOREIGN KEY (`techworklist_id`) REFERENCES `crmapp_techworklist` (`id`),
  CONSTRAINT `crmapp_techworklist__uploadedfile_id_4f11001f_fk_crmapp_up` FOREIGN KEY (`uploadedfile_id`) REFERENCES `crmapp_uploadedfile` (`id`)
) ENGINE=InnoDB AUTO_INCREMENT=29 DEFAULT CHARSET=utf8mb4 COLLATE=utf8mb4_0900_ai_ci;
/*!40101 SET character_set_client = @saved_cs_client */;

--
-- Dumping data for table `crmapp_techworklist_photos_before_service`
--

LOCK TABLES `crmapp_techworklist_photos_before_service` WRITE;
/*!40000 ALTER TABLE `crmapp_techworklist_photos_before_service` DISABLE KEYS */;
INSERT INTO `crmapp_techworklist_photos_before_service` VALUES (1,1,1),(3,10,7),(8,23,17),(10,25,23),(13,26,29),(12,27,27),(11,28,25),(14,29,31),(16,31,37),(17,32,40),(15,33,34),(19,35,46),(20,35,47),(18,37,43),(21,52,50),(22,52,51),(23,52,52),(24,76,54),(25,88,56),(26,90,59),(27,94,62),(28,96,64);
/*!40000 ALTER TABLE `crmapp_techworklist_photos_before_service` ENABLE KEYS */;
UNLOCK TABLES;

--
-- Table structure for table `crmapp_techworklist_work`
--

DROP TABLE IF EXISTS `crmapp_techworklist_work`;
/*!40101 SET @saved_cs_client     = @@character_set_client */;
/*!50503 SET character_set_client = utf8mb4 */;
CREATE TABLE `crmapp_techworklist_work` (
  `id` bigint NOT NULL AUTO_INCREMENT,
  `techworklist_id` bigint NOT NULL,
  `workallocation_id` bigint NOT NULL,
  PRIMARY KEY (`id`),
  UNIQUE KEY `crmapp_techworklist_work_techworklist_id_workallo_a41b4ca9_uniq` (`techworklist_id`,`workallocation_id`),
  KEY `crmapp_techworklist__workallocation_id_587d3f51_fk_crmapp_wo` (`workallocation_id`),
  CONSTRAINT `crmapp_techworklist__techworklist_id_6cee71e9_fk_crmapp_te` FOREIGN KEY (`techworklist_id`) REFERENCES `crmapp_techworklist` (`id`),
  CONSTRAINT `crmapp_techworklist__workallocation_id_587d3f51_fk_crmapp_wo` FOREIGN KEY (`workallocation_id`) REFERENCES `crmapp_workallocation` (`id`)
) ENGINE=InnoDB AUTO_INCREMENT=110 DEFAULT CHARSET=utf8mb4 COLLATE=utf8mb4_0900_ai_ci;
/*!40101 SET character_set_client = @saved_cs_client */;

--
-- Dumping data for table `crmapp_techworklist_work`
--

LOCK TABLES `crmapp_techworklist_work` WRITE;
/*!40000 ALTER TABLE `crmapp_techworklist_work` DISABLE KEYS */;
INSERT INTO `crmapp_techworklist_work` VALUES (1,1,1),(2,2,2),(10,10,9),(15,15,3),(17,17,13),(18,18,14),(21,21,16),(23,23,18),(25,25,17),(26,26,19),(27,27,20),(28,28,21),(29,29,22),(30,30,23),(31,31,24),(32,32,25),(33,33,26),(34,34,27),(35,35,28),(37,37,29),(38,38,30),(39,39,31),(40,40,32),(41,41,33),(42,42,34),(43,43,35),(44,44,36),(45,45,37),(46,46,38),(47,47,39),(48,48,40),(49,49,41),(50,50,44),(52,52,45),(60,60,47),(67,67,48),(68,68,46),(69,69,46),(70,70,49),(71,71,52),(72,72,52),(73,73,53),(74,74,54),(76,76,55),(77,77,56),(78,78,57),(79,79,58),(80,80,59),(82,82,61),(83,83,62),(84,84,63),(85,85,64),(86,86,60),(87,87,65),(88,88,66),(89,89,67),(90,90,68),(91,91,69),(92,92,70),(93,93,71),(94,94,72),(95,95,73),(96,96,74),(97,97,75),(98,98,76),(99,99,77),(100,100,79),(101,101,80),(102,102,83),(103,103,86),(104,104,87),(105,105,88),(106,106,89),(107,107,90),(108,108,92),(109,109,93);
/*!40000 ALTER TABLE `crmapp_techworklist_work` ENABLE KEYS */;
UNLOCK TABLES;

--
-- Table structure for table `crmapp_thirdfollowup`
--

DROP TABLE IF EXISTS `crmapp_thirdfollowup`;
/*!40101 SET @saved_cs_client     = @@character_set_client */;
/*!50503 SET character_set_client = utf8mb4 */;
CREATE TABLE `crmapp_thirdfollowup` (
  `id` bigint NOT NULL AUTO_INCREMENT,
  `thirdremark` varchar(100) NOT NULL,
  `fourthfollowupdate` date NOT NULL,
  `lead_id` bigint DEFAULT NULL,
  PRIMARY KEY (`id`),
  KEY `crmapp_thirdfollowup_lead_id_875a3c0c_fk_crmapp_le` (`lead_id`),
  CONSTRAINT `crmapp_thirdfollowup_lead_id_875a3c0c_fk_crmapp_le` FOREIGN KEY (`lead_id`) REFERENCES `crmapp_lead_management` (`id`)
) ENGINE=InnoDB DEFAULT CHARSET=utf8mb4 COLLATE=utf8mb4_0900_ai_ci;
/*!40101 SET character_set_client = @saved_cs_client */;

--
-- Dumping data for table `crmapp_thirdfollowup`
--

LOCK TABLES `crmapp_thirdfollowup` WRITE;
/*!40000 ALTER TABLE `crmapp_thirdfollowup` DISABLE KEYS */;
/*!40000 ALTER TABLE `crmapp_thirdfollowup` ENABLE KEYS */;
UNLOCK TABLES;

--
-- Table structure for table `crmapp_uploadedfile`
--

DROP TABLE IF EXISTS `crmapp_uploadedfile`;
/*!40101 SET @saved_cs_client     = @@character_set_client */;
/*!50503 SET character_set_client = utf8mb4 */;
CREATE TABLE `crmapp_uploadedfile` (
  `id` bigint NOT NULL AUTO_INCREMENT,
  `file` varchar(100) NOT NULL,
  `uploaded_at` datetime(6) NOT NULL,
  PRIMARY KEY (`id`)
) ENGINE=InnoDB AUTO_INCREMENT=66 DEFAULT CHARSET=utf8mb4 COLLATE=utf8mb4_0900_ai_ci;
/*!40101 SET character_set_client = @saved_cs_client */;

--
-- Dumping data for table `crmapp_uploadedfile`
--

LOCK TABLES `crmapp_uploadedfile` WRITE;
/*!40000 ALTER TABLE `crmapp_uploadedfile` DISABLE KEYS */;
INSERT INTO `crmapp_uploadedfile` VALUES (1,'uploads/Screenshot_2025-07-04_205520.png','2025-07-07 10:50:51.171124'),(2,'uploads/Screenshot_2025-07-04_205520_EaduBhd.png','2025-07-07 10:50:51.193542'),(3,'uploads/Screenshot_2025-07-04_205520_J9xy8L9.png','2025-07-07 10:50:51.213238'),(4,'uploads/WhatsApp_Image_2025-07-10_at_2.37.43_PM.jpeg','2025-07-10 11:57:08.086980'),(5,'uploads/WhatsApp_Image_2025-07-10_at_2_3U90pDx.37.43_PM.jpeg','2025-07-10 11:57:08.100315'),(6,'uploads/WhatsApp_Image_2025-07-10_at_2_mOIFSij.37.43_PM.jpeg','2025-07-10 11:57:08.119463'),(7,'uploads/image.jpg','2025-07-10 18:05:12.408224'),(8,'uploads/image_Agt2UVu.jpg','2025-07-10 18:05:12.422087'),(9,'uploads/fresh-herbs-with-mortar-pestle.jpg','2025-07-21 08:06:56.837393'),(10,'uploads/futuristic-technology-concept.jpg','2025-07-21 08:06:56.855426'),(11,'uploads/gardening-equipment-with-peat-pots-plant-gardening-gloves-wooden-table.jpg','2025-07-21 08:06:56.918311'),(12,'uploads/Inddor_plant.avif','2025-07-21 08:06:56.928279'),(13,'uploads/Green_Superba_.jpg','2025-07-21 08:06:56.937846'),(14,'uploads/Lipstics_plant.jpg','2025-07-21 08:06:56.947862'),(15,'uploads/Pink_valentine_.jpg','2025-07-21 08:06:56.957408'),(16,'uploads/Pink_valentine__ga0nJmT.jpg','2025-07-21 08:06:56.974228'),(17,'uploads/Akash_Rathod.jpeg','2025-07-22 11:07:02.949495'),(18,'uploads/Akash_2.jpeg','2025-07-22 11:07:02.970342'),(19,'uploads/Akash_3.jpeg','2025-07-22 11:07:02.982426'),(20,'uploads/17531827428774518888663923035538.jpg','2025-07-22 11:11:48.915333'),(21,'uploads/17531827616561255823617308416141.jpg','2025-07-22 11:11:48.938181'),(22,'uploads/17531827837945348327475788935640.jpg','2025-07-22 11:11:48.981389'),(23,'uploads/17531834417925164639469314901033.jpg','2025-07-22 11:23:00.597692'),(24,'uploads/17531834518598571114830089156471.jpg','2025-07-22 11:23:00.632119'),(25,'uploads/IMG20250723125407.jpg','2025-07-23 07:33:46.257051'),(26,'uploads/IMG20250723123829.jpg','2025-07-23 07:33:46.276052'),(27,'uploads/IMG_20250723_121414.jpg','2025-07-23 07:46:47.356814'),(28,'uploads/17532567159118439384779135191735.jpg','2025-07-23 07:46:47.379896'),(29,'uploads/IMG_20250723_121414_cecOojo.jpg','2025-07-23 12:11:04.003521'),(30,'uploads/IMG_20250723_124123.jpg','2025-07-23 12:11:04.026116'),(31,'uploads/17535273641191978209840105536680.jpg','2025-07-26 10:58:43.948542'),(32,'uploads/17535273859647029197656012219008.jpg','2025-07-26 10:58:43.975138'),(33,'uploads/17535274824367270461838600542313.jpg','2025-07-26 10:58:44.000517'),(34,'uploads/IMG20250730125023.jpg','2025-07-30 07:24:28.761967'),(35,'uploads/IMG20250730125039.jpg','2025-07-30 07:24:28.780287'),(36,'uploads/IMG20250730125001.jpg','2025-07-30 07:24:28.807306'),(37,'uploads/IMG20250730135115.jpg','2025-07-30 09:01:51.771590'),(38,'uploads/IMG20250730141725.jpg','2025-07-30 09:01:51.785039'),(39,'uploads/IMG20250730142659.jpg','2025-07-30 09:01:51.805642'),(40,'uploads/1000011654.jpg','2025-07-30 09:13:49.402937'),(41,'uploads/IMG20250730110021.jpg','2025-07-30 09:13:49.424344'),(42,'uploads/IMG20250730115750.jpg','2025-07-30 09:13:49.445819'),(43,'uploads/IMG20250802112932.jpg','2025-08-02 06:06:22.620711'),(44,'uploads/IMG20250802112938.jpg','2025-08-02 06:06:22.641036'),(45,'uploads/17541147614568631301072101410739.jpg','2025-08-02 06:06:22.664205'),(46,'uploads/17541148023046385021811378151558.jpg','2025-08-02 06:42:50.762181'),(47,'uploads/17541148393627215997452325698024.jpg','2025-08-02 06:42:50.774996'),(48,'uploads/17541166260684736717985603793204.jpg','2025-08-02 06:42:50.785057'),(49,'uploads/17541169338212135116349450796193.jpg','2025-08-02 06:42:50.800949'),(50,'uploads/17580925397301097354546293073644.jpg','2025-09-17 07:58:10.683854'),(51,'uploads/17580927898353258859299755405264.jpg','2025-09-17 07:58:10.693072'),(52,'uploads/17580928242237340371231814046515.jpg','2025-09-17 07:58:10.703791'),(53,'uploads/17580957686183080314415764449092.jpg','2025-09-17 07:58:10.714678'),(54,'uploads/17586161688494942342941020135328.jpg','2025-09-23 08:30:07.407204'),(55,'uploads/17586162023921107134229079286619.jpg','2025-09-23 08:30:07.425540'),(56,'uploads/17591383125721465887638039772092.jpg','2025-09-29 09:42:59.628922'),(57,'uploads/1759138875822530613220531651016.jpg','2025-09-29 09:42:59.637820'),(58,'uploads/17591390705045427328817754041048.jpg','2025-09-29 09:42:59.647591'),(59,'uploads/IMG_20251001_124004.jpg','2025-10-01 07:20:21.461150'),(60,'uploads/IMG_20251001_124014.jpg','2025-10-01 07:20:21.472774'),(61,'uploads/1000226001.jpg','2025-10-01 07:20:21.486109'),(62,'uploads/17605113457947353047256345129381.jpg','2025-10-15 06:55:04.032216'),(63,'uploads/17605113553773825386119126959735.jpg','2025-10-15 06:55:04.042106'),(64,'uploads/17606825176366749781009201681892.jpg','2025-10-17 06:37:11.997287'),(65,'uploads/17606825273238530869626135592819.jpg','2025-10-17 06:37:12.007910');
/*!40000 ALTER TABLE `crmapp_uploadedfile` ENABLE KEYS */;
UNLOCK TABLES;

--
-- Table structure for table `crmapp_userprofile`
--

DROP TABLE IF EXISTS `crmapp_userprofile`;
/*!40101 SET @saved_cs_client     = @@character_set_client */;
/*!50503 SET character_set_client = utf8mb4 */;
CREATE TABLE `crmapp_userprofile` (
  `id` bigint NOT NULL AUTO_INCREMENT,
  `role` varchar(20) NOT NULL,
  `phone` varchar(15) DEFAULT NULL,
  `user_id` int NOT NULL,
  PRIMARY KEY (`id`),
  UNIQUE KEY `user_id` (`user_id`),
  CONSTRAINT `crmapp_userprofile_user_id_666b45e1_fk_auth_user_id` FOREIGN KEY (`user_id`) REFERENCES `auth_user` (`id`)
) ENGINE=InnoDB AUTO_INCREMENT=36 DEFAULT CHARSET=utf8mb4 COLLATE=utf8mb4_0900_ai_ci;
/*!40101 SET character_set_client = @saved_cs_client */;

--
-- Dumping data for table `crmapp_userprofile`
--

LOCK TABLES `crmapp_userprofile` WRITE;
/*!40000 ALTER TABLE `crmapp_userprofile` DISABLE KEYS */;
INSERT INTO `crmapp_userprofile` VALUES (1,'admin','1111111111',1),(2,'sales','9503102302',9),(3,'branch_manager','9890442304',13),(5,'sales','09503102302',15),(6,'technician','8329894984',3),(7,'sales','9503102303',16),(8,'admin','1234567890',2),(9,'technician','9022020118',8),(10,'technician','7887488910',17),(11,'technician','7447400612',18),(12,'technician','9322031514',19),(14,'technician',' 9325661413',21),(15,'technician','7796109398',22),(16,'admin','7774918071',23),(17,'branch_manager','9975957361',24),(18,'admin','8888829985',25),(19,'technician','9325690841',26),(20,'branch_manager','9112005112',27),(21,'branch_manager','7447400616',28),(22,'branch_manager','7447400615',29),(23,'branch_manager','7887884482',30),(24,'technician','9356308207',31),(25,'branch_manager','7420077360',32),(26,'technician','09137511549',33),(27,'sales','7030901567',34),(28,'operation_person','9112005113',35),(29,'technician','7887884483',36),(30,'technician','9691320837',37),(31,'technician','9981127533',38),(32,'technician','8815724714',39),(33,'branch_manager','7420077358',40),(34,'branch_manager','8106562912',41),(35,'sales','8600405679',42);
/*!40000 ALTER TABLE `crmapp_userprofile` ENABLE KEYS */;
UNLOCK TABLES;

--
-- Table structure for table `crmapp_workallocation`
--

DROP TABLE IF EXISTS `crmapp_workallocation`;
/*!40101 SET @saved_cs_client     = @@character_set_client */;
/*!50503 SET character_set_client = utf8mb4 */;
CREATE TABLE `crmapp_workallocation` (
  `id` bigint NOT NULL AUTO_INCREMENT,
  `customer_contact` varchar(15) NOT NULL,
  `customer_address` varchar(1000) NOT NULL,
  `gps_location` varchar(200) DEFAULT NULL,
  `work_description` longtext NOT NULL,
  `customer_payment_status` varchar(20) NOT NULL,
  `payment_amount` decimal(10,2) NOT NULL,
  `allocated_datetime` datetime(6) NOT NULL,
  `created_at` datetime(6) NOT NULL,
  `status` varchar(10) NOT NULL,
  `fullname` varchar(100) NOT NULL,
  `service_id` bigint NOT NULL,
  PRIMARY KEY (`id`),
  KEY `crmapp_workallocatio_service_id_f9c8b590_fk_crmapp_se` (`service_id`),
  CONSTRAINT `crmapp_workallocatio_service_id_f9c8b590_fk_crmapp_se` FOREIGN KEY (`service_id`) REFERENCES `crmapp_service_management` (`id`)
) ENGINE=InnoDB AUTO_INCREMENT=94 DEFAULT CHARSET=utf8mb4 COLLATE=utf8mb4_0900_ai_ci;
/*!40101 SET character_set_client = @saved_cs_client */;

--
-- Dumping data for table `crmapp_workallocation`
--

LOCK TABLES `crmapp_workallocation` WRITE;
/*!40000 ALTER TABLE `crmapp_workallocation` DISABLE KEYS */;
INSERT INTO `crmapp_workallocation` VALUES (1,'9890301725','Bhosari, Pune, Maharashtra - 411026','https://maps.app.goo.gl/KLMcXdE2JPcTnamK8','BBM Service- 1 BHK','Completed',3000.00,'2025-06-25 09:58:15.802661','2025-06-25 09:58:15.803024','Completed','Uday Kalhapure',6),(2,'8178678779','SFS Pune, Pune, Maharashtra - 412101','https://maps.app.goo.gl/YYmy2y1owQ5ZgB7X6','2 BHK- Spray & Gel','Completed',2000.00,'2025-07-03 06:09:46.688304','2025-07-03 06:09:46.688727','workdesk','Yogesh Shete',11),(3,'9987128731','53, Govind Smruti Shailesh Society Off Samarth Path Near Alankar Police Chowky Pune 411052, Pune, Maharashtra - 411052','https://maps.app.goo.gl/gdBzTm49h2Gk37ak9','Chember Spray and 3 BHK- Spray and gel\r\n','Completed',4800.00,'2025-07-03 06:22:27.783336','2025-07-03 06:22:27.783680','workdesk','Anil Vaidya',7),(4,'9823399512','Nigdi, Pune, Maharashtra - 411044','https://maps.google.com/?q=18.666203,73.764595','Spray Gel','Completed',1800.00,'2025-07-10 11:05:22.273440','2025-07-10 11:05:22.273855','workdesk','Tooshar Bendale',16),(5,'9823399512','Nigdi, Pune, Maharashtra - 411044','https://maps.google.com/?q=18.666203,73.764595','Spray Gel','Completed',1800.00,'2025-07-10 11:08:11.642327','2025-07-10 11:08:11.642700','workdesk','Tooshar Bendale',16),(6,'9890182445','Chinchwad, Pune, Maharashtra - 412101','https://maps.app.goo.gl/iZP26oiQEu8AxaYv5','Spray gel','Completed',2500.00,'2025-07-10 11:38:55.565993','2025-07-10 11:38:55.566491','Completed','Ashwini Shinde',10),(7,'8888433684','B603 Sai parktown behind lekha farm uttam nagar kiwale-412101, Pune, Maharashtra - 412101',' https://g.co/kgs/YsdQ6tc','Spray','Completed',3501.00,'2025-07-10 11:51:59.352513','2025-07-10 11:51:59.352938','workdesk','Ruchi Chetan Bonde',1),(8,'8888433684','B603 Sai parktown behind lekha farm uttam nagar kiwale-412101, Pune, Maharashtra - 412101',' https://g.co/kgs/YsdQ6tc','Spray','Completed',3501.00,'2025-07-10 11:51:59.390833','2025-07-10 11:51:59.391097','workdesk','Ruchi Chetan Bonde',1),(9,'9325661413','Test, Test, Maharashtra - 111','https://maps.app.goo.gl/sXz5vMzXww3KvHZD8?g_st=com.google.chrome.ios.OpenExtension','Na','Completed',145.14,'2025-07-10 18:03:02.124422','2025-07-10 18:03:02.124911','Completed','Tanmay (test record)',19),(10,'9588499972','Gate No 1559-1560 Dehu Alandi Rd Shelarwadi Chikhali Pune., Pune, Maharashtra - 412114','https://maps.app.goo.gl/eJ6AGmfpsThLZrfc6','Spray','Completed',35400.00,'2025-07-11 06:57:29.403187','2025-07-11 06:57:29.403692','workdesk','Techno Vision Engineers Pvt Ltd',20),(13,'8850544253','103, Vaishnavi Homes, B wing , near sarkar chowk Marunji pune, Pune, Maharashtra - 411057','https://maps.app.goo.gl/6qGiwFrCjcZRCkqW7','spray and gel','Completed',1700.00,'2025-07-18 12:13:09.708695','2025-07-18 12:13:09.709043','workdesk','Pankaj Pandurang Patil ',5),(14,'8381006111','Ravet, Pune, Maharashtra - 412101','https://g.co/kgs/PKf4zYB','Cockroach Management- spray and gel','Completed',2000.00,'2025-07-19 05:42:14.322407','2025-07-19 05:42:14.322892','workdesk','Arviend Chauhan',26),(16,'9175722125','A307,19 Grand west , near Dange chowk, Thergaon  , Pune, Maharashtra - 411033','https://maps.app.goo.gl/FxGAnUxrnUtqUYtw6','Cockroach Management Spray and Gel','Completed',3000.00,'2025-07-19 06:19:24.661502','2025-07-19 06:19:24.661935','workdesk','Shradha Kumbhar',28),(17,'9322031514',' abcd, Pune, Maharashtra - 411001','https://maps.app.goo.gl/C6YTM1VcGhCyiJPm9','pest control','Completed',1180.00,'2025-07-21 08:02:41.666729','2025-07-21 08:02:41.667069','Completed','Sakshi',27),(18,'9130033350','SFS Pune, Pune, Maharashtra - 412101','https://maps.app.goo.gl/E1X9RFweVwNSm31t7','Spray Gel','Pending',2000.00,'2025-07-22 06:15:21.748635','2025-07-22 06:15:21.748959','Completed','Sameer Bhamare,',31),(19,'9763361326','Shree Laxmidham, Block No. B 104 Sutarwadi Pashan Pune 411021, Pune, Maharashtra - 411021','https://maps.app.goo.gl/jDSZ6riTzXBXqXij6','Mosquito Management Spray','Pending',2900.00,'2025-07-23 06:06:06.929634','2025-07-23 06:06:06.930076','Completed','Shree Laxmidham',35),(20,'9763361326','Shree Laxmidham, Block No. B 104 Sutarwadi Pashan Pune 411021, Pune, Maharashtra - 411021','https://maps.app.goo.gl/jDSZ6riTzXBXqXij6','Mosquito Management Spray','Pending',2900.00,'2025-07-23 06:06:07.116617','2025-07-23 06:06:07.116925','Completed','Shree Laxmidham',35),(21,'9604715456','Vighnaharta Life Canvas St Tukaram Nagar Mamurdi Dehu Rd Pune, Pune, Maharashtra - 412101','https://share.google/JCpC2PFiHuM0Ov5wa','Beehive Spray','Completed',2500.00,'2025-07-23 07:03:33.459994','2025-07-23 07:03:33.460373','Completed','Vighnaharta Life Canvas',36),(22,'7020156201','304 Krushnai Imperio Behind Madhav Mithas Shinde vasti Pipeline Road Ravet, Pune, Maharashtra  - 412101','https://maps.app.goo.gl/YWKWfH2KXXJWQABq9?g_st=awb','Spray & Gel','Pending',2000.00,'2025-07-26 06:57:27.510469','2025-07-26 06:57:27.510922','Completed','Mangesh Chandratre',40),(23,'8381006111','Ravet, Pune, Maharashtra - 412101',' https://g.co/kgs/PKf4zYB','Cockroach Management ','Pending',2000.00,'2025-07-29 10:14:43.620864','2025-07-29 10:14:43.621238','workdesk','Arviend Chauhan',38),(24,'9422159444','Flat 1004, B wing Revanta, Opposite kiwale, Adarshnagar chowk, Ravet, Pune, Maharashtra - 412101','https://maps.app.goo.gl/DTDTMmJDQDKE2xbA9','Cockroach Management- Spray and Gel','Pending',3999.99,'2025-07-30 05:49:41.581899','2025-07-30 05:49:41.582303','Completed','Albert Santhiagu',41),(25,'9422311624','SFS Pune, Pune, Maharashtra - 412101','https://maps.app.goo.gl/MhsS7cfZWwnSbQji8','Bed Bugs Management- ','Pending',3500.00,'2025-07-30 05:55:14.264016','2025-07-30 05:55:14.264411','Completed','Karnail Singh',42),(26,'9371023451','Aditi Apartment, Flat no 301, Nehrunagar, Pimpri, Pune, Pune, Maharashtra - 411018','https://maps.app.goo.gl/Gq5EaY76d35NeXL16','Balcony Area- Prophylactic Treatment','Pending',1200.00,'2025-07-30 06:15:36.136682','2025-07-30 06:15:36.137050','Completed','Sangita Kirdat',43),(27,'9960046428','D102, Richmond park, kalewadi Rahatani road, Neat Thopte Lawns, Near Nakhate Petrol Pump, Pune, Maharashtra - 411017','https://maps.app.goo.gl/KJfjjxGrxSWp4E1Z7','3 BHK Cockroach Management Service- Spray and Gel','Pending',4999.98,'2025-08-02 04:29:33.374676','2025-08-02 04:29:33.375167','workdesk','Rohit Dalal',45),(28,'9960046428','D102, Richmond park, kalewadi Rahatani road, Neat Thopte Lawns, Near Nakhate Petrol Pump, Pune, Maharashtra - 411017','https://maps.app.goo.gl/KJfjjxGrxSWp4E1Z7','3 BHK Cockroach Management Service- Spray and Gel','Pending',4999.98,'2025-08-02 04:29:43.507754','2025-08-02 04:29:43.507907','Completed','Rohit Dalal',45),(29,'8898737899','Flat-104,Floor-1,Golden Copac wing A, behind Krishna Hotel, near Mukai Chowk, Opposite Devrai building, Near Mumbai pune express way,at kiwale 412101 , Pune, Maharashtra - 412101','https://maps.app.goo.gl/NkaSCuJB3SG8ZYFC8','2 BHK Cockroach Management- Spray and Gel','Completed',3499.98,'2025-08-02 05:41:56.328095','2025-08-02 05:41:56.328463','Completed','Hemesh Hemantkumar Bhole',46),(30,'8329579612','C1/303, Shree Venkatesh Puram, S. No. 33/11,34/2, Phale Nagar,  Ambegaon Budruk, Katraj Pune 411046.Aura hospital lane, Pune, Maharashtra - 411046','https://maps.app.goo.gl/XRf23dy8dcbLD8fc8','Bed Bugs Management - spray treatment','Pending',3400.00,'2025-08-07 05:18:44.811282','2025-08-07 05:18:44.811609','workdesk','Nilesh Misal',50),(31,'7410027616','Shrileela Row house No.1, Opposite KFC/Pizza Hut, Behind HDFC Bank, Baner, Pune, Pune, Maharashtra - 412101','https://maps.app.goo.gl/pTAb2wMGzDe5DktTA','Rodent Management Service','Pending',6000.00,'2025-08-08 06:54:00.362023','2025-08-08 06:54:00.362425','workdesk','Saloni Gambhir',51),(32,'9762789291','Flat No B15 4th Floor B wing Yashom lifespaces. S b patil school road Ravet Pune 412101., Pune, Maharashtra - 412101','https://maps.app.goo.gl/VNNCFfmhgiYsoRu18','Spray & Gel','Completed',2000.00,'2025-08-12 05:07:20.922470','2025-08-12 05:07:20.922687','workdesk','Anant Narkhede',52),(33,'8956293004','ROYAL ENTRADA SOCIETY, Bhumkar Nagar, Wakad, Pimpri-Chinchwad, Maharashtra 411057, Pune, Maharashtra - 411057','https://maps.app.goo.gl/9WhCsKPZFqAxyPEw8','2 BHK- Bed Bugs Management Service','Pending',4500.00,'2025-08-13 07:43:08.569768','2025-08-13 07:43:08.569981','workdesk','Pradeep Bareth',55),(34,'8380813986','Flat no H 1002, Ganga Amber, Ashok nagar, Tathawade 411033, Pune, Maharashtra - 411033','https://maps.app.goo.gl/QD36JKfWDhQHuUt9A','2 BHK Cockroach Management Service- Spray and Gel','Pending',3199.98,'2025-08-16 05:22:51.074907','2025-08-16 05:22:51.075125','workdesk','Nitin Magar',62),(35,'9634356475','KP Sqaure,41, 3, Telco Rd, Indira Nagar, Mohan Nagar, MIDC, Chinchwad, Pimpri-Chinchwad, Maharashtra 411019, Pune, Maharashtra - 411019','https://maps.app.goo.gl/dc1nHQmWcnMkM6H36','Sanitization Single Service- Office area','Completed',3540.00,'2025-08-18 12:13:51.366482','2025-08-18 12:13:51.366658','workdesk','Winsun Green Pvt. Ltd',64),(36,'9922161331','B-34, Forest County, EON Free Zone, Kharadi, Pune, Maharashtra 411014, Pune, Maharashtra - 411014','https://maps.app.goo.gl/c638furYxY4MiFNf8','Spray\r\n','Completed',3000.00,'2025-08-22 11:14:56.493806','2025-08-22 11:14:56.494070','workdesk','Biju kumar',61),(37,'9922161331','B-34, Forest County, EON Free Zone, Kharadi, Pune, Maharashtra 411014, Pune, Maharashtra - 411014','https://maps.app.goo.gl/c638furYxY4MiFNf8','Spray\r\n','Completed',3000.00,'2025-08-22 11:15:06.157441','2025-08-22 11:15:06.157594','workdesk','Biju kumar',61),(38,'8483974180','J-237/2, MIDC Bhosari Pune-411026, Pune, Maharashtra - 411026','https://maps.app.goo.gl/yg7P1D6bDWhZAf9s6?g_st=awb','Spray','Pending',5900.00,'2025-08-22 11:16:19.464112','2025-08-22 11:16:19.464293','workdesk','BITS Control And Solutions ',57),(39,'9860591872','K-61, Meena colony vikas nagar dehu road Near church., Pune, Maharashtra - 412101','https://maps.app.goo.gl/vyFFzN5yomCfQjAd7','Spray','Completed',4000.00,'2025-08-22 11:17:00.759717','2025-08-22 11:17:00.759875','workdesk','Chetan Chavan',29),(40,'8459943447','MQ33+C2 Ravet, Pimpri-Chinchwad, Maharashtra, Pune, Maharashtra - 412101','https://maps.app.goo.gl/NtLHrM17LXsAKRZNA','Spray','Completed',1500.00,'2025-08-22 11:17:32.077211','2025-08-22 11:17:32.077429','workdesk','Chinmay Patil',15),(41,'9173095043','R3, E-1905, Life Republic, Sr No. 74, Marunji Kasarsai Road, Hinjewadi-Mulshi, Pune, Pune, Maharashtra - 412101','https://maps.app.goo.gl/UXY81BjsHjt7Vknc6','Spray','Completed',3499.98,'2025-08-22 11:18:04.303203','2025-08-22 11:18:04.303403','workdesk','Dhaval Gujar',47),(42,'9960101587','A-76, Chemical Zone,MIDC Kurkumbh-413802, Pune, Maharashtra - 413802','https://maps.app.goo.gl/VjqUenpdSyr9RiDQA','Spray','Completed',1770.00,'2025-08-22 11:18:29.344432','2025-08-22 11:18:29.344644','Pending','JP Laboratories Pvt Ltd',65),(43,'9960101587','A-76, Chemical Zone,MIDC Kurkumbh-413802, Pune, Maharashtra - 413802','https://maps.app.goo.gl/VjqUenpdSyr9RiDQA','Spray','Completed',1770.00,'2025-08-22 11:18:29.390030','2025-08-22 11:18:29.390199','Pending','JP Laboratories Pvt Ltd',65),(44,'9322519080','Nirupam 2,H 305, Akurdi Gaothan, Sector No. 24, Dattawadi, Akurdi, Pimpri-Chinchwad, Maharashtra 411035, Pune, Maharashtra - 411035','https://maps.app.goo.gl/Z86qsKV7FyF9X1xE7?g_st=aw','Bed Bug Service- 1 BHK','Pending',2800.00,'2025-09-13 09:56:09.783864','2025-09-13 09:56:09.784145','Pending','Shivani Palekar',76),(45,'7028814592','Nigdi , Pune, Maharashtra  - 412101','https://maps.app.goo.gl/MG7fypAEezNgu1Uo8','Spray','UPI',3000.00,'2025-09-16 12:28:05.440963','2025-09-16 12:28:05.441198','Completed','Sakshi Thakur ',80),(46,'9325661413','Test, Test, Test - 111222','https://maps.app.goo.gl/Tkz8WtvTmRUFvJJaA','This is a testing','Pending',5000.00,'2025-09-17 09:20:18.672307','2025-09-17 09:20:18.672546','Pending','Tanmay (test record)',75),(47,'9820488541','G 2104, Puneville Phase 2, Pharande Spaces, Kate wasti, Punawale, Dattawadi, Pimpri Chinchwad, District Pune, Maharashtra - 411033, Pune, Maharashtra - 411033','https://maps.app.goo.gl/LpJhx4qaAZJKQYmG7?g_st=aw','Cockroach Management Service-Gel treatment in kitchen area and spray treatment at all the drainage of kitchen, bathroom and balcony','Pending',3399.99,'2025-09-18 04:25:20.708328','2025-09-18 04:25:20.708551','Pending','Amol Powle',83),(48,'9325661413','Test, Test, Test - 111222','https://maps.app.goo.gl/txpURkBRvZfXkKN1A','test 19/09/25','Pending',15816.00,'2025-09-19 07:25:01.555357','2025-09-19 07:25:01.555544','Pending','Tanmay (test record)',53),(49,'8109045666','116, Malay Residency B Block, Indore, Madhya Pradesh - 452016','https://maps.app.goo.gl/9riuEdJLgWzkHo5C9','2 BHK, Spray and Gel','Cash',1000.00,'2025-09-19 12:28:06.810376','2025-09-19 12:28:06.810535','Completed','Sneha Bhandari',84),(50,'9370287489','ICC Trade Tower, ‘A’ Wing, 5th Floor, Senapati Bapat Road, Shivajinagar, Pune 411016 , Pune, Maharashtra - 411016','https://maps.app.goo.gl/5YojZ7LD5s2RpxXTA?g_st=awb','Spray','Pending',55460.00,'2025-09-20 07:32:51.756951','2025-09-20 07:32:51.757183','Pending','Maharashtra Knowledge Corporation Ltd.',81),(51,'9370287489','ICC Trade Tower, ‘A’ Wing, 5th Floor, Senapati Bapat Road, Shivajinagar, Pune 411016 , Pune, Maharashtra - 411016','https://maps.app.goo.gl/5YojZ7LD5s2RpxXTA?g_st=awb','Spray','Pending',55460.00,'2025-09-20 07:35:56.289814','2025-09-20 07:35:56.289961','Pending','Maharashtra Knowledge Corporation Ltd.',81),(52,'9325661413','Test, Test, Test - 111','https://maps.app.goo.gl/Tkz8WtvTmRUFvJJaA','rerre','Pending',27440.00,'2025-09-20 08:21:33.006698','2025-09-20 08:21:33.006857','Pending','Tanmay (test record)',33),(53,'9325661413','Test, Test, Test - 111222','https://maps.app.goo.gl/Tkz8WtvTmRUFvJJaA','ww','Pending',58700.00,'2025-09-20 09:16:21.757838','2025-09-20 09:16:21.758059','Pending','Tanmay (test record)',87),(54,'9768463385','B1105, Vision Ace society, Tathawade Pune., Pune, Maharashtra - 411033','https://maps.app.goo.gl/iG2Ci5Mro83wyZV46','2 BHK- Cockroach Management Service\r\nSpray and Gel','Pending',3999.99,'2025-09-20 10:31:39.620897','2025-09-20 10:31:39.621143','Pending','Manish Donderiya',68),(55,'8602029149','HB-6, Gate No.2, Tashshila Parisar, Rajendra nagar, Indore, Madhya Pradesh - 452016','https://maps.app.goo.gl/6GSptn9JsUo7U6o88','First Spray then gel after 5 days','Cash',1800.00,'2025-09-20 10:50:58.956375','2025-09-20 10:50:58.956532','Completed','Gunjan',88),(56,'9822731155','Ravet, Pune, Maharashtra  - 412101','https://maps.app.goo.gl/N1X14CyMpPPPRDFv8','2 BHK Cockroach Management Service- spray and gel treatment ','Pending',3499.98,'2025-09-20 14:57:15.434780','2025-09-20 14:57:15.435055','Pending','Maruti Yadav',89),(57,'9975874123','Flat no 201, Aarohi Park,Meena Colony, Vikas Nagar Road, Kiwale 412101, Pune, Maharashtra  - 412101','https://maps.app.goo.gl/pCXFtgEWx1mqEvE59','1 BHK Cockroach Management - spray and gel ','Pending',2601.00,'2025-09-20 15:14:07.786329','2025-09-20 15:14:07.786537','Pending','Mayur Bharambe',90),(58,'9049027799','Tower 9 Flat No 2101Blue Ridge Hinjewadi Phase1, Pune, Maharashtra - 411057','https://maps.app.goo.gl/qHNkAwkjsk52kqG98','Gel treatment in kitchen area and spray treatment at all the drainage of kitchen, bathroom.','Pending',2300.00,'2025-09-22 05:17:07.988195','2025-09-22 05:17:07.988375','Pending','Jaya Chitranshi',91),(59,'9822528949','19/9, Gurukrupa Ratnadeep Colony, A Lane, Dange Chowk ,Thergaon, Pune, Pune, Maharashtra - 411033','https://maps.app.goo.gl/r5keUVC9Tfs8J42PA','Use heat gun to check','Pending',2500.00,'2025-09-25 05:36:19.080891','2025-09-25 05:36:19.081122','Pending','Rajendra Kale',95),(60,'9766000941','Flat no 8, block A5, New SKF colony, opposite to kamini hotel, Chinchwad, Pune, Maharashtra - 412101','https://maps.app.goo.gl/MoweMdf2U3DbWyTeA','Spray & Gel','Pending',3999.99,'2025-09-27 03:37:43.674263','2025-09-27 03:37:43.674453','Pending','Nikhil Birajdar',97),(61,'9028362206','Ashwani Apt  ,First floor Room No 02.Power house road Pimpri 411017., Pune, Maharashtra - 411017','https://maps.app.goo.gl/6VaqCkRFC2bX5fzL6','Spray & Gel','Pending',3999.99,'2025-09-27 03:38:44.069232','2025-09-27 03:38:44.069420','Pending','Anu Tilani',96),(62,'9921181287','Sai Kunj Opp Madina Carers Near Royal Word School Pimri 17 , Pune, Maharashtra - 411012','https://share.google/J96ZvUSyly9dNtnKD','Spray','Pending',4000.00,'2025-09-27 05:25:18.570173','2025-09-27 05:25:18.570360','Pending','Dr. Minnal Tulsani',100),(63,'9860434446','NANDAN SPECTRA\"B-801,Surevy No 23Ramnagar, Balewadi Rd, Baner, Pune, Maharashtra 411045.Nearest land mark - Behind MNGL CNG Pump, Balewadi, Pune, Maharashtra - 411045','https://maps.app.goo.gl/E7doemB7t7q6fuiW8','Spray & Gel','Pending',1500.00,'2025-09-27 05:26:38.746440','2025-09-27 05:26:38.746896','Pending','Shrikant Saboo ',98),(64,'9422488474','\"NANDAN SPECTRA Society B-802 Surevy No 23Ramnagar, Balewadi Rd, Baner, Pune, Pune, Maharashtra - 411045','https://maps.app.goo.gl/E7doemB7t7q6fuiW8','Spray & Gel','Pending',1800.00,'2025-09-27 05:28:55.143230','2025-09-27 05:28:55.143433','Pending','Madhur Hamine',99),(65,'8605547180','Flat No. 10, B Wing, B-10, Shree Krishna Icon, Sector 29,  Ravet Pradhikaran, Plot 9 To 12, near Govindham Iscon temple.PIMPRI CHINCHWADMAHARASHTRA Pune 412101, Pune, Maharashtra - 412101','https://maps.app.goo.gl/KUKnN9B5uTer5PT96','Cockroach and Spider Management','Pending',3000.00,'2025-09-27 12:15:30.873709','2025-09-27 12:15:30.873983','Pending','Aniruddha R. Patki',101),(66,'9422284720','B101 Nandan \"NANDAN SPECTRA\" Surevy No 23 Ramnagar, Balewadi Rd, Baner, Pune, Maharashtra 411045. behind MNGL CNG Pump, Balewadi, Pune, Maharashtra - 411045','https://goo.gl/maps/AgaSv1hwbhN2','Cockroach Management Service- Spray and Gel Treatment','UPI',3499.98,'2025-09-29 09:27:22.625687','2025-09-29 09:27:22.625886','Completed','Rohit Borse',103),(67,'9930899171','L-204 \'Omega Paradise\' Shankar Kalat Nagar, Datta Mandir Road, Wakad, Pimpri-Chinchwad., Pune, Maharashtra - 411057','https://maps.app.goo.gl/cU6GHdDtDnEVwDba8','Cockroach Management Service- Chemical Spray and Get Treatment','Pending',2000.00,'2025-09-30 04:39:39.569714','2025-09-30 04:39:39.569882','Pending','Lalit Manohar Badhe',102),(68,'7020701152','Flat F-403, Greens Society, Aditya Birla Hospital Road, Thergaon, Pune,  411033, Pune, Maharashtra - 411033','https://maps.app.goo.gl/ND3HkoYWZQvvRu9y6?g_st=aw','Cockroach Management Service- Spray and Gel Treatment','UPI',2500.00,'2025-09-30 12:46:52.151534','2025-09-30 12:46:52.151761','Completed','Abhijeet Khadikar',104),(69,'9325213417','G 704, 7Plumeria Drive, Punawale, Pune 411033, Pune, Maharashtra - 411033','https://maps.app.goo.gl/UhwNVdrnGqm7vfgh9','Cockroach Management Service- Chemical Spray and Gel Treatment.','Pending',3999.99,'2025-10-04 05:03:07.176326','2025-10-04 05:03:07.176807','Pending','Sanjay Lakade',107),(70,'8378972625','Flat no 3, Jay Vijay Housing Society, Building no 63,Prem lok park,Chinchwad, Pune, Maharashtra - 412101','https://maps.app.goo.gl/byp1XDEvWCJ6MGzv8','Cockroach Management Service- Chemical Spray and Gel Treatment.','Pending',3999.99,'2025-10-04 05:09:52.895938','2025-10-04 05:09:52.896097','Pending','Meghan Mahajan',106),(71,'9325661413','Test, Test, Test - 111','https://www.teimcrm.com/service_management_create','dddddd','Pending',62120.00,'2025-10-04 06:42:54.716595','2025-10-04 06:42:54.716783','Pending','Tanmay (test record)',32),(72,'9766538943','RH 06, wing02 vision city jambhulgaon vadgaon maval pune 412106, Pune, Maharashtra - 410160','https://maps.app.goo.gl/RCSq3CmnzY7LKqY9A','Spray Gel','UPI',4999.98,'2025-10-15 05:50:18.523977','2025-10-15 05:50:18.524207','Completed','Amit Sinha',111),(73,'7507237150','Flat no 14 Aatitya avenue society near nanacha dhaba restaurant Pimple Saudagar, Pune, Maharashtra - 411027','https://maps.app.goo.gl/SRQ1GA7B9GqbfRzB8','spray and gel','Pending',2000.00,'2025-10-15 08:33:38.717120','2025-10-15 08:33:38.717360','Pending','Mr. Manoj',114),(74,'9359127995','2nd floor, Kalpataru Apartment, Dehu-Alandi Road, Alhat Wasti, Near by Swapnalok Housing Society, Moshi., Pune, Maharashtra - 411033','https://maps.app.goo.gl/A71fkvE3tJCNGuLb6','Spray Gel','UPI',3000.00,'2025-10-17 05:11:27.833527','2025-10-17 05:11:27.833784','Completed','Ketan Rajput',115),(75,'9890885237','Flat no 305, Rutej Nest PH II Behind Gurudwara Near Akurdi Railway Station Chinchwad Pune, Pune, Maharashtra - 411033','https://maps.app.goo.gl/FdztoD8ZQd3zdRBH9','Spray Gel','Pending',3499.98,'2025-10-17 05:28:52.504898','2025-10-17 05:28:52.505090','Pending','Abhijeet Sonawane',116),(76,'9096191918','D402, Rose Mansion CHS, Punawale, Behind Shriyans Society, Pune - 411033, Pune, Maharashtra - 411033','https://share.google/oavJcAVASr52kZmhL','Spray Gel','Pending',3499.98,'2025-10-17 05:29:45.464683','2025-10-17 05:29:45.464843','Pending','Shreyash Deshmukh',113),(77,'7875945636','Flat No 103, 8B, Swapnapoorti Phase 2 Near PCCOE Pradhikaran Pune., Pune, Maharashtra - 411044','','Spray Gel','Pending',3000.01,'2025-10-28 04:24:51.149167','2025-10-28 04:24:51.149431','Pending','Abhijit kothalkar',123),(78,'9152745380','B-603, B Wing, 6th floor,Marvel Isola CHS,Opposite Corinthians Club,Mohammed Wadi,, Pune, Maharashtra - 411060','','Spray Gel','Pending',8000.01,'2025-10-28 04:26:32.372310','2025-10-28 04:26:32.372499','Pending','Bipinchandra Vasant Karnik',70),(79,'9011325275','A101, Raj Angan, plot no 186/1/1, Shinde Wasti, Ravet, Haveli, Pune 412101, Pune, Maharashtra - 412101','https://maps.app.goo.gl/NaHjoQFx1hqo9Qgv8','Spray & Gel','Pending',1200.00,'2025-10-28 04:26:57.227335','2025-10-28 04:26:57.227557','Pending','Abhishek Chandole',118),(80,'9545110341','SFS Pune, Pune, Maharashtra - 412101','https://maps.app.goo.gl/c57hzCumBEMsofbJ6','Spray Gel','Pending',2000.00,'2025-10-28 04:27:29.941002','2025-10-28 04:27:29.941208','Pending','Akshay Chidrawar',3),(81,'9860111109','Flat no. 701, Mangal Dhaara building, near Ravet basket bridge, Tathwade road  Punawale, Pimpari-Chinchwad., Pune, Maharashtra - 411033','https://maps.app.goo.gl/HJmpxgrmoMzq5E4d6','Spray Gel','Pending',1800.00,'2025-10-28 04:27:45.788424','2025-10-28 04:27:45.788626','Pending','Amit Deore',112),(82,'9767340847','Flat -101, Jeevanshree Apartment, beside global hospital, Shinde Vasti, Ravet Landmark: dmart , Pune, Maharashtra - 412101','https://maps.app.goo.gl/15QqwXWoLp7AXvBx5','Spray Gel','Pending',2000.00,'2025-10-28 04:28:04.046213','2025-10-28 04:28:04.046574','Pending','Amol Kamble',23),(83,'8668727131','Sairaj Apartment, Sairaj Apartment, Infront of Ranjan Heights, SB Patil School Rd, Ravet, Pune, 412101, Pune, Maharashtra - 412101','https://maps.app.goo.gl/PiUCTxG15o6nEi7e8','Spray Gel','Pending',2800.00,'2025-10-28 04:28:23.819123','2025-10-28 04:28:23.819360','Pending','Amol Suryawanshi',71),(84,'9284548094','Society Office, Gera\'s Isle Royale, Near Ind Search, Bavdhan, Pune 411021, Pune, Maharashtra - 412101','https://maps.app.goo.gl/vLrm6cduWh5sAA3m9','Spray Gel','Pending',2000.00,'2025-10-28 04:28:35.481156','2025-10-28 04:28:35.481414','Pending','Arvind',12),(85,'9820873335','Shop no. 26, Dwarka Lords, shivar Chowk, Pimple Saudagar, Pune, Pune, Maharashtra - 412101','https://maps.app.goo.gl/L5i4ih8Y7oU3HmDe7','Spray Gel','Pending',19824.00,'2025-10-28 04:28:46.283788','2025-10-28 04:28:46.284082','Pending','Bakeknowlogy Store',56),(86,'9920511642','A102 Ganesh Bella Rossa , Phase 1 Kolate vasti, Punawale, Pune, Maharashtra - 411033','https://share.google/0qHoorpXPTcKh6F3v','Spray Gel','Pending',2000.00,'2025-10-28 04:28:58.300919','2025-10-28 04:28:58.301167','Pending','Bhartesh',110),(87,'9637782727','Morwadi , Pune, Maharashtra  - 412101','','Spray Gel','Pending',1500.00,'2025-10-28 04:29:10.026417','2025-10-28 04:29:10.026632','Pending','Ganesh',82),(88,'8830404030','Royal Galaxy Apartment Flat No. 504...Near Balaji Mandir,Wadmukhwadi Pune-412105, Pune, Maharashtra - 412105','https://maps.app.goo.gl/37FNLtro6ZBegkYW6?g_st=aw','Spray Gel','Pending',4002.00,'2025-10-28 04:29:27.283744','2025-10-28 04:29:27.283983','Pending','L.B. Pujari',37),(89,'7020167811','C-1101, Nano Spaces , Ravet, Near hanging bridge., Pune, Maharashtra - 412101','https://maps.app.goo.gl/R5BJm764FAP79WYcA','Spray Gel','Pending',3700.00,'2025-10-28 04:29:42.368612','2025-10-28 04:29:42.368850','Pending','Madhuri Akojwar',77),(90,'8087976269',' G-307, G.K. Aarcon, Katewasti, Gaikwad Nagar, Punawale, Chinchwad-411033, Pune, Maharashtra - 411033','https://maps.app.goo.gl/wt2YnSJAa8H2rVsQ8','Spray Gel','Pending',3999.99,'2025-10-28 04:29:54.781067','2025-10-28 04:29:54.781419','Pending','Manish Fegade',9),(91,'9860391307','FLAT NO 10, 3RD FLOOR, NIRMAN PARADISE, OPP KATHI KABAB, PLOT NO H20, S NO 26, NEAR AKURDI RAILWAY STATION, NIGDI PRADHIKARAN, Pune, Maharashtra - 411044','https://maps.app.goo.gl/bKBaVYiBC8SqniMV6','Spray Gel','Pending',3999.99,'2025-10-28 04:30:06.435386','2025-10-28 04:30:06.435558','Pending','MAYUR PATIL',122),(92,'9922027878','Flat No. 1002 Hill View Lane NO. 15, Bhandarkar Rd, Deccan Gymkhana, Pune, Maharashtra 411004, Pune, Maharashtra - 411004','https://maps.app.goo.gl/7dkuYVAPgcpgG5jt8?g_st=aw','Spray Gel','Pending',5499.99,'2025-10-28 04:30:18.015166','2025-10-28 04:30:18.015400','Pending','Mrs. Radhika Ursekar',105),(93,'9518747498','House No. 07, Scheme No. 6A, Sector 21, PENTDA, Yamunanagar, Nigdi PIMPRI CHINCHWAD, MAHARASHTRA 411035 India, Pune, Maharashtra - 411035','https://maps.app.goo.gl/wnfZ6RTd21Pqh7uRA','Spray Gel','Pending',3000.00,'2025-10-28 04:30:30.283195','2025-10-28 04:30:30.283446','Pending','Pankaj Chavan',58);
/*!40000 ALTER TABLE `crmapp_workallocation` ENABLE KEYS */;
UNLOCK TABLES;

--
-- Table structure for table `crmapp_workallocation_technician`
--

DROP TABLE IF EXISTS `crmapp_workallocation_technician`;
/*!40101 SET @saved_cs_client     = @@character_set_client */;
/*!50503 SET character_set_client = utf8mb4 */;
CREATE TABLE `crmapp_workallocation_technician` (
  `id` bigint NOT NULL AUTO_INCREMENT,
  `workallocation_id` bigint NOT NULL,
  `technicianprofile_id` bigint NOT NULL,
  PRIMARY KEY (`id`),
  UNIQUE KEY `crmapp_workallocation_te_workallocation_id_techni_ae1e13e0_uniq` (`workallocation_id`,`technicianprofile_id`),
  KEY `crmapp_workallocatio_technicianprofile_id_d4484a1d_fk_crmapp_te` (`technicianprofile_id`),
  CONSTRAINT `crmapp_workallocatio_technicianprofile_id_d4484a1d_fk_crmapp_te` FOREIGN KEY (`technicianprofile_id`) REFERENCES `crmapp_technicianprofile` (`id`),
  CONSTRAINT `crmapp_workallocatio_workallocation_id_7521d55e_fk_crmapp_wo` FOREIGN KEY (`workallocation_id`) REFERENCES `crmapp_workallocation` (`id`)
) ENGINE=InnoDB AUTO_INCREMENT=88 DEFAULT CHARSET=utf8mb4 COLLATE=utf8mb4_0900_ai_ci;
/*!40101 SET character_set_client = @saved_cs_client */;

--
-- Dumping data for table `crmapp_workallocation_technician`
--

LOCK TABLES `crmapp_workallocation_technician` WRITE;
/*!40000 ALTER TABLE `crmapp_workallocation_technician` DISABLE KEYS */;
INSERT INTO `crmapp_workallocation_technician` VALUES (1,1,1),(2,2,1),(3,3,1),(10,9,1),(12,13,6),(13,14,8),(15,16,8),(16,17,9),(17,18,7),(18,19,1),(19,20,1),(20,21,11),(21,22,6),(22,23,1),(23,24,11),(24,25,7),(25,26,11),(26,27,6),(27,28,6),(28,29,7),(29,30,1),(30,31,11),(31,32,12),(32,33,7),(33,34,7),(34,35,1),(35,36,7),(36,37,7),(37,38,6),(38,39,6),(39,40,7),(40,41,7),(41,44,13),(43,45,6),(48,46,9),(47,46,10),(45,47,8),(49,48,9),(50,49,15),(51,52,9),(52,52,10),(53,53,9),(54,54,1),(55,55,15),(56,56,11),(57,57,8),(58,58,1),(59,59,12),(60,60,11),(61,61,6),(62,62,1),(63,63,12),(64,64,12),(65,65,1),(66,66,6),(67,67,12),(68,68,1),(69,69,8),(70,70,8),(71,71,9),(72,72,13),(73,73,13),(74,74,13),(75,75,12),(76,76,6),(77,77,8),(78,79,1),(79,80,8),(80,83,6),(81,86,6),(82,87,6),(83,88,6),(84,89,8),(85,90,6),(86,92,1),(87,93,6);
/*!40000 ALTER TABLE `crmapp_workallocation_technician` ENABLE KEYS */;
UNLOCK TABLES;

--
-- Table structure for table `dashboard_lead`
--

DROP TABLE IF EXISTS `dashboard_lead`;
/*!40101 SET @saved_cs_client     = @@character_set_client */;
/*!50503 SET character_set_client = utf8mb4 */;
CREATE TABLE `dashboard_lead` (
  `id` bigint NOT NULL AUTO_INCREMENT,
  `platform` varchar(50) NOT NULL,
  `source_of_lead` varchar(255) NOT NULL,
  `campaign_name` varchar(255) NOT NULL,
  `lead_status` varchar(20) NOT NULL,
  `contact_no` varchar(20) NOT NULL,
  `customer_email` varchar(254) NOT NULL,
  `customer_address` longtext NOT NULL,
  `date_of_lead` date NOT NULL,
  `visitors_name` varchar(255) NOT NULL,
  PRIMARY KEY (`id`)
) ENGINE=InnoDB DEFAULT CHARSET=utf8mb4 COLLATE=utf8mb4_0900_ai_ci;
/*!40101 SET character_set_client = @saved_cs_client */;

--
-- Dumping data for table `dashboard_lead`
--

LOCK TABLES `dashboard_lead` WRITE;
/*!40000 ALTER TABLE `dashboard_lead` DISABLE KEYS */;
/*!40000 ALTER TABLE `dashboard_lead` ENABLE KEYS */;
UNLOCK TABLES;

--
-- Table structure for table `django_admin_log`
--

DROP TABLE IF EXISTS `django_admin_log`;
/*!40101 SET @saved_cs_client     = @@character_set_client */;
/*!50503 SET character_set_client = utf8mb4 */;
CREATE TABLE `django_admin_log` (
  `id` int NOT NULL AUTO_INCREMENT,
  `action_time` datetime(6) NOT NULL,
  `object_id` longtext,
  `object_repr` varchar(200) NOT NULL,
  `action_flag` smallint unsigned NOT NULL,
  `change_message` longtext NOT NULL,
  `content_type_id` int DEFAULT NULL,
  `user_id` int NOT NULL,
  PRIMARY KEY (`id`),
  KEY `django_admin_log_content_type_id_c4bce8eb_fk_django_co` (`content_type_id`),
  KEY `django_admin_log_user_id_c564eba6_fk_auth_user_id` (`user_id`),
  CONSTRAINT `django_admin_log_content_type_id_c4bce8eb_fk_django_co` FOREIGN KEY (`content_type_id`) REFERENCES `django_content_type` (`id`),
  CONSTRAINT `django_admin_log_user_id_c564eba6_fk_auth_user_id` FOREIGN KEY (`user_id`) REFERENCES `auth_user` (`id`),
  CONSTRAINT `django_admin_log_chk_1` CHECK ((`action_flag` >= 0))
) ENGINE=InnoDB AUTO_INCREMENT=25 DEFAULT CHARSET=utf8mb4 COLLATE=utf8mb4_0900_ai_ci;
/*!40101 SET character_set_client = @saved_cs_client */;

--
-- Dumping data for table `django_admin_log`
--

LOCK TABLES `django_admin_log` WRITE;
/*!40000 ALTER TABLE `django_admin_log` DISABLE KEYS */;
INSERT INTO `django_admin_log` VALUES (1,'2025-07-17 07:27:11.190772','1','admin1 - admin',1,'[{\"added\": {}}]',47,1),(2,'2025-07-18 07:10:00.253061','8','admin2 - admin',1,'[{\"added\": {}}]',47,1),(3,'2025-09-03 06:09:28.398120','15','09503102302',2,'[{\"changed\": {\"fields\": [\"Staff status\"]}}]',4,1),(4,'2025-09-03 06:09:49.688214','16','9503102303',2,'[{\"changed\": {\"fields\": [\"Staff status\"]}}]',4,1),(5,'2025-09-03 06:12:35.501635','23','7774918071',2,'[{\"changed\": {\"fields\": [\"Staff status\"]}}]',4,1),(6,'2025-09-03 06:13:23.592749','24','9975957361',2,'[{\"changed\": {\"fields\": [\"Staff status\"]}}]',4,1),(7,'2025-09-03 06:13:35.089931','13','9890442304',2,'[{\"changed\": {\"fields\": [\"Staff status\"]}}]',4,1),(8,'2025-09-03 06:13:47.865866','9','9503102302',2,'[{\"changed\": {\"fields\": [\"Staff status\"]}}]',4,1),(9,'2025-09-03 06:22:49.561289','27','9112005112',2,'[{\"changed\": {\"fields\": [\"Staff status\"]}}]',4,1),(10,'2025-09-03 06:23:07.969474','25','888829985',2,'[{\"changed\": {\"fields\": [\"Staff status\"]}}]',4,1),(11,'2025-09-03 06:35:49.675037','28','7447400616',2,'[{\"changed\": {\"fields\": [\"Staff status\"]}}]',4,1),(12,'2025-09-03 06:39:37.988064','27','9112005112',2,'[]',4,1),(13,'2025-09-19 07:08:18.792769','14',' 9325661413 - technician',2,'[{\"changed\": {\"fields\": [\"Phone\"]}}]',47,1),(14,'2025-09-19 07:11:33.408944','20',' 93256 61413',3,'',4,1),(15,'2025-09-19 07:13:57.851004','21',' 9325661413',2,'[{\"changed\": {\"fields\": [\"password\"]}}]',4,1),(16,'2025-09-19 07:23:21.718549','19','9322031514',2,'[{\"changed\": {\"fields\": [\"password\"]}}]',4,1),(17,'2025-10-15 15:17:45.577300','28','7447400616',2,'[{\"changed\": {\"name\": \"user profile\", \"object\": \"7447400616 - sales\", \"fields\": [\"Role\"]}}]',4,1),(18,'2025-10-15 15:19:33.835049','28','7447400616',2,'[{\"changed\": {\"fields\": [\"Active\"]}}]',4,1),(19,'2025-10-15 15:22:39.271904','25','8888829985',2,'[{\"changed\": {\"name\": \"user profile\", \"object\": \"8888829985 - admin\", \"fields\": [\"Role\"]}}]',4,1),(20,'2025-10-15 15:22:52.519363','23','7774918071',2,'[{\"changed\": {\"name\": \"user profile\", \"object\": \"7774918071 - admin\", \"fields\": [\"Role\"]}}]',4,1),(21,'2025-10-15 15:34:48.632672','35','9112005113',2,'[{\"changed\": {\"fields\": [\"password\"]}}]',4,1),(22,'2025-10-17 04:08:41.333613','1','admin1',2,'[{\"changed\": {\"name\": \"user profile\", \"object\": \"admin1 - admin\", \"fields\": [\"Phone\"]}}]',4,1),(23,'2025-10-17 04:22:11.926358','1','admin1',2,'[]',4,1),(24,'2025-10-17 04:23:34.494974','1','admin1',2,'[{\"changed\": {\"fields\": [\"First name\"]}}]',4,1);
/*!40000 ALTER TABLE `django_admin_log` ENABLE KEYS */;
UNLOCK TABLES;

--
-- Table structure for table `django_celery_beat_clockedschedule`
--

DROP TABLE IF EXISTS `django_celery_beat_clockedschedule`;
/*!40101 SET @saved_cs_client     = @@character_set_client */;
/*!50503 SET character_set_client = utf8mb4 */;
CREATE TABLE `django_celery_beat_clockedschedule` (
  `id` int NOT NULL AUTO_INCREMENT,
  `clocked_time` datetime(6) NOT NULL,
  PRIMARY KEY (`id`)
) ENGINE=InnoDB DEFAULT CHARSET=utf8mb4 COLLATE=utf8mb4_0900_ai_ci;
/*!40101 SET character_set_client = @saved_cs_client */;

--
-- Dumping data for table `django_celery_beat_clockedschedule`
--

LOCK TABLES `django_celery_beat_clockedschedule` WRITE;
/*!40000 ALTER TABLE `django_celery_beat_clockedschedule` DISABLE KEYS */;
/*!40000 ALTER TABLE `django_celery_beat_clockedschedule` ENABLE KEYS */;
UNLOCK TABLES;

--
-- Table structure for table `django_celery_beat_crontabschedule`
--

DROP TABLE IF EXISTS `django_celery_beat_crontabschedule`;
/*!40101 SET @saved_cs_client     = @@character_set_client */;
/*!50503 SET character_set_client = utf8mb4 */;
CREATE TABLE `django_celery_beat_crontabschedule` (
  `id` int NOT NULL AUTO_INCREMENT,
  `minute` varchar(240) NOT NULL,
  `hour` varchar(96) NOT NULL,
  `day_of_week` varchar(64) NOT NULL,
  `day_of_month` varchar(124) NOT NULL,
  `month_of_year` varchar(64) NOT NULL,
  `timezone` varchar(63) NOT NULL,
  PRIMARY KEY (`id`)
) ENGINE=InnoDB DEFAULT CHARSET=utf8mb4 COLLATE=utf8mb4_0900_ai_ci;
/*!40101 SET character_set_client = @saved_cs_client */;

--
-- Dumping data for table `django_celery_beat_crontabschedule`
--

LOCK TABLES `django_celery_beat_crontabschedule` WRITE;
/*!40000 ALTER TABLE `django_celery_beat_crontabschedule` DISABLE KEYS */;
/*!40000 ALTER TABLE `django_celery_beat_crontabschedule` ENABLE KEYS */;
UNLOCK TABLES;

--
-- Table structure for table `django_celery_beat_intervalschedule`
--

DROP TABLE IF EXISTS `django_celery_beat_intervalschedule`;
/*!40101 SET @saved_cs_client     = @@character_set_client */;
/*!50503 SET character_set_client = utf8mb4 */;
CREATE TABLE `django_celery_beat_intervalschedule` (
  `id` int NOT NULL AUTO_INCREMENT,
  `every` int NOT NULL,
  `period` varchar(24) NOT NULL,
  PRIMARY KEY (`id`)
) ENGINE=InnoDB DEFAULT CHARSET=utf8mb4 COLLATE=utf8mb4_0900_ai_ci;
/*!40101 SET character_set_client = @saved_cs_client */;

--
-- Dumping data for table `django_celery_beat_intervalschedule`
--

LOCK TABLES `django_celery_beat_intervalschedule` WRITE;
/*!40000 ALTER TABLE `django_celery_beat_intervalschedule` DISABLE KEYS */;
/*!40000 ALTER TABLE `django_celery_beat_intervalschedule` ENABLE KEYS */;
UNLOCK TABLES;

--
-- Table structure for table `django_celery_beat_periodictask`
--

DROP TABLE IF EXISTS `django_celery_beat_periodictask`;
/*!40101 SET @saved_cs_client     = @@character_set_client */;
/*!50503 SET character_set_client = utf8mb4 */;
CREATE TABLE `django_celery_beat_periodictask` (
  `id` int NOT NULL AUTO_INCREMENT,
  `name` varchar(200) NOT NULL,
  `task` varchar(200) NOT NULL,
  `args` longtext NOT NULL,
  `kwargs` longtext NOT NULL,
  `queue` varchar(200) DEFAULT NULL,
  `exchange` varchar(200) DEFAULT NULL,
  `routing_key` varchar(200) DEFAULT NULL,
  `expires` datetime(6) DEFAULT NULL,
  `enabled` tinyint(1) NOT NULL,
  `last_run_at` datetime(6) DEFAULT NULL,
  `total_run_count` int unsigned NOT NULL,
  `date_changed` datetime(6) NOT NULL,
  `description` longtext NOT NULL,
  `crontab_id` int DEFAULT NULL,
  `interval_id` int DEFAULT NULL,
  `solar_id` int DEFAULT NULL,
  `one_off` tinyint(1) NOT NULL,
  `start_time` datetime(6) DEFAULT NULL,
  `priority` int unsigned DEFAULT NULL,
  `headers` longtext NOT NULL DEFAULT (_utf8mb3'{}'),
  `clocked_id` int DEFAULT NULL,
  `expire_seconds` int unsigned DEFAULT NULL,
  PRIMARY KEY (`id`),
  UNIQUE KEY `name` (`name`),
  KEY `django_celery_beat_p_crontab_id_d3cba168_fk_django_ce` (`crontab_id`),
  KEY `django_celery_beat_p_interval_id_a8ca27da_fk_django_ce` (`interval_id`),
  KEY `django_celery_beat_p_solar_id_a87ce72c_fk_django_ce` (`solar_id`),
  KEY `django_celery_beat_p_clocked_id_47a69f82_fk_django_ce` (`clocked_id`),
  CONSTRAINT `django_celery_beat_p_clocked_id_47a69f82_fk_django_ce` FOREIGN KEY (`clocked_id`) REFERENCES `django_celery_beat_clockedschedule` (`id`),
  CONSTRAINT `django_celery_beat_p_crontab_id_d3cba168_fk_django_ce` FOREIGN KEY (`crontab_id`) REFERENCES `django_celery_beat_crontabschedule` (`id`),
  CONSTRAINT `django_celery_beat_p_interval_id_a8ca27da_fk_django_ce` FOREIGN KEY (`interval_id`) REFERENCES `django_celery_beat_intervalschedule` (`id`),
  CONSTRAINT `django_celery_beat_p_solar_id_a87ce72c_fk_django_ce` FOREIGN KEY (`solar_id`) REFERENCES `django_celery_beat_solarschedule` (`id`),
  CONSTRAINT `django_celery_beat_periodictask_chk_1` CHECK ((`total_run_count` >= 0)),
  CONSTRAINT `django_celery_beat_periodictask_chk_2` CHECK ((`priority` >= 0)),
  CONSTRAINT `django_celery_beat_periodictask_chk_3` CHECK ((`expire_seconds` >= 0))
) ENGINE=InnoDB DEFAULT CHARSET=utf8mb4 COLLATE=utf8mb4_0900_ai_ci;
/*!40101 SET character_set_client = @saved_cs_client */;

--
-- Dumping data for table `django_celery_beat_periodictask`
--

LOCK TABLES `django_celery_beat_periodictask` WRITE;
/*!40000 ALTER TABLE `django_celery_beat_periodictask` DISABLE KEYS */;
/*!40000 ALTER TABLE `django_celery_beat_periodictask` ENABLE KEYS */;
UNLOCK TABLES;

--
-- Table structure for table `django_celery_beat_periodictasks`
--

DROP TABLE IF EXISTS `django_celery_beat_periodictasks`;
/*!40101 SET @saved_cs_client     = @@character_set_client */;
/*!50503 SET character_set_client = utf8mb4 */;
CREATE TABLE `django_celery_beat_periodictasks` (
  `ident` smallint NOT NULL,
  `last_update` datetime(6) NOT NULL,
  PRIMARY KEY (`ident`)
) ENGINE=InnoDB DEFAULT CHARSET=utf8mb4 COLLATE=utf8mb4_0900_ai_ci;
/*!40101 SET character_set_client = @saved_cs_client */;

--
-- Dumping data for table `django_celery_beat_periodictasks`
--

LOCK TABLES `django_celery_beat_periodictasks` WRITE;
/*!40000 ALTER TABLE `django_celery_beat_periodictasks` DISABLE KEYS */;
/*!40000 ALTER TABLE `django_celery_beat_periodictasks` ENABLE KEYS */;
UNLOCK TABLES;

--
-- Table structure for table `django_celery_beat_solarschedule`
--

DROP TABLE IF EXISTS `django_celery_beat_solarschedule`;
/*!40101 SET @saved_cs_client     = @@character_set_client */;
/*!50503 SET character_set_client = utf8mb4 */;
CREATE TABLE `django_celery_beat_solarschedule` (
  `id` int NOT NULL AUTO_INCREMENT,
  `event` varchar(24) NOT NULL,
  `latitude` decimal(9,6) NOT NULL,
  `longitude` decimal(9,6) NOT NULL,
  PRIMARY KEY (`id`),
  UNIQUE KEY `django_celery_beat_solar_event_latitude_longitude_ba64999a_uniq` (`event`,`latitude`,`longitude`)
) ENGINE=InnoDB DEFAULT CHARSET=utf8mb4 COLLATE=utf8mb4_0900_ai_ci;
/*!40101 SET character_set_client = @saved_cs_client */;

--
-- Dumping data for table `django_celery_beat_solarschedule`
--

LOCK TABLES `django_celery_beat_solarschedule` WRITE;
/*!40000 ALTER TABLE `django_celery_beat_solarschedule` DISABLE KEYS */;
/*!40000 ALTER TABLE `django_celery_beat_solarschedule` ENABLE KEYS */;
UNLOCK TABLES;

--
-- Table structure for table `django_celery_results_chordcounter`
--

DROP TABLE IF EXISTS `django_celery_results_chordcounter`;
/*!40101 SET @saved_cs_client     = @@character_set_client */;
/*!50503 SET character_set_client = utf8mb4 */;
CREATE TABLE `django_celery_results_chordcounter` (
  `id` int NOT NULL AUTO_INCREMENT,
  `group_id` varchar(255) NOT NULL,
  `sub_tasks` longtext NOT NULL,
  `count` int unsigned NOT NULL,
  PRIMARY KEY (`id`),
  UNIQUE KEY `group_id` (`group_id`),
  CONSTRAINT `django_celery_results_chordcounter_chk_1` CHECK ((`count` >= 0))
) ENGINE=InnoDB DEFAULT CHARSET=utf8mb4 COLLATE=utf8mb4_0900_ai_ci;
/*!40101 SET character_set_client = @saved_cs_client */;

--
-- Dumping data for table `django_celery_results_chordcounter`
--

LOCK TABLES `django_celery_results_chordcounter` WRITE;
/*!40000 ALTER TABLE `django_celery_results_chordcounter` DISABLE KEYS */;
/*!40000 ALTER TABLE `django_celery_results_chordcounter` ENABLE KEYS */;
UNLOCK TABLES;

--
-- Table structure for table `django_celery_results_groupresult`
--

DROP TABLE IF EXISTS `django_celery_results_groupresult`;
/*!40101 SET @saved_cs_client     = @@character_set_client */;
/*!50503 SET character_set_client = utf8mb4 */;
CREATE TABLE `django_celery_results_groupresult` (
  `id` int NOT NULL AUTO_INCREMENT,
  `group_id` varchar(255) NOT NULL,
  `date_created` datetime(6) NOT NULL,
  `date_done` datetime(6) NOT NULL,
  `content_type` varchar(128) NOT NULL,
  `content_encoding` varchar(64) NOT NULL,
  `result` longtext,
  PRIMARY KEY (`id`),
  UNIQUE KEY `group_id` (`group_id`),
  KEY `django_cele_date_cr_bd6c1d_idx` (`date_created`),
  KEY `django_cele_date_do_caae0e_idx` (`date_done`)
) ENGINE=InnoDB DEFAULT CHARSET=utf8mb4 COLLATE=utf8mb4_0900_ai_ci;
/*!40101 SET character_set_client = @saved_cs_client */;

--
-- Dumping data for table `django_celery_results_groupresult`
--

LOCK TABLES `django_celery_results_groupresult` WRITE;
/*!40000 ALTER TABLE `django_celery_results_groupresult` DISABLE KEYS */;
/*!40000 ALTER TABLE `django_celery_results_groupresult` ENABLE KEYS */;
UNLOCK TABLES;

--
-- Table structure for table `django_celery_results_taskresult`
--

DROP TABLE IF EXISTS `django_celery_results_taskresult`;
/*!40101 SET @saved_cs_client     = @@character_set_client */;
/*!50503 SET character_set_client = utf8mb4 */;
CREATE TABLE `django_celery_results_taskresult` (
  `id` int NOT NULL AUTO_INCREMENT,
  `task_id` varchar(255) NOT NULL,
  `status` varchar(50) NOT NULL,
  `content_type` varchar(128) NOT NULL,
  `content_encoding` varchar(64) NOT NULL,
  `result` longtext,
  `date_done` datetime(6) NOT NULL,
  `traceback` longtext,
  `meta` longtext,
  `task_args` longtext,
  `task_kwargs` longtext,
  `task_name` varchar(255) DEFAULT NULL,
  `worker` varchar(100) DEFAULT NULL,
  `date_created` datetime(6) NOT NULL,
  `periodic_task_name` varchar(255) DEFAULT NULL,
  PRIMARY KEY (`id`),
  UNIQUE KEY `task_id` (`task_id`),
  KEY `django_cele_task_na_08aec9_idx` (`task_name`),
  KEY `django_cele_status_9b6201_idx` (`status`),
  KEY `django_cele_worker_d54dd8_idx` (`worker`),
  KEY `django_cele_date_cr_f04a50_idx` (`date_created`),
  KEY `django_cele_date_do_f59aad_idx` (`date_done`)
) ENGINE=InnoDB AUTO_INCREMENT=116 DEFAULT CHARSET=utf8mb4 COLLATE=utf8mb4_0900_ai_ci;
/*!40101 SET character_set_client = @saved_cs_client */;

--
-- Dumping data for table `django_celery_results_taskresult`
--

LOCK TABLES `django_celery_results_taskresult` WRITE;
/*!40000 ALTER TABLE `django_celery_results_taskresult` DISABLE KEYS */;
INSERT INTO `django_celery_results_taskresult` VALUES (1,'f768dd76-86cf-4e8d-88c6-45515c3d1055','SUCCESS','application/json','utf-8','\"Email sent to tanmaykulkarni1413@gmail.com\"','2025-09-18 05:50:36.619197',NULL,'{\"children\": []}',NULL,NULL,NULL,NULL,'2025-09-18 05:50:36.619136',NULL),(2,'c3fa5be1-3edf-427d-b85b-2133b5cf6f0c','SUCCESS','application/json','utf-8','\"Email sent to sevafacility616@gmail.com\"','2025-09-18 05:50:36.905437',NULL,'{\"children\": []}',NULL,NULL,NULL,NULL,'2025-09-18 05:50:36.905367',NULL),(3,'fb1f1adc-50d1-496f-98c8-5adfdd9c73c4','SUCCESS','application/json','utf-8','\"Email sent to sales@sevafacility.com\"','2025-09-18 05:50:37.236134',NULL,'{\"children\": []}',NULL,NULL,NULL,NULL,'2025-09-18 05:50:37.236085',NULL),(4,'cccc28d5-f174-4490-b9a5-823ee6836a3e','SUCCESS','application/json','utf-8','\"Email sent to tanmaykulkarni1413@gmail.com\"','2025-09-18 06:00:24.552620',NULL,'{\"children\": []}',NULL,NULL,NULL,NULL,'2025-09-18 06:00:24.552586',NULL),(5,'2aff5068-5c5a-4a08-b973-46e1e8df4050','SUCCESS','application/json','utf-8','\"Email sent to tanmaykulkarni1413@gmail.com\"','2025-09-19 05:45:56.909638',NULL,'{\"children\": []}',NULL,NULL,NULL,NULL,'2025-09-19 05:45:56.909609',NULL),(6,'a7586d3f-9ea9-4745-8648-4bf2e5197e40','FAILURE','application/json','utf-8','{\"exc_type\": \"NotRegistered\", \"exc_message\": [\"crmapp.tasks.send_whatsapp_task\"], \"exc_module\": \"celery.exceptions\"}','2025-09-19 06:56:32.339135',NULL,'{\"children\": []}',NULL,NULL,NULL,NULL,'2025-09-19 06:56:32.339085',NULL),(7,'d34819f5-1ef9-4ccf-8ec7-f5ab576d8620','SUCCESS','application/json','utf-8','\"Email sent to tanmaykulkarni1413@gmail.com\"','2025-09-19 06:56:33.255120',NULL,'{\"children\": []}',NULL,NULL,NULL,NULL,'2025-09-19 06:56:33.255090',NULL),(8,'6c99640c-a048-4b7e-b978-aa7e16fd3eda','SUCCESS','application/json','utf-8','null','2025-09-19 07:04:11.858958',NULL,'{\"children\": []}',NULL,NULL,NULL,NULL,'2025-09-19 07:04:11.858913',NULL),(9,'da07113e-2a89-42e8-9145-c2a9ef354c19','SUCCESS','application/json','utf-8','\"Email sent to tanmaykulkarni1413@gmail.com\"','2025-09-19 07:04:12.353559',NULL,'{\"children\": []}',NULL,NULL,NULL,NULL,'2025-09-19 07:04:12.353503',NULL),(10,'91a51b28-9566-4d79-ad06-8832e15e6a03','SUCCESS','application/json','utf-8','null','2025-09-19 07:25:02.448768',NULL,'{\"children\": []}',NULL,NULL,NULL,NULL,'2025-09-19 07:25:02.448741',NULL),(11,'ba431463-9d3d-4cbb-8356-82c9e49d78ac','SUCCESS','application/json','utf-8','\"Email sent to tanmaykulkarni1413@gmail.com\"','2025-09-19 07:25:02.469238',NULL,'{\"children\": []}',NULL,NULL,NULL,NULL,'2025-09-19 07:25:02.469207',NULL),(12,'4d8e19b1-21fc-416a-aedf-0ac73e4e5423','SUCCESS','application/json','utf-8','null','2025-09-19 07:26:08.953769',NULL,'{\"children\": []}',NULL,NULL,NULL,NULL,'2025-09-19 07:26:08.953743',NULL),(13,'0065360f-dd76-45be-8455-bcfc25545138','SUCCESS','application/json','utf-8','\"Email sent to tanmaykulkarni1413@gmail.com\"','2025-09-19 07:26:09.047599',NULL,'{\"children\": []}',NULL,NULL,NULL,NULL,'2025-09-19 07:26:09.047570',NULL),(14,'7f704e8b-0f7f-42af-b366-a98f98d3e805','SUCCESS','application/json','utf-8','\"Email sent to indore.branch@sevafacility.com\"','2025-09-19 12:28:07.637028',NULL,'{\"children\": []}',NULL,NULL,NULL,NULL,'2025-09-19 12:28:07.636999',NULL),(15,'6f05e682-e0c6-46bb-bc61-455b70e2d21a','SUCCESS','application/json','utf-8','null','2025-09-19 12:28:07.690209',NULL,'{\"children\": []}',NULL,NULL,NULL,NULL,'2025-09-19 12:28:07.690181',NULL),(16,'c6f74136-08b7-458e-a5bd-936f9291d6ee','SUCCESS','application/json','utf-8','null','2025-09-19 12:37:09.912461',NULL,'{\"children\": []}',NULL,NULL,NULL,NULL,'2025-09-19 12:37:09.912433',NULL),(17,'836c522f-72d1-4a0e-980b-ffb349b84746','SUCCESS','application/json','utf-8','\"Email sent to indore.branch@sevafacility.com\"','2025-09-19 12:37:09.924120',NULL,'{\"children\": []}',NULL,NULL,NULL,NULL,'2025-09-19 12:37:09.924064',NULL),(18,'c44585f9-600d-4c36-8ef3-330fc0a9cec3','SUCCESS','application/json','utf-8','\"Email sent to indore.branch@sevafacility.com\"','2025-09-19 12:37:10.174620',NULL,'{\"children\": []}',NULL,NULL,NULL,NULL,'2025-09-19 12:37:10.174591',NULL),(19,'22b7d11b-7f51-42e3-9ac2-f2236ce0cf01','SUCCESS','application/json','utf-8','null','2025-09-19 12:37:10.731484',NULL,'{\"children\": []}',NULL,NULL,NULL,NULL,'2025-09-19 12:37:10.731456',NULL),(20,'23ed442d-eb09-496a-ad56-17dfc278553c','FAILURE','application/json','utf-8','{\"exc_type\": \"TypeError\", \"exc_message\": [\"send_whatsapp_task() takes 2 positional arguments but 4 were given\"], \"exc_module\": \"builtins\"}','2025-09-20 05:48:28.447584',NULL,'{\"children\": []}',NULL,NULL,NULL,NULL,'2025-09-20 05:48:28.447531',NULL),(21,'ca9bdbd2-b780-402f-9841-8c418fb43874','SUCCESS','application/json','utf-8','\"Email sent to tanmaykulkarni1413@gmail.com\"','2025-09-20 08:21:33.879221',NULL,'{\"children\": []}',NULL,NULL,NULL,NULL,'2025-09-20 08:21:33.879176',NULL),(22,'41f95ed9-2699-4477-9251-2847cf62a201','SUCCESS','application/json','utf-8','null','2025-09-20 08:21:33.904564',NULL,'{\"children\": []}',NULL,NULL,NULL,NULL,'2025-09-20 08:21:33.904520',NULL),(23,'7f79825e-443c-4c45-9129-d5857c13be15','SUCCESS','application/json','utf-8','null','2025-09-20 08:32:17.963753',NULL,'{\"children\": []}',NULL,NULL,NULL,NULL,'2025-09-20 08:32:17.963717',NULL),(24,'628af6fe-25a4-4766-a6b8-9dc2d1e568a5','SUCCESS','application/json','utf-8','null','2025-09-20 08:41:54.017729',NULL,'{\"children\": []}',NULL,NULL,NULL,NULL,'2025-09-20 08:41:54.017700',NULL),(25,'066fdd91-6b42-47a8-9879-db09ae16069b','SUCCESS','application/json','utf-8','null','2025-09-20 08:42:38.361099',NULL,'{\"children\": []}',NULL,NULL,NULL,NULL,'2025-09-20 08:42:38.361065',NULL),(26,'2f09a158-96b6-4bb1-894b-170df7a2832d','SUCCESS','application/json','utf-8','null','2025-09-20 08:47:23.670327',NULL,'{\"children\": []}',NULL,NULL,NULL,NULL,'2025-09-20 08:47:23.670295',NULL),(27,'91084755-c0b9-4215-9a13-c84e5aace259','SUCCESS','application/json','utf-8','null','2025-09-20 08:47:53.752862',NULL,'{\"children\": []}',NULL,NULL,NULL,NULL,'2025-09-20 08:47:53.752833',NULL),(28,'fffce640-6269-49ff-b3fe-256f31abc28b','SUCCESS','application/json','utf-8','null','2025-09-20 08:59:41.117031',NULL,'{\"children\": []}',NULL,NULL,NULL,NULL,'2025-09-20 08:59:41.117000',NULL),(29,'ea428b93-e9d6-436a-a415-7f4516ee8fe0','SUCCESS','application/json','utf-8','null','2025-09-20 09:16:22.673224',NULL,'{\"children\": []}',NULL,NULL,NULL,NULL,'2025-09-20 09:16:22.673191',NULL),(30,'52f99849-b62a-4122-ba90-904211421248','SUCCESS','application/json','utf-8','\"Email sent to tanmaykulkarni1413@gmail.com\"','2025-09-20 09:16:22.731634',NULL,'{\"children\": []}',NULL,NULL,NULL,NULL,'2025-09-20 09:16:22.731605',NULL),(31,'288dfd00-196b-4b97-98da-9aa817fa916f','SUCCESS','application/json','utf-8','null','2025-09-20 09:21:11.155084',NULL,'{\"children\": []}',NULL,NULL,NULL,NULL,'2025-09-20 09:21:11.155057',NULL),(32,'f8f47cd1-e1f4-4f66-9f46-ae2d31566a97','SUCCESS','application/json','utf-8','null','2025-09-20 09:25:03.635156',NULL,'{\"children\": []}',NULL,NULL,NULL,NULL,'2025-09-20 09:25:03.635121',NULL),(33,'a98ae468-7361-4017-a8ea-0352bcd0175c','SUCCESS','application/json','utf-8','null','2025-09-20 09:27:58.665837',NULL,'{\"children\": []}',NULL,NULL,NULL,NULL,'2025-09-20 09:27:58.665811',NULL),(34,'faa5305c-628b-443e-8def-f1ac5d68ffeb','SUCCESS','application/json','utf-8','null','2025-09-20 09:35:20.404170',NULL,'{\"children\": []}',NULL,NULL,NULL,NULL,'2025-09-20 09:35:20.404137',NULL),(35,'e530efd4-c8b9-408c-b725-75b6f6d8e37f','SUCCESS','application/json','utf-8','null','2025-09-20 09:37:15.360386',NULL,'{\"children\": []}',NULL,NULL,NULL,NULL,'2025-09-20 09:37:15.360325',NULL),(36,'1f74b5a3-be60-4845-b859-7ef832edbf4c','SUCCESS','application/json','utf-8','null','2025-09-20 09:39:08.665082',NULL,'{\"children\": []}',NULL,NULL,NULL,NULL,'2025-09-20 09:39:08.665037',NULL),(37,'e03021aa-7d22-49ef-8fc0-b5e5ca817311','SUCCESS','application/json','utf-8','null','2025-09-20 10:31:40.511295',NULL,'{\"children\": []}',NULL,NULL,NULL,NULL,'2025-09-20 10:31:40.511220',NULL),(38,'98f67459-cf6d-4e0a-99d3-ae37e6956dae','SUCCESS','application/json','utf-8','\"Email sent to sales@sevafacility.com\"','2025-09-20 10:31:40.598404',NULL,'{\"children\": []}',NULL,NULL,NULL,NULL,'2025-09-20 10:31:40.598371',NULL),(39,'9bdbe98c-1305-430b-b1ce-58d355825bd8','SUCCESS','application/json','utf-8','\"Email sent to indore.branch@sevafacility.com\"','2025-09-20 10:50:59.825607',NULL,'{\"children\": []}',NULL,NULL,NULL,NULL,'2025-09-20 10:50:59.825577',NULL),(40,'5939df98-d1ce-4b53-b1e6-d43b7181852a','SUCCESS','application/json','utf-8','null','2025-09-20 10:50:59.835277',NULL,'{\"children\": []}',NULL,NULL,NULL,NULL,'2025-09-20 10:50:59.835237',NULL),(41,'bc72222a-5185-470b-b2e6-34ec4c111874','SUCCESS','application/json','utf-8','null','2025-09-20 11:23:47.857053',NULL,'{\"children\": []}',NULL,NULL,NULL,NULL,'2025-09-20 11:23:47.857023',NULL),(42,'d0f0850a-d42b-4897-8c7a-87dcf8a7f4c2','SUCCESS','application/json','utf-8','\"Email sent to indore.branch@sevafacility.com\"','2025-09-20 11:23:47.861656',NULL,'{\"children\": []}',NULL,NULL,NULL,NULL,'2025-09-20 11:23:47.861628',NULL),(43,'0f22f4ec-e2fd-401b-a6d0-fcd081ea6c10','SUCCESS','application/json','utf-8','null','2025-09-20 14:57:16.517883',NULL,'{\"children\": []}',NULL,NULL,NULL,NULL,'2025-09-20 14:57:16.517830',NULL),(44,'9fa79fa9-8733-4de5-9e48-8ed1880b09a9','SUCCESS','application/json','utf-8','\"Email sent to sales@sevafacillity.com\"','2025-09-20 14:57:16.741092',NULL,'{\"children\": []}',NULL,NULL,NULL,NULL,'2025-09-20 14:57:16.741044',NULL),(45,'bf51a1c3-3b23-4b0e-b79b-0d10c1b6f2b7','SUCCESS','application/json','utf-8','\"Email sent to sales@sevafacility.com\"','2025-09-20 15:14:08.587841',NULL,'{\"children\": []}',NULL,NULL,NULL,NULL,'2025-09-20 15:14:08.587813',NULL),(46,'1c70a3f3-9fe0-4fb5-aa96-888854124142','SUCCESS','application/json','utf-8','null','2025-09-20 15:14:08.655387',NULL,'{\"children\": []}',NULL,NULL,NULL,NULL,'2025-09-20 15:14:08.655355',NULL),(47,'b956e04f-0c67-4482-90a4-4675adc59015','SUCCESS','application/json','utf-8','null','2025-09-22 05:17:08.877337',NULL,'{\"children\": []}',NULL,NULL,NULL,NULL,'2025-09-22 05:17:08.877301',NULL),(48,'ae72d47e-9ed3-4f37-aef8-53c9a75f0af7','SUCCESS','application/json','utf-8','\"Email sent to sales@sevafacility.com\"','2025-09-22 05:17:08.918530',NULL,'{\"children\": []}',NULL,NULL,NULL,NULL,'2025-09-22 05:17:08.918481',NULL),(49,'622bbafc-fcdd-45a7-ba3d-da4e1e32aabe','SUCCESS','application/json','utf-8','null','2025-09-22 05:52:14.506496',NULL,'{\"children\": []}',NULL,NULL,NULL,NULL,'2025-09-22 05:52:14.506461',NULL),(50,'9ab8280b-0237-4938-8e40-8149b1177558','FAILURE','application/json','utf-8','{\"exc_type\": \"TypeError\", \"exc_message\": [\"send_whatsapp_task() got an unexpected keyword argument \'attachment_path\'\"], \"exc_module\": \"builtins\"}','2025-09-22 12:08:15.969835',NULL,'{\"children\": []}',NULL,NULL,NULL,NULL,'2025-09-22 12:08:15.969797',NULL),(51,'9e66ef2c-4d5b-44c2-ad08-0626f0c986bf','SUCCESS','application/json','utf-8','null','2025-09-22 12:09:50.017412',NULL,'{\"children\": []}',NULL,NULL,NULL,NULL,'2025-09-22 12:09:50.017363',NULL),(52,'bd42f6c0-d772-4dfc-b66c-753fa5ad0347','SUCCESS','application/json','utf-8','null','2025-09-23 09:34:04.693953',NULL,'{\"children\": []}',NULL,NULL,NULL,NULL,'2025-09-23 09:34:04.693922',NULL),(53,'e6374f68-dcd3-4a8f-a92d-f212d482f3a8','SUCCESS','application/json','utf-8','\"Email sent to tanmaykulkarni1413@gmail.com\"','2025-09-25 05:07:32.695993',NULL,'{\"children\": []}',NULL,NULL,NULL,NULL,'2025-09-25 05:07:32.695964',NULL),(54,'12f54e80-4a06-4097-b511-c329f9b39bbf','SUCCESS','application/json','utf-8','\"Email sent to tanmaykulkarni1413@gmail.com\"','2025-09-25 05:08:12.910229',NULL,'{\"children\": []}',NULL,NULL,NULL,NULL,'2025-09-25 05:08:12.910199',NULL),(55,'1a45be44-ddc2-4376-9a88-dad6a253902c','SUCCESS','application/json','utf-8','\"Email sent to tanmaykulkarni1413@gmail.com\"','2025-09-25 05:10:08.195567',NULL,'{\"children\": []}',NULL,NULL,NULL,NULL,'2025-09-25 05:10:08.195516',NULL),(56,'b94da195-36ed-4606-8fd3-f41c6fd37efb','SUCCESS','application/json','utf-8','null','2025-09-25 05:36:19.992617',NULL,'{\"children\": []}',NULL,NULL,NULL,NULL,'2025-09-25 05:36:19.992568',NULL),(57,'394979b4-e124-47f4-8f1a-ece8d13e4636','SUCCESS','application/json','utf-8','\"Email sent to sales@sevafaciltiy.com\"','2025-09-25 05:36:20.012646',NULL,'{\"children\": []}',NULL,NULL,NULL,NULL,'2025-09-25 05:36:20.012590',NULL),(58,'488adbd4-87c7-40d7-af64-6e3e864e5aac','SUCCESS','application/json','utf-8','null','2025-09-27 03:37:44.573351',NULL,'{\"children\": []}',NULL,NULL,NULL,NULL,'2025-09-27 03:37:44.573308',NULL),(59,'3e1f5250-91e6-48f2-82af-71f12aab7ac2','SUCCESS','application/json','utf-8','\"Email sent to sales@sevafacility.com\"','2025-09-27 03:37:45.475200',NULL,'{\"children\": []}',NULL,NULL,NULL,NULL,'2025-09-27 03:37:45.475170',NULL),(60,'a7d7cdda-21ec-4637-884a-71d97fbb525d','SUCCESS','application/json','utf-8','null','2025-09-27 03:38:44.918957',NULL,'{\"children\": []}',NULL,NULL,NULL,NULL,'2025-09-27 03:38:44.918918',NULL),(61,'3532ec69-e177-4362-a269-51d5c198613d','SUCCESS','application/json','utf-8','\"Email sent to sales@sevafacility.com\"','2025-09-27 03:38:45.685554',NULL,'{\"children\": []}',NULL,NULL,NULL,NULL,'2025-09-27 03:38:45.685521',NULL),(62,'39742141-e915-4ee2-86db-f29bcb5a6c94','SUCCESS','application/json','utf-8','null','2025-09-27 05:25:19.512400',NULL,'{\"children\": []}',NULL,NULL,NULL,NULL,'2025-09-27 05:25:19.512373',NULL),(63,'e93e2089-0776-4b8e-87b5-9278e23a4090','SUCCESS','application/json','utf-8','\"Email sent to operation.sevafacility@gmail.com\"','2025-09-27 05:25:19.538942',NULL,'{\"children\": []}',NULL,NULL,NULL,NULL,'2025-09-27 05:25:19.538912',NULL),(64,'e7e63fdb-8a64-473f-bd20-6ca6fb293e30','SUCCESS','application/json','utf-8','null','2025-09-27 05:26:38.997019',NULL,'{\"children\": []}',NULL,NULL,NULL,NULL,'2025-09-27 05:26:38.996993',NULL),(65,'43f156d2-5eb4-472a-b5c6-779895672a92','SUCCESS','application/json','utf-8','\"Email sent to sales@sevafacility.com\"','2025-09-27 05:26:39.626833',NULL,'{\"children\": []}',NULL,NULL,NULL,NULL,'2025-09-27 05:26:39.626804',NULL),(66,'5e50ce53-8c62-40fc-b3f4-a3808083d9fe','SUCCESS','application/json','utf-8','null','2025-09-27 05:28:55.982022',NULL,'{\"children\": []}',NULL,NULL,NULL,NULL,'2025-09-27 05:28:55.981997',NULL),(67,'fbcf7e8e-9189-4c76-9891-9630254264f2','SUCCESS','application/json','utf-8','\"Email sent to sales@sevafacility.com\"','2025-09-27 05:28:56.101961',NULL,'{\"children\": []}',NULL,NULL,NULL,NULL,'2025-09-27 05:28:56.101931',NULL),(68,'1aebe3e6-71c0-40b1-93a4-87cafb68e10d','SUCCESS','application/json','utf-8','null','2025-09-27 05:56:20.314787',NULL,'{\"children\": []}',NULL,NULL,NULL,NULL,'2025-09-27 05:56:20.314753',NULL),(69,'7d9d53e7-0806-4b75-b917-635838d15373','SUCCESS','application/json','utf-8','\"Email sent to sales@sevafacility.com\"','2025-09-27 05:56:20.922910',NULL,'{\"children\": []}',NULL,NULL,NULL,NULL,'2025-09-27 05:56:20.922880',NULL),(70,'9557813e-6518-4562-9979-894428c94466','SUCCESS','application/json','utf-8','null','2025-09-27 12:15:31.221374',NULL,'{\"children\": []}',NULL,NULL,NULL,NULL,'2025-09-27 12:15:31.221348',NULL),(71,'4efeb8d0-492a-43e8-bf95-02fef932a33e','SUCCESS','application/json','utf-8','\"Email sent to sales@sevafacility.com\"','2025-09-27 12:15:32.051917',NULL,'{\"children\": []}',NULL,NULL,NULL,NULL,'2025-09-27 12:15:32.051867',NULL),(72,'ec3258d7-a637-4a92-9d38-7dbd96ef9407','SUCCESS','application/json','utf-8','null','2025-09-29 09:27:23.147321',NULL,'{\"children\": []}',NULL,NULL,NULL,NULL,'2025-09-29 09:27:23.147288',NULL),(73,'f5b7fff9-520a-4e8b-9943-11054c0c50ec','SUCCESS','application/json','utf-8','\"Email sent to sales@sevafacility.com\"','2025-09-29 09:27:23.796381',NULL,'{\"children\": []}',NULL,NULL,NULL,NULL,'2025-09-29 09:27:23.796348',NULL),(74,'916d737f-ef06-4212-b663-712c59cef404','SUCCESS','application/json','utf-8','null','2025-09-30 04:39:40.146931',NULL,'{\"children\": []}',NULL,NULL,NULL,NULL,'2025-09-30 04:39:40.146904',NULL),(75,'556a783a-392c-4b8b-90fe-bb0f37c6111c','SUCCESS','application/json','utf-8','\"Email sent to sales@sevafacility.com\"','2025-09-30 04:39:41.301579',NULL,'{\"children\": []}',NULL,NULL,NULL,NULL,'2025-09-30 04:39:41.301545',NULL),(76,'ba4e7be6-f931-4989-93c6-334f4f8bc5da','SUCCESS','application/json','utf-8','null','2025-09-30 12:46:52.765309',NULL,'{\"children\": []}',NULL,NULL,NULL,NULL,'2025-09-30 12:46:52.765274',NULL),(77,'bc1179d0-1fe9-41b7-890f-5028c6f34992','SUCCESS','application/json','utf-8','\"Email sent to sales@sevafacility.com\"','2025-09-30 12:46:53.615134',NULL,'{\"children\": []}',NULL,NULL,NULL,NULL,'2025-09-30 12:46:53.615101',NULL),(78,'e40de609-8359-4256-bbf4-aa0064756254','SUCCESS','application/json','utf-8','null','2025-10-04 05:03:07.818668',NULL,'{\"children\": []}',NULL,NULL,NULL,NULL,'2025-10-04 05:03:07.818637',NULL),(79,'4c5b12f8-2ba6-4120-b8ae-2d4606eadb10','SUCCESS','application/json','utf-8','\"Email sent to test@sample.com\"','2025-10-04 05:03:08.379635',NULL,'{\"children\": []}',NULL,NULL,NULL,NULL,'2025-10-04 05:03:08.379599',NULL),(80,'1f4c6514-6415-436a-a4b4-c66448db487b','SUCCESS','application/json','utf-8','null','2025-10-04 05:09:53.467105',NULL,'{\"children\": []}',NULL,NULL,NULL,NULL,'2025-10-04 05:09:53.467079',NULL),(81,'d3a9ccc1-1f31-4830-be5f-6e0ed7d50f41','SUCCESS','application/json','utf-8','\"Email sent to test@sample.com\"','2025-10-04 05:09:54.404227',NULL,'{\"children\": []}',NULL,NULL,NULL,NULL,'2025-10-04 05:09:54.404199',NULL),(82,'d0ec18f3-f993-40a5-8551-82b7a3427730','SUCCESS','application/json','utf-8','null','2025-10-04 06:42:55.283224',NULL,'{\"children\": []}',NULL,NULL,NULL,NULL,'2025-10-04 06:42:55.283196',NULL),(83,'ed51945a-d351-4e8a-94af-7d5347f4141b','SUCCESS','application/json','utf-8','\"Email sent to tanmaykulkarni1413@gmail.com\"','2025-10-04 06:42:55.741763',NULL,'{\"children\": []}',NULL,NULL,NULL,NULL,'2025-10-04 06:42:55.741725',NULL),(84,'92fdcc6e-eab4-4df2-ba1b-4d5221fd6ae9','SUCCESS','application/json','utf-8','null','2025-10-15 05:50:19.579108',NULL,'{\"children\": []}',NULL,NULL,NULL,NULL,'2025-10-15 05:50:19.579083',NULL),(85,'131b15ae-06a5-4b00-a52b-4211ee1cd758','SUCCESS','application/json','utf-8','\"Email sent to test@sample.com\"','2025-10-15 05:50:19.622419',NULL,'{\"children\": []}',NULL,NULL,NULL,NULL,'2025-10-15 05:50:19.622392',NULL),(86,'087b0463-46c2-4880-bc34-e35e38a2d2e9','SUCCESS','application/json','utf-8','null','2025-10-15 08:33:39.300680',NULL,'{\"children\": []}',NULL,NULL,NULL,NULL,'2025-10-15 08:33:39.300654',NULL),(87,'1e3f7db1-2aa8-482c-8505-d88f73c41b2c','SUCCESS','application/json','utf-8','\"Email sent to test@sample.com\"','2025-10-15 08:33:39.807017',NULL,'{\"children\": []}',NULL,NULL,NULL,NULL,'2025-10-15 08:33:39.806985',NULL),(88,'511c799a-d380-431f-a733-875fe9c0c41f','SUCCESS','application/json','utf-8','null','2025-10-17 05:11:28.448964',NULL,'{\"children\": []}',NULL,NULL,NULL,NULL,'2025-10-17 05:11:28.448938',NULL),(89,'eb87fe9d-0c77-4506-a6e5-5ac0e168ecd4','SUCCESS','application/json','utf-8','\"Email sent to test@sample.com\"','2025-10-17 05:11:29.078926',NULL,'{\"children\": []}',NULL,NULL,NULL,NULL,'2025-10-17 05:11:29.078897',NULL),(90,'45222229-1874-4980-97f9-6982668319b4','SUCCESS','application/json','utf-8','null','2025-10-17 05:28:53.068672',NULL,'{\"children\": []}',NULL,NULL,NULL,NULL,'2025-10-17 05:28:53.068636',NULL),(91,'8d5ebbac-6728-4cab-a101-0bdf0997a677','SUCCESS','application/json','utf-8','\"Email sent to test@sample.com\"','2025-10-17 05:28:53.527592',NULL,'{\"children\": []}',NULL,NULL,NULL,NULL,'2025-10-17 05:28:53.527552',NULL),(92,'cf7bf009-befe-4f83-b226-3c6f92ae6851','SUCCESS','application/json','utf-8','null','2025-10-17 05:29:46.006744',NULL,'{\"children\": []}',NULL,NULL,NULL,NULL,'2025-10-17 05:29:46.006718',NULL),(93,'a2179721-d502-4353-bfea-03d534b03228','SUCCESS','application/json','utf-8','\"Email sent to test@sample.com\"','2025-10-17 05:29:46.377802',NULL,'{\"children\": []}',NULL,NULL,NULL,NULL,'2025-10-17 05:29:46.377775',NULL),(94,'45f1eff7-4a93-4876-9138-cb13dcc98131','SUCCESS','application/json','utf-8','null','2025-10-28 04:24:51.726268',NULL,'{\"children\": []}',NULL,NULL,NULL,NULL,'2025-10-28 04:24:51.726217',NULL),(95,'3ea7427d-5c78-4ab5-8437-a0309aaf1f2b','SUCCESS','application/json','utf-8','\"Email sent to test@sample.com\"','2025-10-28 04:24:53.030413',NULL,'{\"children\": []}',NULL,NULL,NULL,NULL,'2025-10-28 04:24:53.030361',NULL),(96,'2e2bdbf2-37e8-412b-9959-83ff4ffe18f6','SUCCESS','application/json','utf-8','null','2025-10-28 04:26:57.827616',NULL,'{\"children\": []}',NULL,NULL,NULL,NULL,'2025-10-28 04:26:57.827551',NULL),(97,'8c7878c8-b5a7-4657-aac3-8837fe98cafc','SUCCESS','application/json','utf-8','\"Email sent to test@sample.com\"','2025-10-28 04:26:58.261777',NULL,'{\"children\": []}',NULL,NULL,NULL,NULL,'2025-10-28 04:26:58.261715',NULL),(98,'68d040c8-5daa-4b6b-a1c1-f9115f66c0d3','SUCCESS','application/json','utf-8','null','2025-10-28 04:27:30.494653',NULL,'{\"children\": []}',NULL,NULL,NULL,NULL,'2025-10-28 04:27:30.494615',NULL),(99,'ecbe19e8-236f-4b2e-8906-ccc2c04a8843','SUCCESS','application/json','utf-8','\"Email sent to sales@sevafacility.com\"','2025-10-28 04:27:32.253331',NULL,'{\"children\": []}',NULL,NULL,NULL,NULL,'2025-10-28 04:27:32.253282',NULL),(100,'127bec59-683c-4df2-9cd6-57858396da62','SUCCESS','application/json','utf-8','null','2025-10-28 04:28:24.425115',NULL,'{\"children\": []}',NULL,NULL,NULL,NULL,'2025-10-28 04:28:24.425067',NULL),(101,'c51ccfac-b50b-421f-b3eb-bc79d40df178','SUCCESS','application/json','utf-8','\"Email sent to sales@sevafacility.com\"','2025-10-28 04:28:24.774630',NULL,'{\"children\": []}',NULL,NULL,NULL,NULL,'2025-10-28 04:28:24.774595',NULL),(102,'32819533-f17a-4d39-b446-fea3eaeb1579','SUCCESS','application/json','utf-8','null','2025-10-28 04:28:58.837211',NULL,'{\"children\": []}',NULL,NULL,NULL,NULL,'2025-10-28 04:28:58.837158',NULL),(103,'9b6e6aaf-349c-475c-bb7b-9c42ea61c209','SUCCESS','application/json','utf-8','\"Email sent to test@sample.com\"','2025-10-28 04:28:59.238121',NULL,'{\"children\": []}',NULL,NULL,NULL,NULL,'2025-10-28 04:28:59.238088',NULL),(104,'1d2e7fdc-d212-4e47-a1b9-48279cd474fe','SUCCESS','application/json','utf-8','null','2025-10-28 04:29:10.560343',NULL,'{\"children\": []}',NULL,NULL,NULL,NULL,'2025-10-28 04:29:10.560308',NULL),(105,'23089e49-eec7-4de1-b4d0-595b46212af6','SUCCESS','application/json','utf-8','\"Email sent to sevafacility616@gmail.com\"','2025-10-28 04:29:10.885531',NULL,'{\"children\": []}',NULL,NULL,NULL,NULL,'2025-10-28 04:29:10.885483',NULL),(106,'664593af-b885-436b-9790-03ef3c0222f9','SUCCESS','application/json','utf-8','null','2025-10-28 04:29:27.828147',NULL,'{\"children\": []}',NULL,NULL,NULL,NULL,'2025-10-28 04:29:27.828115',NULL),(107,'dee05645-61ab-4c59-9f2d-013758341d93','SUCCESS','application/json','utf-8','\"Email sent to sales@sevafacility.com\"','2025-10-28 04:29:28.177192',NULL,'{\"children\": []}',NULL,NULL,NULL,NULL,'2025-10-28 04:29:28.177158',NULL),(108,'51dd7bf1-2d15-44b8-81ed-314ef23271bb','SUCCESS','application/json','utf-8','null','2025-10-28 04:29:42.906888',NULL,'{\"children\": []}',NULL,NULL,NULL,NULL,'2025-10-28 04:29:42.906857',NULL),(109,'1e606421-ee4c-4a3b-9e0a-132e2ad40582','SUCCESS','application/json','utf-8','\"Email sent to sales@sevafacility.com\"','2025-10-28 04:29:43.322931',NULL,'{\"children\": []}',NULL,NULL,NULL,NULL,'2025-10-28 04:29:43.322897',NULL),(110,'48a5a9cb-2da5-44d3-a83e-2caba25a8923','SUCCESS','application/json','utf-8','null','2025-10-28 04:29:55.355705',NULL,'{\"children\": []}',NULL,NULL,NULL,NULL,'2025-10-28 04:29:55.355674',NULL),(111,'c72d10d8-f75e-4876-b2ee-61422ff84eac','SUCCESS','application/json','utf-8','\"Email sent to sales@sevafacility.com\"','2025-10-28 04:29:55.669119',NULL,'{\"children\": []}',NULL,NULL,NULL,NULL,'2025-10-28 04:29:55.669085',NULL),(112,'1f938ac1-61e4-47c0-86a4-4bd01c0b3e4f','SUCCESS','application/json','utf-8','null','2025-10-28 04:30:18.577612',NULL,'{\"children\": []}',NULL,NULL,NULL,NULL,'2025-10-28 04:30:18.577582',NULL),(113,'1ba93833-fc2a-4639-843f-bc5e6cc10c83','SUCCESS','application/json','utf-8','\"Email sent to test@sample.com\"','2025-10-28 04:30:18.972439',NULL,'{\"children\": []}',NULL,NULL,NULL,NULL,'2025-10-28 04:30:18.972406',NULL),(114,'0217f0ac-01a4-4cd3-ae5d-d4545858b859','SUCCESS','application/json','utf-8','null','2025-10-28 04:30:30.811639',NULL,'{\"children\": []}',NULL,NULL,NULL,NULL,'2025-10-28 04:30:30.811576',NULL),(115,'cfcbf1f9-c34c-46c6-9cea-ae5cbf1346e6','SUCCESS','application/json','utf-8','\"Email sent to sales@sevafacility.com\"','2025-10-28 04:30:31.160892',NULL,'{\"children\": []}',NULL,NULL,NULL,NULL,'2025-10-28 04:30:31.160836',NULL);
/*!40000 ALTER TABLE `django_celery_results_taskresult` ENABLE KEYS */;
UNLOCK TABLES;

--
-- Table structure for table `django_content_type`
--

DROP TABLE IF EXISTS `django_content_type`;
/*!40101 SET @saved_cs_client     = @@character_set_client */;
/*!50503 SET character_set_client = utf8mb4 */;
CREATE TABLE `django_content_type` (
  `id` int NOT NULL AUTO_INCREMENT,
  `app_label` varchar(100) NOT NULL,
  `model` varchar(100) NOT NULL,
  PRIMARY KEY (`id`),
  UNIQUE KEY `django_content_type_app_label_model_76bd3d3b_uniq` (`app_label`,`model`)
) ENGINE=InnoDB AUTO_INCREMENT=52 DEFAULT CHARSET=utf8mb4 COLLATE=utf8mb4_0900_ai_ci;
/*!40101 SET character_set_client = @saved_cs_client */;

--
-- Dumping data for table `django_content_type`
--

LOCK TABLES `django_content_type` WRITE;
/*!40000 ALTER TABLE `django_content_type` DISABLE KEYS */;
INSERT INTO `django_content_type` VALUES (1,'admin','logentry'),(3,'auth','group'),(2,'auth','permission'),(4,'auth','user'),(42,'chat_app','chatbot'),(5,'contenttypes','contenttype'),(39,'crmapp','bankaccounts'),(37,'crmapp','branch'),(50,'crmapp','branchmanager'),(16,'crmapp','customer_details'),(22,'crmapp','finalfollowup'),(21,'crmapp','firstfollowup'),(24,'crmapp','inventory_add'),(23,'crmapp','inventory_summary'),(20,'crmapp','invoice'),(34,'crmapp','invoiceterm'),(17,'crmapp','lead_management'),(38,'crmapp','main_followup'),(49,'crmapp','messagetemplates'),(51,'crmapp','operationperson'),(46,'crmapp','paymentsrecord'),(18,'crmapp','product'),(25,'crmapp','quotation'),(36,'crmapp','quotation_management'),(35,'crmapp','quotationterm'),(28,'crmapp','reschedule'),(33,'crmapp','salesperson'),(26,'crmapp','secondfollowup'),(27,'crmapp','service_management'),(48,'crmapp','serviceproduct'),(44,'crmapp','taxinvoice'),(45,'crmapp','taxinvoiceitem'),(29,'crmapp','technicianprofile'),(32,'crmapp','techworklist'),(30,'crmapp','thirdfollowup'),(19,'crmapp','uploadedfile'),(47,'crmapp','userprofile'),(31,'crmapp','workallocation'),(43,'dashboard','lead'),(12,'django_celery_beat','clockedschedule'),(7,'django_celery_beat','crontabschedule'),(8,'django_celery_beat','intervalschedule'),(9,'django_celery_beat','periodictask'),(10,'django_celery_beat','periodictasks'),(11,'django_celery_beat','solarschedule'),(14,'django_celery_results','chordcounter'),(15,'django_celery_results','groupresult'),(13,'django_celery_results','taskresult'),(40,'ocrapp','visitingcard'),(41,'schedule_meetings','meeting'),(6,'sessions','session');
/*!40000 ALTER TABLE `django_content_type` ENABLE KEYS */;
UNLOCK TABLES;

--
-- Table structure for table `django_migrations`
--

DROP TABLE IF EXISTS `django_migrations`;
/*!40101 SET @saved_cs_client     = @@character_set_client */;
/*!50503 SET character_set_client = utf8mb4 */;
CREATE TABLE `django_migrations` (
  `id` bigint NOT NULL AUTO_INCREMENT,
  `app` varchar(255) NOT NULL,
  `name` varchar(255) NOT NULL,
  `applied` datetime(6) NOT NULL,
  PRIMARY KEY (`id`)
) ENGINE=InnoDB AUTO_INCREMENT=142 DEFAULT CHARSET=utf8mb4 COLLATE=utf8mb4_0900_ai_ci;
/*!40101 SET character_set_client = @saved_cs_client */;

--
-- Dumping data for table `django_migrations`
--

LOCK TABLES `django_migrations` WRITE;
/*!40000 ALTER TABLE `django_migrations` DISABLE KEYS */;
INSERT INTO `django_migrations` VALUES (1,'contenttypes','0001_initial','2025-06-09 12:56:09.154780'),(2,'auth','0001_initial','2025-06-09 12:56:09.986960'),(3,'admin','0001_initial','2025-06-09 12:56:10.177849'),(4,'admin','0002_logentry_remove_auto_add','2025-06-09 12:56:10.190468'),(5,'admin','0003_logentry_add_action_flag_choices','2025-06-09 12:56:10.201621'),(6,'contenttypes','0002_remove_content_type_name','2025-06-09 12:56:10.332968'),(7,'auth','0002_alter_permission_name_max_length','2025-06-09 12:56:10.424002'),(8,'auth','0003_alter_user_email_max_length','2025-06-09 12:56:10.456349'),(9,'auth','0004_alter_user_username_opts','2025-06-09 12:56:10.465584'),(10,'auth','0005_alter_user_last_login_null','2025-06-09 12:56:10.538971'),(11,'auth','0006_require_contenttypes_0002','2025-06-09 12:56:10.542916'),(12,'auth','0007_alter_validators_add_error_messages','2025-06-09 12:56:10.554577'),(13,'auth','0008_alter_user_username_max_length','2025-06-09 12:56:10.636889'),(14,'auth','0009_alter_user_last_name_max_length','2025-06-09 12:56:10.736394'),(15,'auth','0010_alter_group_name_max_length','2025-06-09 12:56:10.759173'),(16,'auth','0011_update_proxy_permissions','2025-06-09 12:56:10.767457'),(17,'auth','0012_alter_user_first_name_max_length','2025-06-09 12:56:10.835882'),(18,'chat_app','0001_initial','2025-06-09 12:56:10.937377'),(19,'crmapp','0001_initial','2025-06-09 12:56:13.563745'),(20,'crmapp','0002_lead_management_branch','2025-06-09 12:56:13.670140'),(21,'crmapp','0003_alter_lead_management_branch','2025-06-09 12:56:13.679352'),(22,'crmapp','0004_rename_firstname_customer_details_fullname_and_more','2025-06-09 12:56:13.790115'),(23,'crmapp','0005_lead_management_state','2025-06-09 12:56:13.896008'),(24,'crmapp','0006_salesperson','2025-06-09 12:56:13.930313'),(25,'crmapp','0007_invoiceterm_quotationterm','2025-06-09 12:56:13.982998'),(26,'crmapp','0008_quotation_management','2025-06-09 12:56:14.335391'),(27,'crmapp','0009_remove_quotation_management_contract_status_and_more','2025-06-09 12:56:15.300026'),(28,'crmapp','0010_remove_quotation_management_delivery_time_and_more','2025-06-09 12:56:15.922201'),(29,'crmapp','0011_remove_quotation_management_technician_and_more','2025-06-09 12:56:16.350769'),(30,'crmapp','0012_rename_gst_checkbox_quotation_management_apply_gst','2025-06-09 12:56:16.399745'),(31,'crmapp','0013_alter_quotation_management_gst_status_and_more','2025-06-09 12:56:16.715049'),(32,'crmapp','0014_alter_quotation_management_gst_status_and_more','2025-06-09 12:56:16.933406'),(33,'crmapp','0015_branch','2025-06-09 12:56:16.964777'),(34,'crmapp','0016_remove_quotation_management_gst_number_and_more','2025-06-09 12:56:17.515322'),(35,'crmapp','0017_quotation_management_gst_number','2025-06-09 12:56:17.587889'),(36,'crmapp','0018_alter_customer_details_shifttopartyaddress_and_more','2025-06-09 12:56:17.823910'),(37,'crmapp','0019_remove_workallocation_customer_fname_and_more','2025-06-09 12:56:18.067762'),(38,'crmapp','0020_alter_lead_management_branch','2025-06-09 12:56:18.285920'),(39,'crmapp','0021_alter_lead_management_state','2025-06-09 12:56:18.299135'),(40,'crmapp','0022_alter_lead_management_branch_main_followup','2025-06-09 12:56:18.458420'),(41,'crmapp','0023_alter_lead_management_options_and_more','2025-06-09 12:56:18.495909'),(42,'crmapp','0024_alter_main_followup_next_followup_date','2025-06-09 12:56:18.547474'),(43,'crmapp','0025_workallocation_service_and_more','2025-06-09 12:56:19.472921'),(44,'crmapp','0026_remove_workallocation_service_workallocation_service','2025-06-09 12:56:19.650555'),(45,'crmapp','0027_remove_service_management_technician','2025-06-09 12:56:19.714918'),(46,'crmapp','0028_remove_techworklist_work_techworklist_work','2025-06-09 12:56:20.046567'),(47,'crmapp','0029_remove_technicianprofile_password','2025-06-09 12:56:20.112877'),(48,'crmapp','0030_remove_techworklist_work_techworklist_work','2025-06-09 12:56:20.275802'),(49,'crmapp','0031_remove_techworklist_work_techworklist_work','2025-06-09 12:56:20.548746'),(50,'crmapp','0032_service_management_technicians','2025-06-09 12:56:20.738768'),(51,'crmapp','0033_alter_service_management_technicians','2025-06-09 12:56:20.764450'),(52,'crmapp','0034_alter_inventory_add_quantity','2025-06-09 12:56:20.884947'),(53,'crmapp','0035_alter_inventory_add_quantity_and_more','2025-06-09 12:56:21.136873'),(54,'crmapp','0036_alter_inventory_summary_quantity_and_more','2025-06-09 12:56:21.163777'),(55,'crmapp','0037_remove_service_management_gst_checkbox_and_more','2025-06-09 12:56:21.357978'),(56,'crmapp','0038_remove_service_management_gst_number','2025-06-09 12:56:21.476642'),(57,'crmapp','0034_quotation_management_branch_address_and_more','2025-06-09 12:56:21.826762'),(58,'crmapp','0035_customer_details_branch','2025-06-09 12:56:21.942883'),(59,'crmapp','0036_remove_customer_details_branch_and_more','2025-06-09 12:56:22.630996'),(60,'crmapp','0039_merge_20250607_1042','2025-06-09 12:56:22.635105'),(61,'crmapp','0039_merge_20250607_1011','2025-06-09 12:56:22.638785'),(62,'crmapp','0040_merge_20250607_1627','2025-06-09 12:56:22.643398'),(63,'crmapp','0041_bankaccounts','2025-06-09 12:56:22.676178'),(64,'dashboard','0001_initial','2025-06-09 12:56:22.703918'),(65,'django_celery_beat','0001_initial','2025-06-09 12:56:22.937425'),(66,'django_celery_beat','0002_auto_20161118_0346','2025-06-09 12:56:23.031937'),(67,'django_celery_beat','0003_auto_20161209_0049','2025-06-09 12:56:23.058810'),(68,'django_celery_beat','0004_auto_20170221_0000','2025-06-09 12:56:23.066557'),(69,'django_celery_beat','0005_add_solarschedule_events_choices','2025-06-09 12:56:23.075369'),(70,'django_celery_beat','0006_auto_20180322_0932','2025-06-09 12:56:23.230878'),(71,'django_celery_beat','0007_auto_20180521_0826','2025-06-09 12:56:23.369808'),(72,'django_celery_beat','0008_auto_20180914_1922','2025-06-09 12:56:23.410863'),(73,'django_celery_beat','0006_auto_20180210_1226','2025-06-09 12:56:23.452598'),(74,'django_celery_beat','0006_periodictask_priority','2025-06-09 12:56:23.557221'),(75,'django_celery_beat','0009_periodictask_headers','2025-06-09 12:56:23.660902'),(76,'django_celery_beat','0010_auto_20190429_0326','2025-06-09 12:56:23.847909'),(77,'django_celery_beat','0011_auto_20190508_0153','2025-06-09 12:56:23.976182'),(78,'django_celery_beat','0012_periodictask_expire_seconds','2025-06-09 12:56:24.090483'),(79,'django_celery_beat','0013_auto_20200609_0727','2025-06-09 12:56:24.112876'),(80,'django_celery_beat','0014_remove_clockedschedule_enabled','2025-06-09 12:56:24.164794'),(81,'django_celery_beat','0015_edit_solarschedule_events_choices','2025-06-09 12:56:24.171100'),(82,'django_celery_beat','0016_alter_crontabschedule_timezone','2025-06-09 12:56:24.183281'),(83,'django_celery_beat','0017_alter_crontabschedule_month_of_year','2025-06-09 12:56:24.195168'),(84,'django_celery_beat','0018_improve_crontab_helptext','2025-06-09 12:56:24.207981'),(85,'django_celery_beat','0019_alter_periodictasks_options','2025-06-09 12:56:24.214489'),(86,'django_celery_results','0001_initial','2025-06-09 12:56:24.262728'),(87,'django_celery_results','0002_add_task_name_args_kwargs','2025-06-09 12:56:24.426342'),(88,'django_celery_results','0003_auto_20181106_1101','2025-06-09 12:56:24.434089'),(89,'django_celery_results','0004_auto_20190516_0412','2025-06-09 12:56:24.564799'),(90,'django_celery_results','0005_taskresult_worker','2025-06-09 12:56:24.676790'),(91,'django_celery_results','0006_taskresult_date_created','2025-06-09 12:56:24.839648'),(92,'django_celery_results','0007_remove_taskresult_hidden','2025-06-09 12:56:24.927114'),(93,'django_celery_results','0008_chordcounter','2025-06-09 12:56:24.962405'),(94,'django_celery_results','0009_groupresult','2025-06-09 12:56:25.403436'),(95,'django_celery_results','0010_remove_duplicate_indices','2025-06-09 12:56:25.422415'),(96,'django_celery_results','0011_taskresult_periodic_task_name','2025-06-09 12:56:25.507442'),(97,'ocrapp','0001_initial','2025-06-09 12:56:25.542605'),(99,'sessions','0001_initial','2025-06-09 12:56:25.797852'),(100,'crmapp','0042_branch_code_branch_shortcut_branch_state','2025-06-10 05:55:38.351639'),(101,'crmapp','0043_quotation_management_product_details_json_and_more','2025-06-12 06:35:00.865508'),(102,'crmapp','0044_quotation_management_contact_by_and_more','2025-06-12 10:50:31.848040'),(103,'crmapp','0045_quotation_management_quotation_no_and_more','2025-06-17 06:08:10.304643'),(104,'crmapp','0046_quotation_management_customer','2025-06-17 10:18:31.976396'),(105,'crmapp','0047_quotation_management_custom_terms_paymentsrecord','2025-06-28 05:27:21.167117'),(106,'crmapp','0048_alter_lead_management_customersegment','2025-07-07 09:05:40.873550'),(107,'crmapp','0049_alter_lead_management_customersegment','2025-07-08 09:34:30.390638'),(108,'crmapp','0050_service_management_segment','2025-07-11 06:20:36.591234'),(109,'crmapp','0051_rename_customersegment_customer_details_designation_and_more','2025-07-14 04:52:18.283776'),(110,'crmapp','0052_quotation_management_thank_u_note','2025-07-15 12:18:55.692027'),(111,'crmapp','0053_userprofile','2025-07-17 07:25:32.923711'),(112,'crmapp','0054_alter_userprofile_role','2025-07-18 06:49:04.636068'),(113,'crmapp','0055_remove_service_management_selected_services','2025-07-23 05:30:35.044887'),(114,'crmapp','0056_service_management_gst_status_serviceproduct_and_more','2025-07-23 05:34:20.390100'),(115,'crmapp','0057_serviceproduct_description_and_more','2025-07-24 12:22:46.411953'),(116,'crmapp','0058_quotation_management_terms_order','2025-08-07 07:05:13.452933'),(117,'crmapp','0059_alter_quotation_management_cgst_and_more','2025-08-08 10:30:22.099071'),(118,'crmapp','0060_taxinvoice_branch_alter_taxinvoice_quotation','2025-08-13 12:15:13.484867'),(119,'crmapp','0061_taxinvoice_bill_to_address_taxinvoice_declaration_and_more','2025-08-19 07:05:43.426898'),(120,'crmapp','0062_alter_product_category','2025-08-21 12:22:14.645189'),(121,'crmapp','0063_alter_product_category','2025-08-21 12:53:27.826946'),(122,'crmapp','0064_rename_declaration_taxinvoice_terms_of_delivery_and_more','2025-08-26 12:59:04.458976'),(123,'crmapp','0065_remove_quotation_management_city_and_more','2025-08-29 11:04:10.446784'),(124,'crmapp','0066_techworklist_is_notified_techworklist_next_due_date_and_more','2025-09-05 11:02:45.635825'),(125,'crmapp','0067_messagetemplates_service_management_service_subject','2025-09-17 09:01:15.669441'),(126,'crmapp','0001_initial','2025-09-17 12:32:57.000000'),(128,'schedule_meetings','0001_initial','2025-09-19 05:43:27.678887'),(129,'crmapp','0002_service_management_branch','2025-09-23 14:35:09.441373'),(130,'crmapp','0003_paymentsrecord_last_alert_sent_and_more','2025-09-30 06:39:15.356932'),(131,'crmapp','0004_product_hsn_code','2025-10-03 04:29:51.578861'),(132,'crmapp','0005_remove_lead_management_branch_and_more','2025-10-04 11:15:12.824544'),(133,'crmapp','0006_lead_management_branch','2025-10-04 11:15:12.928911'),(134,'crmapp','0007_customer_details_branch_salesperson_branch_and_more','2025-10-13 08:50:57.484297'),(135,'crmapp','0008_technicianprofile_branch_alter_userprofile_role_and_more','2025-10-13 08:50:57.716530'),(136,'crmapp','0009_remove_lead_management_old_branch_and_more','2025-10-13 10:31:48.762210'),(137,'crmapp','0010_lead_management_branch_manager','2025-10-13 10:56:11.661584'),(138,'crmapp','0011_alter_customer_details_contactperson','2025-10-15 09:01:04.148470'),(139,'crmapp','0012_lead_management_admin_and_more','2025-10-15 09:12:10.833537'),(140,'crmapp','0013_remove_quotation_management_contact_by_and_more','2025-10-16 17:37:24.126618'),(141,'crmapp','0014_remove_quotation_management_contact_by_content_type_and_more','2025-10-16 17:37:24.322686');
/*!40000 ALTER TABLE `django_migrations` ENABLE KEYS */;
UNLOCK TABLES;

--
-- Table structure for table `django_session`
--

DROP TABLE IF EXISTS `django_session`;
/*!40101 SET @saved_cs_client     = @@character_set_client */;
/*!50503 SET character_set_client = utf8mb4 */;
CREATE TABLE `django_session` (
  `session_key` varchar(40) NOT NULL,
  `session_data` longtext NOT NULL,
  `expire_date` datetime(6) NOT NULL,
  PRIMARY KEY (`session_key`),
  KEY `django_session_expire_date_a5c62663` (`expire_date`)
) ENGINE=InnoDB DEFAULT CHARSET=utf8mb4 COLLATE=utf8mb4_general_ci;
/*!40101 SET character_set_client = @saved_cs_client */;

--
-- Dumping data for table `django_session`
--

LOCK TABLES `django_session` WRITE;
/*!40000 ALTER TABLE `django_session` DISABLE KEYS */;
INSERT INTO `django_session` VALUES ('03nju8o8isuxh68bvgkie5ulgwgurtet','.eJxVizkOwjAQAP_iGkWsr7UpoecL1npjywglRD4qxN8BKQW0czxFoNFLGC3VcJvFSYA4_LJIfE_rV3BdaNumHbTp8lg7cb-OJaZ63rO_t1ArnxE1SJQJyVjwBnTGLOORnHJsLEJCkHZmTYDIikF5dpDASJeV15qzeL0Bi4c1EA:1vDbFL:AvmAICPnoCLgVoKhEjVM0U7jjUv52Ldl71UXX37KO60','2025-11-11 04:23:47.060797'),('11k1s1uzn6pbmi9ystahnnfpw1z3rwhm','.eJxVizkOwjAQAP_iGkWsr7UpoecL1npjywglRD4qxN8BKQW0czxFoNFLGC3VcJvFSYA4_LJIfE_rV3BdaNumHbTp8lg7cb-OJaZ63rO_t1ArnxE1SJQJyVjwBnTGLOORnHJsLEJCkHZmTYDIikF5dpDASJeV15qzeL0Bi4c1EA:1uYiHn:avVS1Xhq6Juj2YPCzP3BJiVN-zIj_ZfOc2NUCK8-i40','2025-07-21 09:37:19.289455'),('1wpf54d9dgqi76vh64z7lhxn2fgn7e44','.eJxVizkOwjAQAP_iGkWsr7UpoecL1npjywglRD4qxN8BKQW0czxFoNFLGC3VcJvFSYA4_LJIfE_rV3BdaNumHbTp8lg7cb-OJaZ63rO_t1ArnxE1SJQJyVjwBnTGLOORnHJsLEJCkHZmTYDIikF5dpDASJeV15qzeL0Bi4c1EA:1uzCSH:dH6pbQItydnYeLBZ8pIZzz73qbvRB1elaXBckiTQLZA','2025-10-02 11:05:37.415302'),('292ef38nmhchhg5wtan2jnlr90d9rxru','.eJxVi70OwiAQgN-F2TT0sMfhqLuvQOA4gjGtDZTJ-O6mSQddv5-38qFvxfcm1T-SuihSp18WAz9l2QXXOazrcIA23F7LFni79zlKvR7Z31tCK_voYNSEiSZjjHVgkWLCTCFzNDyhA7BMkkSjdecRM5OLkCUBJolOq88XqZ02JQ:1ufZ5n:tq8sRavOcIuurKIOEv166gME6h4ObsF2IGlZa2CP1SE','2025-08-09 07:13:15.627784'),('2l2w7l41l8je2mfiz9a9g33hc18hcqkw','.eJxVizkOwjAQAP_iGkWsr7UpoecL1npjywglRD4qxN8BKQW0czxFoNFLGC3VcJvFSYA4_LJIfE_rV3BdaNumHbTp8lg7cb-OJaZ63rO_t1ArnxE1SJQJyVjwBnTGLOORnHJsLEJCkHZmTYDIikF5dpDASJeV15qzeL0Bi4c1EA:1usISN:nWJTtemueqXwg7urLS_yyU8pNWosKPOKMsddqmleZ7Q','2025-09-13 10:05:11.154986'),('2n0ntqnrj480kmn9obu5xm42wj5ol84s','.eJxVizkOwjAQAP_iGkWsr7UpoecL1npjywglRD4qxN8BKQW0czxFoNFLGC3VcJvFSYA4_LJIfE_rV3BdaNumHbTp8lg7cb-OJaZ63rO_t1ArnxE1SJQJyVjwBnTGLOORnHJsLEJCkHZmTYDIikF5dpDASJeV15qzeL0Bi4c1EA:1uOueN:nFmQedURN5Kmz81RWRCKQa7lQ2jOaLULlyYCXzprIFk','2025-06-24 08:48:07.290874'),('2nwptz0joxovjwfhr58ue8t7r9rtdhwp','.eJxVizsOwjAMQO-SGVWpHZOWEXauEDkfKwi1VPlMiLsDUgdY3-epHPeWXa-puFtUJ4Xq8Ms8h3tavyKUhbdt2EEdLo-1cWjXvvhUznv292au-TNG8hhQkIS1RIrAYDAkEBFDaANrPCIBjTMbba0fyc_IkwUgmAC0er0BzVQ1gQ:1v3r4U:-i7aF-C9NbdC9uwmDOGc5JybJJYIrAz-9EJJ65lokW0','2025-10-15 07:16:18.857966'),('2w8za5om5dsz3oa6xhx3pqth081xf2dx','.eJx1U1FvmzAQ_iuI5yzCCQTo09qq6tYtbV62l6qyDvsINGBT2zRrq_73noF0yaRJPNjf3ffd3XfmLeTQu4r3Fg2vZXgWsnB2jBUgdqh8QJgWum4-AXZ-qZUD4W77tkBzMaWdcCuwFRHTmC3SBaaQrFiesLhMy0URQbbMRLJKGaZssZIiBpamYinYMhcZQ5YssnKZx7EoSfSp1w5crRUvtWm5BAfh2VsorCnbWsoG92DQaWrBT6Au8t1d9fS82lxj_m13fnfjwLpuLa-2my2uxe9fubZ_sImj7NpkxfVlc5NcXe3XQsFr8tRTPTHOxpX2_WcJixLGooWP9Nbp9tOsJD_GsIW6IRhq0-laOfrQqKFxaL5ufXQudEsUi1RCgnn55BzrlH3TcAUtEn5em2DjxYLvx2rBichJv8dK7qXzIndmC6p-HbgU1uagvh5vE__fYS00aHmHxpLzTW19wsbAjvYaXFbaVXjkVfEy2RXHaRxFK5Z4hb54xEH4ZIu0QBwxV4Ha8Z6oBwSkNGitL9VoF9zqecCyWfATFA6XxSy4xX2wBrWFhvYebNBVs-AH2AKm86an3JiGYGw-3b5Md18STWs5KOnHlrVvyHJtJBqUny3wMetvxhhBBUWDfDtYMXhJD_25FjgZPQANTYySTxE7eD3xO6NlT2ZJdLR2yx_JWYrcP_i-yJ2Gd4Y4BEXzKCKQKh2WKPzZ-tKH3LGNKfOIzvc1_YMn0cKAEtX4av_jQXh2__D-_gHlw1pB:1v251S:ryQokH0ewgKslSWsNhZs48IwXSLDMUCrRYSBTYPj8c8','2025-10-10 09:45:50.315114'),('36gzdxg8ay316r8em43amegdbfcitve5','.eJxVizkOwjAQAP_iGkWsr7UpoecL1npjywglRD4qxN8BKQW0czxFoNFLGC3VcJvFSYA4_LJIfE_rV3BdaNumHbTp8lg7cb-OJaZ63rO_t1ArnxE1SJQJyVjwBnTGLOORnHJsLEJCkHZmTYDIikF5dpDASJeV15qzeL0Bi4c1EA:1uUMWx:JAmJoaKY08dqLCiFxqRaX0JNz_3s3735_RbcCHEZ4e4','2025-07-09 09:34:59.538135'),('37fvttxcjpsg7hgfsg5w9tpkke9z2qxq','.eJxVizkOwjAQAP_iGkWsr7UpoecL1npjywglRD4qxN8BKQW0czxFoNFLGC3VcJvFSYA4_LJIfE_rV3BdaNumHbTp8lg7cb-OJaZ63rO_t1ArnxE1SJQJyVjwBnTGLOORnHJsLEJCkHZmTYDIikF5dpDASJeV15qzeL0Bi4c1EA:1uOr3a:Paji9Fcmuxqj1Y7g0M-LsLgyfryOiW4SpkjcwkO0-EU','2025-06-24 04:57:54.206218'),('39hffs0usp9ng21efv292xt55ugdrvv8','.eJxVizkOwjAQAP_iGkWsr7UpoecL1npjywglRD4qxN8BKQW0czxFoNFLGC3VcJvFSYA4_LJIfE_rV3BdaNumHbTp8lg7cb-OJaZ63rO_t1ArnxE1SJQJyVjwBnTGLOORnHJsLEJCkHZmTYDIikF5dpDASJeV15qzeL0Bi4c1EA:1uP0Rq:QnLBfPPaNhUXGaa7jKZRl5MdGXSGs-8AXzg074McBn0','2025-06-24 14:59:34.249699'),('3t8646bzsbq7vb69lsqgnt1gr9japgfs','.eJxVizkOwjAQAP_iGkWsr7UpoecL1npjywglRD4qxN8BKQW0czxFoNFLGC3VcJvFSYA4_LJIfE_rV3BdaNumHbTp8lg7cb-OJaZ63rO_t1ArnxE1SJQJyVjwBnTGLOORnHJsLEJCkHZmTYDIikF5dpDASJeV15qzeL0Bi4c1EA:1uVT9q:EPrCu9NKPexB3Deo6yVS9HNy0FG8WnSyvJpZ_ThOs0c','2025-07-12 10:51:42.594618'),('3vd4h7ytsttcfp3kmlmyqbuntilu2u1h','.eJxVizsOwjAMQO-SGVWNG-XDCHuvEDm2oyDUUiXphLg7IHWA9X2eKuLeS9yb1HhjdVY6qNMvTEh3Wb-G6oLbNhygDdfH2pH6vC9J6uXI_t6CrXxGEEuSPGhPQTsRy6xBkpvYoR45Z5l0yCOAZMNODDEFQ-g4GYvgk3q9AQzFN7A:1ueB4b:R_6gpIHSsuohM5Q2oE6TNq4M4HRwBkZHSiDxufb7qw4','2025-08-05 11:22:17.349106'),('47a8wbaeqc3s6kcl08rzqmiuuorndav2','.eJxVi8sOwiAQRf-FtWmAYVrqUvf-AhkYCMa0NjxWxn-3Jl3o7ubcc17CUW_Z9RqLu7M4CwXi9As9hUdcv08oC23bcIA6XJ9ro9BuffGxXA7tr81U8x4mOXlIhJiknb1lC3pCLRkAGTgRqdmOBNqoCAaNspEt73uUkNCQF-8P1R419A:1vDElr:9XQ4kZ8sf0dHHiRHSOHh1IY9A_Pyo-Q2HywCnudeuI0','2025-11-10 04:23:51.171107'),('4d0deokxwj6gl0saakjyvdv0v5eb1rm5','.eJxVizkOwjAQAP_iGkWsr7UpoecL1npjywglRD4qxN8BKQW0czxFoNFLGC3VcJvFSYA4_LJIfE_rV3BdaNumHbTp8lg7cb-OJaZ63rO_t1ArnxE1SJQJyVjwBnTGLOORnHJsLEJCkHZmTYDIikF5dpDASJeV15qzeL0Bi4c1EA:1vDJs4:QFoS3U5M3m1c9Rf5lwQSXINBAXzMK45U5VVNGSBT_18','2025-11-10 09:50:36.161486'),('4m378ou2w84ecy3d2qxgw79m5chi2z02','.eJxVizsOwjAMQO-SGVWpHZOWEXauEDkfKwi1VPlMiLsDUgdY3-epHPeWXa-puFtUJ4Xq8Ms8h3tavyKUhbdt2EEdLo-1cWjXvvhUznv292au-TNG8hhQkIS1RIrAYDAkEBFDaANrPCIBjTMbba0fyc_IkwUgmAC0er0BzVQ1gQ:1uce55:Jdi-Kc6mJINOlijkAqHLYKOPgLe7gqf4i4Xv9x0qTiY','2025-08-01 05:56:27.792570'),('5mbyt5qo9b4kjgu0otspzhb7mxkoceq3','.eJxVi70OwiAQgN-F2TT0sMfhqLuvQOA4gjGtDZTJ-O6mSQddv5-38qFvxfcm1T-SuihSp18WAz9l2QXXOazrcIA23F7LFni79zlKvR7Z31tCK_voYNSEiSZjjHVgkWLCTCFzNDyhA7BMkkSjdecRM5OLkCUBJolOq88XqZ02JQ:1un9G3:5Y8azONnp7tl5fBB5RHe7IJIYy8Ghf5AR7eQ2Lv5FwY','2025-08-30 05:15:11.885960'),('6acgjhfu0uhqbuz43ki61nat6vp2w9jr','.eJxVi0sOwiAQQO_C2jS0wAAude8VyAwMqTGtDZ-V8e7WpAvdvs9LBOxtDr1yCfckzkJLcfqFhPHB69fEsuC2DQeow_W5Nozt1hficjmyv3fGOu8jeNDKOutGMNlPSCpZk22eiHfFkzMsdYoGjFWSRtDEUjlMTAiYwIv3B7_tNhc:1v0cnf:HC77vZfW3VVbXcN1xEcpdN7G29n7uybSopQSC2IB3M0','2025-10-06 09:25:35.914039'),('7rln5hlo4ain2znhabct2fvgz6m9mgkm','.eJxVizkOwjAQAP_iGkWsr7UpoecL1npjywglRD4qxN8BKQW0czxFoNFLGC3VcJvFSYA4_LJIfE_rV3BdaNumHbTp8lg7cb-OJaZ63rO_t1ArnxE1SJQJyVjwBnTGLOORnHJsLEJCkHZmTYDIikF5dpDASJeV15qzeL0Bi4c1EA:1vCKEL:mtHoWCKtRf08jOvVPKX5RlaHfewWAwPPyHBwjL2K6jU','2025-11-07 16:01:29.716631'),('7v8y6631fdgj81b183i4sql3pvjahf1t','.eJxVizkOwjAQAP_iGkWsr7UpoecL1npjywglRD4qxN8BKQW0czxFoNFLGC3VcJvFSYA4_LJIfE_rV3BdaNumHbTp8lg7cb-OJaZ63rO_t1ArnxE1SJQJyVjwBnTGLOORnHJsLEJCkHZmTYDIikF5dpDASJeV15qzeL0Bi4c1EA:1ueSiA:5OCKoAIo1SJE8avFifsrbFMUy483WwGYY2myaJMNnfM','2025-08-06 06:12:18.257196'),('81iur0oqj2qla8g8jyskc7l6kbod0cbm','.eJxVizkOwjAQAP_iGkWsr7UpoecL1npjywglRD4qxN8BKQW0czxFoNFLGC3VcJvFSYA4_LJIfE_rV3BdaNumHbTp8lg7cb-OJaZ63rO_t1ArnxE1SJQJyVjwBnTGLOORnHJsLEJCkHZmTYDIikF5dpDASJeV15qzeL0Bi4c1EA:1uPbnn:A57yZ8fkrZyLonpAOrwq1cvIYyPYf8Tw4CYILQ97G-w','2025-06-26 06:52:43.201480'),('85ziu4s503fddfliiu62l9d6dichc855','.eJxVizsOwjAMQO-SGVWpHZOWEXauEDkfKwi1VPlMiLsDUgdY3-epHPeWXa-puFtUJ4Xq8Ms8h3tavyKUhbdt2EEdLo-1cWjXvvhUznv292au-TNG8hhQkIS1RIrAYDAkEBFDaANrPCIBjTMbba0fyc_IkwUgmAC0er0BzVQ1gQ:1ugOTR:MJnmcbvlRE5Ymp44cBNW8g5J1wgQNrYSrspsw83TpA0','2025-08-11 14:05:05.232814'),('86r1p083pcqcoti46vrru3156l1vuei4','.eJxVi0kOwiAUQO_C2jR8ylSXuvcK5POBYExrw7Ay3l1MutDtG17MYW_Z9RqLuwd2ZmDY6Rd6pEfcvobKivs-HaBO1-fWkNqtrz6Wy5H9vRlrHqNGZRVPSZDiMi4yGRkpEkgNNATMsEg1W0x2OG-50RiUnkkEEFxYz94f0Co1oQ:1ueAc8:1yp7Ma3sHiwMw7oAx6iRXS4VJIzzyj5gM8ekjpoJSlw','2025-08-05 10:52:52.796439'),('8dhx0bkqxpar5408w0tby9gwji2ml64d','.eJxVi0sOwiAQQO_C2jQyDJ-6tHuvQIYBgjGtTYGV8e7WpAvdvs9LeOqt-F7T5u9RXASAOP3CQPxIy9fwNtO6Dgeow_RcGnG79Tmk7Xpkf2-hWvYxqaxTziqQVg4zgo0GLatRsQkGyYQQicFIBHfWrOVI6CLsnU3gshTvD_BeNjA:1uinF1:qclamdN2ln0QKth6ItIsF5jyr20_6X6UK3ikx8EaWig','2025-08-18 04:56:07.889973'),('8fndp6ay5gmizwhc35gz44t23saepels','.eJxdUttymzAQ_RWGZ9uDuBg7T23cOjNumonjxk2fNEJajGxAWBJOaCb_3sUQj-mLRpzL7tlF7y5ltc1obUBTKdwbl7ijayxh_ABlS3BdsKqa9ICZLFRpGbcPdZGAvu1lA2_GTIbGOCR-7EPMoimZRyRM49RPPDYLZjyaxgRi4k8FDxmJYx5wEsz5jACJ_FkazMOQp1j0WCvLrFQlTZUuqGCWuTfvLjc6LaQQObwyDVZhBOy3luX3FbkN7u6P8Hd3WO-2_uGYZH8WP565qVZF1TxM7Wa9_bbalr9_eXfB86Z4Wp7uX5ZvLz93Tzn2491stFRYbx6FESFeELar4bWxqvhc1uwagYLJHEHDcjBfDJxYyrjMpW0mXBWoNIB1BdPNRXptT-s8pyUrAPGvB5OxxllkUmiGsw3Mg3BXYZMGv_eNsnIAdjoSBQEJ2jp1sgduEXoEY1uZVvlgxbjdNoPv-dHYi8fEQ5YJocEYhDfLjfNYlzA6n87Ywb9LvHY1FnRhKCtFm1DItpbpHxTaaUcPqBYaOafydJ5PnyQH21TQZ3MWl3CVVqLGaSqNEtqNbSDHOUDQ3mnOyzMd-WkQYHHThu6NKjvG4ph5V6gDdsbSvitv7waPi669_2-jrxJf-IVJNCt51r0H9-PjH5uTHaM:1uZlGb:Fz3bdjyUR4D-cc0tTInrrDdebLvKvqPKOvXuvfK9Gm4','2025-07-24 07:00:25.084838'),('8la6tr38nqi5ic9xbscr8lg1f8p5mq5t','.eJxVi0sOwiAQQO_C2jRDoXxc2r1XIMMMBGNamwIr493VpAvdvs9TBOythF7THm4szkIacfqFEeme1q-hfcFtGw5Qh_mxNqR27UtM--XI_t6CtXxGkwGQrfeKJ5iQfNROg0PM0nrj2VJmyqNVNinmRM6BUixHJaMGabV4vQHnWTYx:1uwdnK:HADS_RKuUS6KgbKUB7aYOUgS8nYRIeIxBXsqBrx5V64','2025-09-25 09:40:46.710084'),('8mna8f7rt73erhtifjwu1xylkw6iafxd','.eJxVizkOwjAQAP_iGkWsr7UpoecL1npjywglRD4qxN8BKQW0czxFoNFLGC3VcJvFSYA4_LJIfE_rV3BdaNumHbTp8lg7cb-OJaZ63rO_t1ArnxE1SJQJyVjwBnTGLOORnHJsLEJCkHZmTYDIikF5dpDASJeV15qzeL0Bi4c1EA:1v5zDt:ZwHAi1i6cyBmXQN_3eURslYD7ogmXdxuC586NJffieI','2025-10-21 04:22:49.028532'),('8nkup80x7gkl0cyyuvbnpw5fyjdrqs1g','.eJxVi0sOwiAQQO_C2jS0wAAude8VyAwMqTGtDZ-V8e7WpAvdvs9LBOxtDr1yCfckzkJLcfqFhPHB69fEsuC2DQeow_W5Nozt1hficjmyv3fGOu8jeNDKOutGMNlPSCpZk22eiHfFkzMsdYoGjFWSRtDEUjlMTAiYwIv3B7_tNhc:1v2PyX:rVDiwmrb_vfwAVxL9c9czt5PQgwr3ZY4YVNmiCAMyWM','2025-10-11 08:08:13.131538'),('8vx83i07ywo6okha8b3obu49tuf475hn','.eJxVizkOwjAQAP_iGkWsr7UpoecL1npjywglRD4qxN8BKQW0czxFoNFLGC3VcJvFSYA4_LJIfE_rV3BdaNumHbTp8lg7cb-OJaZ63rO_t1ArnxE1SJQJyVjwBnTGLOORnHJsLEJCkHZmTYDIikF5dpDASJeV15qzeL0Bi4c1EA:1uOvnb:xXBefplHwe6AIDGfnnpCh7gvski-0kHa0i4MlWBQS14','2025-06-24 10:01:43.498572'),('919cyz61unej1sl57sgxzq2q7wcvo2gt','.eJxVizkOwjAQAP_iGkWsr7UpoecL1npjywglRD4qxN8BKQW0czxFoNFLGC3VcJvFSYA4_LJIfE_rV3BdaNumHbTp8lg7cb-OJaZ63rO_t1ArnxE1SJQJyVjwBnTGLOORnHJsLEJCkHZmTYDIikF5dpDASJeV15qzeL0Bi4c1EA:1usFgy:xZTEDh9d6asrVEOQD_A0rOnzsmAQ2vMmkslBjszd1WE','2025-09-13 07:08:04.061605'),('94r1idu8hbd50ze26oungevpg4rvlwu4','.eJxVizkOwjAQAP_iGkWsr7UpoecL1npjywglRD4qxN8BKQW0czxFoNFLGC3VcJvFSYA4_LJIfE_rV3BdaNumHbTp8lg7cb-OJaZ63rO_t1ArnxE1SJQJyVjwBnTGLOORnHJsLEJCkHZmTYDIikF5dpDASJeV15qzeL0Bi4c1EA:1uOvI2:Lf4PfzjwEp6HKOhumT-hLf8UWqYaYbWvg3sSeNPTzoc','2025-06-24 09:29:06.161167'),('9fikespdoncamvrjvockgezvxoni8qk3','.eJxVizkOwjAQAP_iGkXxtdiU0PMFa71eywglRD4qxN8BKQW0czxFwNFLGI1ruCVxElocfllEuvP6FVQX3LZpB226PNaO1K9jiVzPe_b3FmzlMzJK9pln55KbVWQ8OpltBkmOPOskk1JgY4pAbCAr8EaxJnA2EUUD4vUG4O02-g:1ubYVY:7NXhtXfY8ClEU__8FYspkLU0QJJECxvewtOB4Rghx4w','2025-07-29 05:47:16.497751'),('9mucq5jmqmqreuuron1khb3u1kw364ma','.eJxVizkOwjAQAP_iGkWsr7UpoecL1npjywglRD4qxN8BKQW0czxFoNFLGC3VcJvFSYA4_LJIfE_rV3BdaNumHbTp8lg7cb-OJaZ63rO_t1ArnxE1SJQJyVjwBnTGLOORnHJsLEJCkHZmTYDIikF5dpDASJeV15qzeL0Bi4c1EA:1uhlBP:H-7_XBuSOF0CCOczM88PPWAFOkb58TefAJbthSHgBjA','2025-08-15 08:32:07.240541'),('9qi524q6t8kyeuj7z2b3t2sc23k6j2mx','.eJxVizkOwjAQAP_iGkWsr7UpoecL1npjywglRD4qxN8BKQW0czxFoNFLGC3VcJvFSYA4_LJIfE_rV3BdaNumHbTp8lg7cb-OJaZ63rO_t1ArnxE1SJQJyVjwBnTGLOORnHJsLEJCkHZmTYDIikF5dpDASJeV15qzeL0Bi4c1EA:1uzCwH:NduYs8blwH5bEcHT8Bj7kD3bIwJkOS0QN0BtJp_XUp8','2025-10-02 11:36:37.583200'),('ac45preilg1ke4lvskfmzzmfnx43zdvf','.eJxVi0kOwiAUQO_C2jR8ylSXuvcK5POBYExrw7Ay3l1MutDtG17MYW_Z9RqLuwd2ZmDY6Rd6pEfcvobKivs-HaBO1-fWkNqtrz6Wy5H9vRlrHqNGZRVPSZDiMi4yGRkpEkgNNATMsEg1W0x2OG-50RiUnkkEEFxYz94f0Co1oQ:1urE7H:AVL4TYWzQYey5Ru7c49RMLKIEDIE81sOYIHjaxFqCZE','2025-09-10 11:14:59.480845'),('ah1mtck8gindnfwcb4ssl75v25q9ypl0','.eJxVi70OwiAQgN-F2TT0sMfhqLuvQOA4gjGtDZTJ-O6mSQddv5-38qFvxfcm1T-SuihSp18WAz9l2QXXOazrcIA23F7LFni79zlKvR7Z31tCK_voYNSEiSZjjHVgkWLCTCFzNDyhA7BMkkSjdecRM5OLkCUBJolOq88XqZ02JQ:1v5zDn:FZ2PrZomZRpR8kvzL21v4SoPqwtQmZsAEnSauOvOLwU','2025-10-21 04:22:43.235887'),('aw6b27ojtfnhaec8p5wic9i4a2l5lfou','eyJjb252ZXJzYXRpb24iOltdfQ:1uacVG:WxvIKquD5nodurNS8JWoXzjSzJcVVTFG_XmlaAbZ0no','2025-07-26 15:51:06.378344'),('ci3c71zty998jorguenf4f4zbp10xfu0','.eJxVizkOwjAQAP_iGkWsr7UpoecL1npjywglRD4qxN8BKQW0czxFoNFLGC3VcJvFSYA4_LJIfE_rV3BdaNumHbTp8lg7cb-OJaZ63rO_t1ArnxE1SJQJyVjwBnTGLOORnHJsLEJCkHZmTYDIikF5dpDASJeV15qzeL0Bi4c1EA:1uhoAm:Dll6ZvhnYs5aJJ68lyBQ5tU1T22cYos6I1qqHxvhsuI','2025-08-15 11:43:40.658402'),('cpdh9l3afx8qmbsgcsq007ezfvqisrif','.eJxVizkOwjAQAP_iGkWsr7UpoecL1npjywglRD4qxN8BKQW0czxFoNFLGC3VcJvFSYA4_LJIfE_rV3BdaNumHbTp8lg7cb-OJaZ63rO_t1ArnxE1SJQJyVjwBnTGLOORnHJsLEJCkHZmTYDIikF5dpDASJeV15qzeL0Bi4c1EA:1v9NQS:g6ESQKKeHH0jZbLt5DR5_SHE5ogOiLfHAiKok1BMrEw','2025-10-30 12:49:48.336860'),('csjkx1gp3xm1rh2tew009jkookqq3rbm','.eJxVizkOwjAQAP_iGkWsr7UpoecL1npjywglRD4qxN8BKQW0czxFoNFLGC3VcJvFSYA4_LJIfE_rV3BdaNumHbTp8lg7cb-OJaZ63rO_t1ArnxE1SJQJyVjwBnTGLOORnHJsLEJCkHZmTYDIikF5dpDASJeV15qzeL0Bi4c1EA:1uyRjP:43T1TUYZtjGYnPBaiLlgZ3HL9zJg5Pk_m9iZBGi5xao','2025-09-30 09:12:11.025465'),('d6ppw3e4lrlf116u52ruz9o4y8o40pzn','.eJxVizkOwjAQAP_iGkWsr7UpoecL1npjywglRD4qxN8BKQW0czxFoNFLGC3VcJvFSYA4_LJIfE_rV3BdaNumHbTp8lg7cb-OJaZ63rO_t1ArnxE1SJQJyVjwBnTGLOORnHJsLEJCkHZmTYDIikF5dpDASJeV15qzeL0Bi4c1EA:1uoblN:yEGTxXJg5HDQuMQpqHOrsTIS_I5hXfHSQ-OgCAzlL1M','2025-09-03 05:53:33.891903'),('degrv155otjilpqsgurf2kvl8psvhdnw','.eJxVizkOwjAQAP_iGkWsr7UpoecL1npjywglRD4qxN8BKQW0czxFoNFLGC3VcJvFSYA4_LJIfE_rV3BdaNumHbTp8lg7cb-OJaZ63rO_t1ArnxE1SJQJyVjwBnTGLOORnHJsLEJCkHZmTYDIikF5dpDASJeV15qzeL0Bi4c1EA:1uZtZQ:_iGNL36CZMzme_lX5dXaGQS0fKcKjeop9-TYWKGDKLM','2025-07-24 15:52:24.119364'),('dp0crm41ogrkvrawnvf2e11zedjq737a','.eJxVizsOwjAMQO-SGVWpHZOWEXauEDkfKwi1VPlMiLsDUgdY3-epHPeWXa-puFtUJ4Xq8Ms8h3tavyKUhbdt2EEdLo-1cWjXvvhUznv292au-TNG8hhQkIS1RIrAYDAkEBFDaANrPCIBjTMbba0fyc_IkwUgmAC0er0BzVQ1gQ:1v0aZR:qPkpc974UKkYicxlBjm5eZIAvVT9WRFf2L1MWiPRXrg','2025-10-06 07:02:45.949198'),('dpi9a67ayb38p6h14lbjob29769waa4a','.eJxVizkOwjAQAP_iGkWsr7UpoecL1npjywglRD4qxN8BKQW0czxFoNFLGC3VcJvFSYA4_LJIfE_rV3BdaNumHbTp8lg7cb-OJaZ63rO_t1ArnxE1SJQJyVjwBnTGLOORnHJsLEJCkHZmTYDIikF5dpDASJeV15qzeL0Bi4c1EA:1ufXwC:bC37sMGlyQwytaaAkGcl-C8oohccIXWGkDgrSZ71j5k','2025-08-09 05:59:16.405703'),('e4uzf973pu92zty177cd0s29196638sy','.eJxVizkOwjAQAP_iGkWsr7UpoecL1npjywglRD4qxN8BKQW0czxFoNFLGC3VcJvFSYA4_LJIfE_rV3BdaNumHbTp8lg7cb-OJaZ63rO_t1ArnxE1SJQJyVjwBnTGLOORnHJsLEJCkHZmTYDIikF5dpDASJeV15qzeL0Bi4c1EA:1uRmYb:duzFQFsBJz4a6NvXKL7HBU_uxX3iNM36oIPqsRfrYJk','2025-07-02 06:46:01.475269'),('e9hes50bq2evl4rh9ha0ch0jnsn4ys0i','.eJxVi0sOwiAQQO_C2jRDoXxc2r1XIMMMBGNamwIr493VpAvdvs9TBOythF7THm4szkIacfqFEeme1q-hfcFtGw5Qh_mxNqR27UtM--XI_t6CtXxGkwGQrfeKJ5iQfNROg0PM0nrj2VJmyqNVNinmRM6BUixHJaMGabV4vQHnWTYx:1uxNnh:Wx-3HAgzJ7PzwoWzsPUWzOIryz_HMf5yosWPF-aSzP4','2025-09-27 10:48:13.303898'),('ecgg3irtvcn6yv5fc1s3k8n6g0iev4pw','.eJxVizkOwjAQAP_iGkWsr7UpoecL1npjywglRD4qxN8BKQW0czxFoNFLGC3VcJvFSYA4_LJIfE_rV3BdaNumHbTp8lg7cb-OJaZ63rO_t1ArnxE1SJQJyVjwBnTGLOORnHJsLEJCkHZmTYDIikF5dpDASJeV15qzeL0Bi4c1EA:1uxKmy:P3sqFyszKXycHu1EJzHcbhFJxTjmxy-Jw0_Eoz3dHm4','2025-09-27 07:35:16.321631'),('eomo5d264wez2tcdo0fhps0cuh44vjgq','.eJxVizkOwjAQAP_iGkWsr7UpoecL1npjywglRD4qxN8BKQW0czxFoNFLGC3VcJvFSYA4_LJIfE_rV3BdaNumHbTp8lg7cb-OJaZ63rO_t1ArnxE1SJQJyVjwBnTGLOORnHJsLEJCkHZmTYDIikF5dpDASJeV15qzeL0Bi4c1EA:1uYjS9:c4ApN7wp7evFhzjdgLM0NTDQrIorjKFlxPrXhCFVF4o','2025-07-21 10:52:05.277769'),('ep6jdi7xvnwwcu5nozqwg09q1418aiay','.eJxVizkOwjAQAP_iGkWsr7UpoecL1npjywglRD4qxN8BKQW0czxFoNFLGC3VcJvFSYA4_LJIfE_rV3BdaNumHbTp8lg7cb-OJaZ63rO_t1ArnxE1SJQJyVjwBnTGLOORnHJsLEJCkHZmTYDIikF5dpDASJeV15qzeL0Bi4c1EA:1uOrBP:G-Y1ZOLX6plV9Di4Q_EaA8yJak1ZVutdCxCbCxz0RxU','2025-06-24 05:05:59.863159'),('etrqq4hxg316hvhcphfosodb44quhfb6','.eJxVizkOwjAQAP_iGkWsr7UpoecL1npjywglRD4qxN8BKQW0czxFoNFLGC3VcJvFSYA4_LJIfE_rV3BdaNumHbTp8lg7cb-OJaZ63rO_t1ArnxE1SJQJyVjwBnTGLOORnHJsLEJCkHZmTYDIikF5dpDASJeV15qzeL0Bi4c1EA:1v5i6p:FE3o8NLKcOs5FR6DZ4fReU4uY1F47jWtKkbKWe0WEkA','2025-10-20 10:06:23.229288'),('ez60ayvt3j9pz9uulpz01y4c7htbg7a6','.eJxVizkOwjAQAP_iGkWsr7UpoecL1npjywglRD4qxN8BKQW0czxFoNFLGC3VcJvFSYA4_LJIfE_rV3BdaNumHbTp8lg7cb-OJaZ63rO_t1ArnxE1SJQJyVjwBnTGLOORnHJsLEJCkHZmTYDIikF5dpDASJeV15qzeL0Bi4c1EA:1uymF1:JowXxiaARZz-TOguPNvrjBPAAbN8hUfjfJ6XXCd5aas','2025-10-01 07:06:11.579638'),('f2n7vtqpqjgu9cme5a2upfzilje10cb0','.eJxVizkOwjAQAP_iGkWsr7UpoecL1npjywglRD4qxN8BKQW0czxFoNFLGC3VcJvFSYA4_LJIfE_rV3BdaNumHbTp8lg7cb-OJaZ63rO_t1ArnxE1SJQJyVjwBnTGLOORnHJsLEJCkHZmTYDIikF5dpDASJeV15qzeL0Bi4c1EA:1v10AQ:bFjxmkL0Kbjif9WtR-L6XQe9Zqryl1Y_8YEQ6NgcuV8','2025-10-07 10:22:38.226221'),('f7l8jgav5ya7i0x5qirwvi84clvctsre','.eJxVjDsOwjAQBe_iGkW2s_5RQs8VrM3uWkEoIYrjCnF3iJQC2nkz76Uytm3Mrcqa76zOqrfq9AsHpIfM-0LrhMvSHaB21-e8IW23Ng2yXg7trx2xjvulZ22puBJAB5HUG4uMSBKdI2YfkxFyAjYJAIgNrMNXKsbHWBhAvT_wPDZv:1v1Jde:F1vc67K1oBlWjXsfF2MDUnsCvsgydW_yxEELscWztQI','2025-10-08 07:10:06.455196'),('f96qwam77ynmjboburjq76cdcja8ntyb','.eJxVi0sOwiAQQO_C2jQDAwRc6r5XIMNngjGtDYWV8e5q0oVu3-cpAo1ew9hLC7cszgJBnH5hpHQv69ekttC2TQfYp-tj7ZT6PJZY2uXI_t5Ke_2MnpGTtWwMOlCRWXNmVWwCDxEkuUQSirKcIZPVWMhpiyaS8VEaQvF6A_m_Nto:1v25Pz:LxGzPybPyw8WEx0Hdf_C3-_Ja0pvYiuAA_v4IPEtvQA','2025-10-10 10:11:11.634858'),('fiks4wyizflp65qdresejn965npouxgx','e30:1ucdEu:-vZhsbdcKAnuiTUgig9sS6A-HtXWaUBjcPfHsJHEbHg','2025-08-01 05:02:32.213886'),('fmfcgzh1itdydvi4la8m99unthheq1kl','.eJxVizkOwjAQAP_iGkWsr7UpoecL1npjywglRD4qxN8BKQW0czxFoNFLGC3VcJvFSYA4_LJIfE_rV3BdaNumHbTp8lg7cb-OJaZ63rO_t1ArnxE1SJQJyVjwBnTGLOORnHJsLEJCkHZmTYDIikF5dpDASJeV15qzeL0Bi4c1EA:1uWwLj:h8LpeLtw7J7Th7R6X41pnkVrHBTTH1Dvsk1xgUVA6G8','2025-07-16 12:14:03.299114'),('fpdftoztvq29kmidc6cf8woyqfosrxkm','.eJxVizkOwjAQAP_iGkWsr7UpoecL1npjywglRD4qxN8BKQW0czxFoNFLGC3VcJvFSYA4_LJIfE_rV3BdaNumHbTp8lg7cb-OJaZ63rO_t1ArnxE1SJQJyVjwBnTGLOORnHJsLEJCkHZmTYDIikF5dpDASJeV15qzeL0Bi4c1EA:1v3A14:YpwbJm-BEDtNm88RVDSY2ZeWmaUYpHY4ZToQn5cbEmA','2025-10-13 09:17:54.228281'),('fvwgky26oidrihycsbs8xk4poe08kjyp','.eJxVizsOwjAMQO-SGVWpHZOWEXauEDkfKwi1VPlMiLsDUgdY3-epHPeWXa-puFtUJ4Xq8Ms8h3tavyKUhbdt2EEdLo-1cWjXvvhUznv292au-TNG8hhQkIS1RIrAYDAkEBFDaANrPCIBjTMbba0fyc_IkwUgmAC0er0BzVQ1gQ:1v3rIm:DmwkJARsfiSbW99zrst84arrOR2-zppeBwZwjHE7GWA','2025-10-15 07:31:04.751593'),('gf8s0vljqnllcaeng3qoxresswlj5qv0','.eJxVizkOwjAQAP_iGkWsr7UpoecL1npjywglRD4qxN8BKQW0czxFoNFLGC3VcJvFSYA4_LJIfE_rV3BdaNumHbTp8lg7cb-OJaZ63rO_t1ArnxE1SJQJyVjwBnTGLOORnHJsLEJCkHZmTYDIikF5dpDASJeV15qzeL0Bi4c1EA:1udi5i:f1A64norI4dXyzDMP4gzgI5vWL4KPYW-o5hrDXNPeao','2025-08-04 04:25:30.805033'),('gh66jnp0iekynghh1thv0rwqzpn1cmqp','.eJxVizkOwjAQAP_iGkWsr7UpoecL1npjywglRD4qxN8BKQW0czxFoNFLGC3VcJvFSYA4_LJIfE_rV3BdaNumHbTp8lg7cb-OJaZ63rO_t1ArnxE1SJQJyVjwBnTGLOORnHJsLEJCkHZmTYDIikF5dpDASJeV15qzeL0Bi4c1EA:1uZtZQ:_iGNL36CZMzme_lX5dXaGQS0fKcKjeop9-TYWKGDKLM','2025-07-24 15:52:24.471796'),('grc7ypnwirp772hpw1jt5p5c9jkkhj4q','.eJxVizkOwjAQAP_iGkWsr7UpoecL1npjywglRD4qxN8BKQW0czxFoNFLGC3VcJvFSYA4_LJIfE_rV3BdaNumHbTp8lg7cb-OJaZ63rO_t1ArnxE1SJQJyVjwBnTGLOORnHJsLEJCkHZmTYDIikF5dpDASJeV15qzeL0Bi4c1EA:1uOr9R:84pM18o0h81uwkXaOtUPeRwvHq_LZynSg9mjH_5J8k0','2025-06-24 05:03:57.958806'),('gxp0dibynqce356m4frn13gbbjtqzkl9','.eJxVi0kOwiAUQO_C2jTwGQoude8VyAc-wZjWhmFlvLs16UK3b3gxj6MXPxpVf0_szKRip18YMD5o_ZpYF9y26QBtuj7XjrHfxhKoXo7s7y3Yyj6SjEoKEGA0Wc4VdyFYcsFaANAmSRfULGYjUsKchcwQwUYtdaZdGcfeH7rNNaQ:1v64j4:ddRDWWy3VQgEhhrVhCOsnNq_ZkYZekvnLaktKXN55Zc','2025-10-21 10:15:22.674929'),('h46midqizpbcgr87yt3dtin9uz9t9fgk','.eJxVizkOwjAQAP_iGkW-ErOUpOcL1nq9lhFKiHxUiL8TpBTQzvESHnvLvlcu_h7FRahRnH5hQHrw-jVUFty24QB1mJ9rQ2q3vgQu1yP7ezPWvI_AxkpWNCKRThOEZG2IBkFLpR3BORojgwInwWlFbrIGY7J7py2oxOL9AeD9Ni0:1vAQ2b:69028h7fhgBOpOE4an2BNYiibZKuKX6aBqWIgWsRjhc','2025-11-02 09:49:29.381291'),('hkgnh6w91hx5krnxkx5bgwj66zfril2t','.eJxVizkOwjAQAP_iGkWsr7UpoecL1npjywglRD4qxN8BKQW0czxFoNFLGC3VcJvFSYA4_LJIfE_rV3BdaNumHbTp8lg7cb-OJaZ63rO_t1ArnxE1SJQJyVjwBnTGLOORnHJsLEJCkHZmTYDIikF5dpDASJeV15qzeL0Bi4c1EA:1v4d9p:z4G1NdIoVrHtPTvoOb1VdYVP2fL30o6G8Z6yJrgf4HQ','2025-10-17 10:37:01.404826'),('hw15joh3p5p4657r2e3r1hrzqoxll3iu','.eJxVizsKwjAYgO-SWYqJzcvR7l4h_K8QkdaSJpN4dxU66Po9nipBbyX1TWq6sTorE9ThFyLQXZavoTrDug472IbpsTSgdu0zSr3s2d9bYCuf0RJTpgiRSTvvInpwyCc2AXPk6KygtZLDaHJEgUASjmMWrzURW2PU6w0iEDfO:1vDKSy:UzUMHl_JSCHOqEPAQhPsqq3JFc0_K93d_A6d2SwT_Yg','2025-11-10 10:28:44.057236'),('iuk3pxtbw8xeorb4l8jryd8yk6epj873','.eJxVizkOwjAQAP_iGkWsr7UpoecL1npjywglRD4qxN8BKQW0czxFoNFLGC3VcJvFSYA4_LJIfE_rV3BdaNumHbTp8lg7cb-OJaZ63rO_t1ArnxE1SJQJyVjwBnTGLOORnHJsLEJCkHZmTYDIikF5dpDASJeV15qzeL0Bi4c1EA:1v0hE5:zRLysJbIXEjaz8q-fe-jewJ-h7SUOvdf29EzCiW9Tok','2025-10-06 14:09:09.836226'),('jcn80fkb078w5ceqfplwoazochm5jyw4','.eJxVizkOwjAQAP_iGkWsr7UpoecL1npjywglRD4qxN8BKQW0czxFoNFLGC3VcJvFSYA4_LJIfE_rV3BdaNumHbTp8lg7cb-OJaZ63rO_t1ArnxE1SJQJyVjwBnTGLOORnHJsLEJCkHZmTYDIikF5dpDASJeV15qzeL0Bi4c1EA:1uULcI:TVImIVwpoyWnrxLC1FJPDUnt3kuPwYgl9HlmL765oIw','2025-07-09 08:36:26.789455'),('jlausd66j1hverjgl1i2zhtddpmbnygk','.eJxVi0kOwiAUQO_C2jR8ylSXuvcK5POBYExrw7Ay3l1MutDtG17MYW_Z9RqLuwd2ZmDY6Rd6pEfcvobKivs-HaBO1-fWkNqtrz6Wy5H9vRlrHqNGZRVPSZDiMi4yGRkpEkgNNATMsEg1W0x2OG-50RiUnkkEEFxYz94f0Co1oQ:1uh50d:sGIaCeQH9rOV7TigiNjBvJ-b29JGJshQZA-co3XoCr0','2025-08-13 11:30:11.360739'),('jwifagftghjg7at440s7m0xupqmszpx4','.eJxVizkOwjAQAP_iGkWsr7UpoecL1npjywglRD4qxN8BKQW0czxFoNFLGC3VcJvFSYA4_LJIfE_rV3BdaNumHbTp8lg7cb-OJaZ63rO_t1ArnxE1SJQJyVjwBnTGLOORnHJsLEJCkHZmTYDIikF5dpDASJeV15qzeL0Bi4c1EA:1uOr4p:NH29enlDj2cVe2kExwc5YMYI_Mdu3DfePosXcjf8BVM','2025-06-24 04:59:11.922946'),('k9d8g6lrzrxw4ib47mfxgpd4hqhdwvhd','.eJxVizkOwjAQAP_iGkWsr7UpoecL1npjywglRD4qxN8BKQW0czxFoNFLGC3VcJvFSYA4_LJIfE_rV3BdaNumHbTp8lg7cb-OJaZ63rO_t1ArnxE1SJQJyVjwBnTGLOORnHJsLEJCkHZmTYDIikF5dpDASJeV15qzeL0Bi4c1EA:1uu1fn:_RKQP0rhhT8GF9-6rlfGS2uV9F8eB6IuEu4skSxtorM','2025-09-18 04:34:11.054756'),('kaonpfpkelwvoou1pr5vn8zdrgv5106x','.eJxVi0sOwiAQQO_C2jQUGD4u7d4rkGGYBmNamwIr493VpAvdvs9TROytxF55j7cszkKJ0y9LSHdev4L2BbdtOEAdpsfakNq1L4n3y5H9vQVr-Ywj06gkJGWINYOVKZtgPSnwJoBFk-bA0s0E2Xufs9GsHVrQ5Fk5YPF6A7YoNg4:1ucfEp:Nn08pbhXITIn8LB5L1BKQ4tB6v4l7lfnA8YZJbhJ8T0','2025-08-01 07:10:35.744355'),('knj3sciqjlatytm4yzlph658qz355r06','.eJxVi7sOwiAUht-F2TTcBUfdfQUC_4FgTGtTYDK-u5p00PW7PFmIo9cwWt7CjdiJCcUOvzBF3PPyNdjmuK7TDtp0eSw9ol_HnPJ23rO_t8ZWP6Mq5EySTkaIBO41jOXKW2hOBUKKo9FOgxJBknIGwhdkCyMBTsqz1xvlHzav:1v62Fm:KaalP4B0wdPOzSlhcONHw8zEt8oD9mR6Ze5lOaUvddw','2025-10-21 07:36:58.556512'),('kyldrbo84fr6q3lvc5kgjsk5uezqsfld','.eJxVi0sOwiAQQO_C2jQUyhRc2r1XIAMzBGNaGz4r493VpAvdvs9TeOwt-165-BuJs1CTOP3CgPHO29fEsuK-Dweow_LYGsZ27WvgcjmyvzdjzZ8RHDiFiGk0LmlOjtFKAg4SbErKBjY0ydmZMQIYIDUjK9AsFWniGMTrDfWnNv0:1uyVAz:5LZnfn6rYNAe6ww8nKE03_QnSKv3W1LYbbENbkv3vNs','2025-09-30 12:52:53.131631'),('l1uq4h6gvo0dhrnex4gucy4kqfo6bruh','.eJxVizkOwjAQAP_iGkWsr7UpoecL1npjywglRD4qxN8BKQW0czxFoNFLGC3VcJvFSYA4_LJIfE_rV3BdaNumHbTp8lg7cb-OJaZ63rO_t1ArnxE1SJQJyVjwBnTGLOORnHJsLEJCkHZmTYDIikF5dpDASJeV15qzeL0Bi4c1EA:1uRmSd:Nm5DQeDNI_KRXI3kgcO5K7E4_3rWvvf0PpzcZSwsaz0','2025-07-02 06:39:51.844418'),('llxgmcl7o1gz4rar0aymou9i2q6jw7ah','.eJxVi8sKwjAURP8laylpUtPoUvf-QrivEJHWksdK_HcjdKHMZjgz56UCtJpCK5LDndVZGaMOvxCBHrJ-F8oLbNuwgzJcn2sFqre2oOTLfvtzE5TURS9I0Y1RR8tOTI9j9JHJnnqZ0BDBbJG9PrLwqJmJdHRW-9lMBFa9PyoFN_w:1v3Rfr:zo6MAMz7drZ51cUZ75RUp00zGAezPoowCLbzeW05vH8','2025-10-14 04:09:11.569940'),('lrjkctsm0341tdf8mpph6cp4hnnoydzp','.eJxVizkOwjAQAP_iGkWsr7UpoecL1npjywglRD4qxN8BKQW0czxFoNFLGC3VcJvFSYA4_LJIfE_rV3BdaNumHbTp8lg7cb-OJaZ63rO_t1ArnxE1SJQJyVjwBnTGLOORnHJsLEJCkHZmTYDIikF5dpDASJeV15qzeL0Bi4c1EA:1uRooQ:zDKUhRcjSG6eOKoIj7uvLZgWPCayP_jXzd8ShvzwPtw','2025-07-02 09:10:30.706446'),('m4hfamjv7zrhhv69qoeuwhuwcyezidtz','.eJxVi0sOwiAQhu_C2jSFMlBc6t4rkJ_pGIxpbaCsjHdXky50-z2eKqJtObYqJd4mdVQmqMMvTOC7LF_DZca6djuo3fmxbODt0uYk5bRnf29GzZ-R9ODgkx6CDaP2V8vOatggZBiaAkYvgYikpwliHEMs-kQgTh5eq9cbxVk2LQ:1v1foq:X5brdkxh-skpFTi2LJbVkc-aqztCTXBwjCCseyB0NPI','2025-10-09 06:51:08.406189'),('msfkdendenhno32cfeycwn7qwztdeibr','.eJxVi0sOwiAQhu_C2jSjHQpxqftegfzAEIxpbXisjHdXky50-z2eyqG37HqV4m5RndWkDr_MI9xl_YpQFmzbsIM6XB9rQ2hzX7yUy579vRk1f0bLRgu0hXgSTSfiaIwXYsvwLGm0cRpZkEBE8YjEIJaoEQ15aK1eb8s5Nso:1uZpYp:o5PD19gziDASw64qBoLpkRCEKcKcROwqIqNAmcnlQvs','2025-07-24 11:35:31.287808'),('n10wa1yxy45i7wb3nw97vub0t0l2h6wr','.eJxVizsOwjAMQO-SGVV1kiaGEXauENmOqyDUUiXthLg7qtQB1vd5m0TbWtLWtKZHNhcDaE6_kEmeOu9G6kTL0h2gdbfXvJKs921irdcj-3sLtbKPln3vLAyI6IRD72IEcOIhMIYcLCiehWDIwGpz1BB7VtTRCw04WvP5ArpJNfk:1ud0rW:i6pYStZyfEOJF1bMJkj9eC90wqS50wRmusioT7bwhNc','2025-08-02 06:15:58.421359'),('ngkwfmkjrfcg69vterj75222esguu9le','.eJxVizkOwjAQAP_iGkWsr7UpoecL1npjywglRD4qxN8BKQW0czxFoNFLGC3VcJvFSYA4_LJIfE_rV3BdaNumHbTp8lg7cb-OJaZ63rO_t1ArnxE1SJQJyVjwBnTGLOORnHJsLEJCkHZmTYDIikF5dpDASJeV15qzeL0Bi4c1EA:1unDo2:gsziKWdB1IQ5VT7IZkIAGD_7fPkyKC5s4lwR_DgWpqs','2025-08-30 10:06:34.164193'),('ny2wx8cph5aeui45qcuke2n3to56wc04','.eJxVy0EOgjAQheG7dG1Ih9qhuJS9VyDTmWkwBiS0XRnvLiYsdPu997_MSLVMY826jXcxF-N6c_rFSPzQ5bvwNtO6NgfkZnguhbjc6hx1ux63v3aiPO0hQZs8qA2YABxICCG2ymfXYw8OvQiJ61DQ-tSBTXYHlMieWYE6NO8P1Tg2iQ:1v0yW8:mb2x2NyYXSGziaN87AqREbR_G0gUiFDFcbDoSF65eVc','2025-10-07 08:36:56.122577'),('p5jivqrqxe1tqvaa1mn8og9h2a09ncd1','.eJxVizkOwjAQAP_iGkU-Nj4oSc8XrM16LSOUEMV2hfg7IKWAdo6niNhbib3yHm9JnIWx4vQLZ6Q7r19D-4LbNhygDtNjbUjt2peZ98uR_b0Fa_mMCTIk4z0SUNDZsTMUxpCNlDqBzx7BOgnAQbJNNo-MyitnNZMypFi83uUNNkQ:1v0yKO:ghf-8F5uYcckkqZKhwF6fsbVBSVfJ2-xFoZuXWbfuXg','2025-10-07 08:24:48.867417'),('p5lwhuul8g7bi38yaraqr7cb6emldjzq','.eJxVizsOwjAMQO-SGVWpHZOWEXauEDkfKwi1VPlMiLsDUgdY3-epHPeWXa-puFtUJ4Xq8Ms8h3tavyKUhbdt2EEdLo-1cWjXvvhUznv292au-TNG8hhQkIS1RIrAYDAkEBFDaANrPCIBjTMbba0fyc_IkwUgmAC0er0BzVQ1gQ:1ueYGx:67XmyK8eyzCrkN_d0PZQM-YIwriewV0VQ_Ub5oCRiSE','2025-08-06 12:08:35.891803'),('qkwvgm0pdknv8vvt2e294i2t454svllv','.eJxVizsOwjAQBe_iGkXrLzYl6bmCtWuvZYQSIsepEHcnSCmgecW8mZeIuPUat5VbvGdxEcqI0y8kTA-ev09qEy7LcIB1GJ9zx9Rv20Tcrof211Zc6x467y04LRNQhhIckdQBIO8TGM8qKAugjNXOa5asLeVsCnnjmU1RKN4fskE1lg:1vDK3Q:B5Huv03iFDUdBvpUZK7WDANSUTjBPTNToYwipxozVK4','2025-11-10 10:02:20.436132'),('r0inqldnallov3sz66c1wf3i6f1umjmy','.eJxVizkOwjAQAP_iGkWsr7UpoecL1npjywglRD4qxN8BKQW0czxFoNFLGC3VcJvFSYA4_LJIfE_rV3BdaNumHbTp8lg7cb-OJaZ63rO_t1ArnxE1SJQJyVjwBnTGLOORnHJsLEJCkHZmTYDIikF5dpDASJeV15qzeL0Bi4c1EA:1urb5C:x1xPXiubI-JytGTI98xm2jiJWEjOfz0jhrkt_k93EnQ','2025-09-11 11:46:22.018503'),('r65ckzotjc3xyk4vlhhx0ysmyamr12vb','.eJxVizkOwjAQAP_iGkWsr7UpoecL1npjywglRD4qxN8BKQW0czxFoNFLGC3VcJvFSYA4_LJIfE_rV3BdaNumHbTp8lg7cb-OJaZ63rO_t1ArnxE1SJQJyVjwBnTGLOORnHJsLEJCkHZmTYDIikF5dpDASJeV15qzeL0Bi4c1EA:1uhkTn:syEY5FmQsCq8LxvZXym8WconAYgbaE0NvDXbYQtRcjQ','2025-08-15 07:47:03.584036'),('re7j8gc4pau9chvbba9ag1gn6hwl7w6j','.eJxVi7sOwiAUht-F2TTcBUfdfQUC_4FgTGtTYDK-u5p00PW7PFmIo9cwWt7CjdiJCcUOvzBF3PPyNdjmuK7TDtp0eSw9ol_HnPJ23rO_t8ZWP6Mq5EySTkaIBO41jOXKW2hOBUKKo9FOgxJBknIGwhdkCyMBTsqz1xvlHzav:1v2SfA:-_ESmgWxR1_txKZoNjZtsCp6ZqOU8HMA5k9nFa99bx4','2025-10-11 11:00:24.758578'),('riezrj5wmxgurlrnqgt14um5cl6p1hw7','.eJxVi0EOwiAQRe_C2jRUBhhc2r1XIMMAwZjWpsDKeHdr0oUu__vvvYSn3orvNW3-HsVFKBSnXxiIH2n5PrzNtK7DAeowPZdG3G59Dmm7HtpfW6iWPQSSKdszoJPBjkGyhszOGpcxm4Cs4j4xW4wKtQVNCZxlQDRmVMo48f4A5AI13g:1v0yMQ:y85EuYLEYguLR_L2i1y3xNdizh-lFKqm7XE-2m2Vqow','2025-10-07 08:26:54.702814'),('rnfdaahu2o5buoxdeacy0b13nn1rzurf','.eJxVizkOwjAQAP_iGkWsr7UpoecL1npjywglRD4qxN8BKQW0czxFoNFLGC3VcJvFSYA4_LJIfE_rV3BdaNumHbTp8lg7cb-OJaZ63rO_t1ArnxE1SJQJyVjwBnTGLOORnHJsLEJCkHZmTYDIikF5dpDASJeV15qzeL0Bi4c1EA:1vDKMp:D_2HtgHg_lXogfNsDYrXS7Wvl9V9wvzKZCPKoMNmC_g','2025-11-10 10:22:23.678612'),('s220seg4pvo9lggetb1sqhnvvnph1wyo','.eJxVizkOwjAQAP_iGkWsr7UpoecL1npjywglRD4qxN8BKQW0czxFoNFLGC3VcJvFSYA4_LJIfE_rV3BdaNumHbTp8lg7cb-OJaZ63rO_t1ArnxE1SJQJyVjwBnTGLOORnHJsLEJCkHZmTYDIikF5dpDASJeV15qzeL0Bi4c1EA:1uSvSh:iJU2Y-4AVjNxS6reg2IDCP-Bwr-8dcXO6cmT8GLVD3E','2025-07-05 10:28:39.608186'),('sa4xi28cpwry2hedmaxrsvpnudsncsps','.eJxVizkOwjAQAP_iGkWsr7UpoecL1npjywglRD4qxN8BKQW0czxFoNFLGC3VcJvFSYA4_LJIfE_rV3BdaNumHbTp8lg7cb-OJaZ63rO_t1ArnxE1SJQJyVjwBnTGLOORnHJsLEJCkHZmTYDIikF5dpDASJeV15qzeL0Bi4c1EA:1vCZad:cbUVb3ZKWc3l0GoIE6xP244jbb7kJJLp7OggYAwFKiE','2025-11-08 08:25:31.733821'),('ss3j377conwrexaqz6361wl7km7oyphw','.eJxVizkOwjAQAP_iGkWsr7UpoecL1npjywglRD4qxN8BKQW0czxFoNFLGC3VcJvFSYA4_LJIfE_rV3BdaNumHbTp8lg7cb-OJaZ63rO_t1ArnxE1SJQJyVjwBnTGLOORnHJsLEJCkHZmTYDIikF5dpDASJeV15qzeL0Bi4c1EA:1ult6f:mks-56r9cdYt1LELnX3QSoZ9YNoH5GiPXOggluUQnss','2025-08-26 17:48:17.323587'),('suxvbqhpvwy6rb44dbcvhaikid9s84a6','.eJxVizkOwjAQAP_iGkW-7aUkPV-w1vZaQSgh8lEh_g5IKaCd48kCjr6E0aiGW2Znphw7_cKI6U7b16S64r5PB2jT_Ng6pn4da6R6ObK_d8G2fEaPMXEvCUD44gA1iexVVkVpw7WR1poC0nFpuSHhvOcKSPGowRYbHbLXG8OdNSk:1v1J5u:3khKZJiyF6LtewmXsJ4C3sPmKFR-SwzBXg5sBOFvijw','2025-10-08 06:35:14.769559'),('svtim053mm2mazlvchtkk4fm0xw5aqyo','.eJxVizkOwjAQAP_iGkWsr7UpoecL1npjywglRD4qxN8BKQW0czxFoNFLGC3VcJvFSYA4_LJIfE_rV3BdaNumHbTp8lg7cb-OJaZ63rO_t1ArnxE1SJQJyVjwBnTGLOORnHJsLEJCkHZmTYDIikF5dpDASJeV15qzeL0Bi4c1EA:1uYmfu:Iw3VJw2zGFD1fJXNSN3xmBJQqjMSJ3OKpIxRMPC-KQo','2025-07-21 14:18:30.487024'),('syowyll7wlu1ygj84x12nuvl9l488a8d','.eJxVi0sOwiAQQO_C2jQDAwRc6r5XIMNngjGtDYWV8e5q0oVu3-cpAo1ew9hLC7cszgJBnH5hpHQv69ekttC2TQfYp-tj7ZT6PJZY2uXI_t5Ke_2MnpGTtWwMOlCRWXNmVWwCDxEkuUQSirKcIZPVWMhpiyaS8VEaQvF6A_m_Nto:1v0sIe:Tf8r1Jlc4jWCCKSE_ONU4L-UKpXq5-ULybZUqOaYC1Q','2025-10-07 01:58:36.709565'),('tfxs8xg79s1k6juzmufhfmcpa2yc39js','.eJxVizkOwjAQAP_iGkWsr7UpoecL1npjywglRD4qxN8BKQW0czxFoNFLGC3VcJvFSYA4_LJIfE_rV3BdaNumHbTp8lg7cb-OJaZ63rO_t1ArnxE1SJQJyVjwBnTGLOORnHJsLEJCkHZmTYDIikF5dpDASJeV15qzeL0Bi4c1EA:1usJRA:uTz0rxPumUsfRO2x8ANBubfEX65DigWR1I5wjI7rv2U','2025-09-13 11:08:00.026422'),('tzumdebvzy63yamwg9xhvkh84taodmlg','.eJxVizkOwjAQAP_iGkWsr7UpoecL1npjywglRD4qxN8BKQW0czxFoNFLGC3VcJvFSYA4_LJIfE_rV3BdaNumHbTp8lg7cb-OJaZ63rO_t1ArnxE1SJQJyVjwBnTGLOORnHJsLEJCkHZmTYDIikF5dpDASJeV15qzeL0Bi4c1EA:1uyo2s:-FVvMYXM0yuYk410Uc_oorDyPX5nbHn_6X43hCpZJx4','2025-10-01 09:01:46.215287'),('u4hxn2x4yy7xp5fqglmu5fxn706b1rx0','.eJxVizkOwjAQAP_iGkWsr7UpoecL1npjywglRD4qxN8BKQW0czxFoNFLGC3VcJvFSYA4_LJIfE_rV3BdaNumHbTp8lg7cb-OJaZ63rO_t1ArnxE1SJQJyVjwBnTGLOORnHJsLEJCkHZmTYDIikF5dpDASJeV15qzeL0Bi4c1EA:1ugdOK:1ZQAUAPXrSu6U6iB6DhDF_vpGf9VpxOFINRXkdEA4Kc','2025-08-12 06:00:48.540346'),('udm011te91nu1m4ov5gp0xksz1hkuj2o','.eJxVi0sOwiAQQO_C2jQDAwRc6r5XIMNngjGtDYWV8e5q0oVu3-cpAo1ew9hLC7cszgJBnH5hpHQv69ekttC2TQfYp-tj7ZT6PJZY2uXI_t5Ke_2MnpGTtWwMOlCRWXNmVWwCDxEkuUQSirKcIZPVWMhpiyaS8VEaQvF6A_m_Nto:1v4ywu:Isjx0vPB3j1avL2BdFb4fRIShZFfg2NZn3cSqy3CnOQ','2025-10-18 09:53:08.910594'),('ue1mjykcs65e5l7ty578zjx095cs0f11','.eJxVizsOwjAMQO-SGVVO03xghJ0rVLYTKwi1VPlMiLujSh1gfZ-3mrG3PPeayvyI6qKMVqdfSMjPtO6Gy4LbNhygDrfX2pDbvS-UyvXI_t6MNe-jNkIu-ADGjCIgwuACeieeSMOUaGJL2k9wFssOohgP1mkKEMeIrD5f4xw2fA:1vByK7:sg3xFifQGBsLqvEV3maonPQS2A5qWaZCaYrLoNK0KfM','2025-11-06 16:37:59.306441'),('v1ns7ibd7mc7x4sb8z7hbwf864e2cgr4','.eJxVizkOwjAQAP_iGkWsr7UpoecL1npjywglRD4qxN8BKQW0czxFoNFLGC3VcJvFSYA4_LJIfE_rV3BdaNumHbTp8lg7cb-OJaZ63rO_t1ArnxE1SJQJyVjwBnTGLOORnHJsLEJCkHZmTYDIikF5dpDASJeV15qzeL0Bi4c1EA:1vDKZz:QOvKzFPtnBSmaE4an1rzAj15KBc1yPAaFrG9FJ9ogWA','2025-11-10 10:35:59.455530'),('v4enmiiv5mpe1ulrb6fhcuyan9zj8jst','.eJxVizsOAiEQQO9CbTb8GS219wpkgJlgzK6bBSrj3dVkC23f5ykijl7jaLTFWxEnYbQ4_MKE-U7L1-RtxnWddtCmy2PpmPt1zIm28579vRVb_YzJEh1Bsg7IABpABU5ScVHGkNUYiItFZumy4pS9sxlckR6s9brIIl5v9RY2wQ:1vDKD3:o85cDlBvDjrH9JLCNR35T9Xi76rs19d2kLRpfEflxEU','2025-11-10 10:12:17.813191'),('vxpseo8j1p4t0bi5igq5bo1rjpcy518z','.eJxVizkOwjAQAP_iGkWsr7UpoecL1npjywglRD4qxN8BKQW0czxFoNFLGC3VcJvFSYA4_LJIfE_rV3BdaNumHbTp8lg7cb-OJaZ63rO_t1ArnxE1SJQJyVjwBnTGLOORnHJsLEJCkHZmTYDIikF5dpDASJeV15qzeL0Bi4c1EA:1uocNb:_B-BkUGWqzAuEmrWv1Ko2d7rZHxCYkeMp6TC7X8czCg','2025-09-03 06:33:03.443749'),('x5rw8h4ry40ae49umvjh2o6ncaestndi','.eJxVizkOwjAQAP_iGkWsr7UpoecL1npjywglRD4qxN8BKQW0czxFoNFLGC3VcJvFSYA4_LJIfE_rV3BdaNumHbTp8lg7cb-OJaZ63rO_t1ArnxE1SJQJyVjwBnTGLOORnHJsLEJCkHZmTYDIikF5dpDASJeV15qzeL0Bi4c1EA:1urrMN:EfJa8UTZ8BWNoq0wDpO9_b-NFf7_ah6S__W8mkcmT6E','2025-09-12 05:09:11.314837'),('xklcu3swyo18cazfs61g6sd3r5wbohmb','.eJxVy8sOwiAQheF3YW0aSoEZXOreVyADQ4MxrQ2XlfHdtUkXuv3O-V_CU2_Z95qKv7M4C4Xi9IuB4iOt-xLLQts2HFCH63NtFNutLyGVy3H7azPVvIfGEc-oWVoVIRBJSIEMjIlHJOMQUE4wSUxfjtbFGZQ2xBOStoqDeH8A_kY28w:1v2MSq:MfjwpI5Jgwd67jq-ua0MWzo0-fYL2qaKGz7fvBQhJrw','2025-10-11 04:23:16.859688'),('xql9gbsn0k96xancnn1aedilpsf6xemf','.eJxVizkOwjAQAP_iGkWsr7UpoecL1npjywglRD4qxN8BKQW0czxFoNFLGC3VcJvFSYA4_LJIfE_rV3BdaNumHbTp8lg7cb-OJaZ63rO_t1ArnxE1SJQJyVjwBnTGLOORnHJsLEJCkHZmTYDIikF5dpDASJeV15qzeL0Bi4c1EA:1uOrz7:t6ot2uYRHxq4ZJuO4YXU7nNBwx7cgTExoZ4Ruw-dgsc','2025-06-24 05:57:21.700765'),('xu57nmjk548dzahi757bzq85wpbn5vai','.eJxVizkOwjAQAP_iGkWsr7UpoecL1npjywglRD4qxN8BKQW0czxFoNFLGC3VcJvFSYA4_LJIfE_rV3BdaNumHbTp8lg7cb-OJaZ63rO_t1ArnxE1SJQJyVjwBnTGLOORnHJsLEJCkHZmTYDIikF5dpDASJeV15qzeL0Bi4c1EA:1uPc21:5hOk6wfavoARicQ4dwXI7lsQaiTRQLyWCHAOv_LdNIA','2025-06-26 07:07:25.903343'),('yvu31zaajegf769dc0fafdn3b4hbotj3','.eJxVi0kOwiAUQO_C2jR8ylSXuvcK5POBYExrw7Ay3l1MutDtG17MYW_Z9RqLuwd2ZmDY6Rd6pEfcvobKivs-HaBO1-fWkNqtrz6Wy5H9vRlrHqNGZRVPSZDiMi4yGRkpEkgNNATMsEg1W0x2OG-50RiUnkkEEFxYz94f0Co1oQ:1uj9BB:nuOqyjzqhEat7HC3G5TTllMgX6WVMyqkRBSwa-sFbDM','2025-08-19 04:21:37.130685'),('yyxjuet8wzjf57qkqoygat86l4jnvr6h','.eJxVi0sOwiAQQO_C2jRDoXxc2r1XIMMMBGNamwIr493VpAvdvs9TBOythF7THm4szkIacfqFEeme1q-hfcFtGw5Qh_mxNqR27UtM--XI_t6CtXxGkwGQrfeKJ5iQfNROg0PM0nrj2VJmyqNVNinmRM6BUixHJaMGabV4vQHnWTYx:1v63XT:OJ0Zz9rX02SjtuDliXcMCtHbZtCGGwfVegwG1RrL-_I','2025-10-21 08:59:19.157962'),('zy06aez50fx7ylerjddanffi35s22oaa','.eJxVizkOwjAQAP_iGkWsr7UpoecL1npjywglRD4qxN8BKQW0czxFoNFLGC3VcJvFSYA4_LJIfE_rV3BdaNumHbTp8lg7cb-OJaZ63rO_t1ArnxE1SJQJyVjwBnTGLOORnHJsLEJCkHZmTYDIikF5dpDASJeV15qzeL0Bi4c1EA:1v2Ten:4tQF1r3IRFqp7PVSxJjmKP-ZnCAMM9ijq1tN7NnioMw','2025-10-11 12:04:05.918434');
/*!40000 ALTER TABLE `django_session` ENABLE KEYS */;
UNLOCK TABLES;

--
-- Table structure for table `ocrapp_visitingcard`
--

DROP TABLE IF EXISTS `ocrapp_visitingcard`;
/*!40101 SET @saved_cs_client     = @@character_set_client */;
/*!50503 SET character_set_client = utf8mb4 */;
CREATE TABLE `ocrapp_visitingcard` (
  `id` bigint NOT NULL AUTO_INCREMENT,
  `name` varchar(255) NOT NULL,
  `email` varchar(254) NOT NULL,
  `phone` varchar(15) NOT NULL,
  `company` varchar(255) NOT NULL,
  `address` varchar(255) NOT NULL,
  `card_image` varchar(100) NOT NULL,
  `uploaded_at` datetime(6) NOT NULL,
  PRIMARY KEY (`id`)
) ENGINE=InnoDB DEFAULT CHARSET=utf8mb4 COLLATE=utf8mb4_0900_ai_ci;
/*!40101 SET character_set_client = @saved_cs_client */;

--
-- Dumping data for table `ocrapp_visitingcard`
--

LOCK TABLES `ocrapp_visitingcard` WRITE;
/*!40000 ALTER TABLE `ocrapp_visitingcard` DISABLE KEYS */;
/*!40000 ALTER TABLE `ocrapp_visitingcard` ENABLE KEYS */;
UNLOCK TABLES;

--
-- Table structure for table `schedule_meetings_meeting`
--

DROP TABLE IF EXISTS `schedule_meetings_meeting`;
/*!40101 SET @saved_cs_client     = @@character_set_client */;
/*!50503 SET character_set_client = utf8mb4 */;
CREATE TABLE `schedule_meetings_meeting` (
  `id` bigint NOT NULL AUTO_INCREMENT,
  `meeting_date` date NOT NULL,
  `meeting_time` time(6) NOT NULL,
  `minutes_of_meeting` longtext CHARACTER SET utf8mb4 COLLATE utf8mb4_general_ci NOT NULL,
  `participants` longtext CHARACTER SET utf8mb4 COLLATE utf8mb4_general_ci NOT NULL,
  `meeting_agenda` longtext CHARACTER SET utf8mb4 COLLATE utf8mb4_general_ci NOT NULL,
  `customer_id` bigint DEFAULT NULL,
  PRIMARY KEY (`id`),
  KEY `schedule_meetings_me_customer_id_d5db41d8_fk_crmapp_cu` (`customer_id`),
  CONSTRAINT `schedule_meetings_me_customer_id_d5db41d8_fk_crmapp_cu` FOREIGN KEY (`customer_id`) REFERENCES `crmapp_customer_details` (`id`)
) ENGINE=InnoDB DEFAULT CHARSET=utf8mb4 COLLATE=utf8mb4_general_ci;
/*!40101 SET character_set_client = @saved_cs_client */;

--
-- Dumping data for table `schedule_meetings_meeting`
--

LOCK TABLES `schedule_meetings_meeting` WRITE;
/*!40000 ALTER TABLE `schedule_meetings_meeting` DISABLE KEYS */;
/*!40000 ALTER TABLE `schedule_meetings_meeting` ENABLE KEYS */;
UNLOCK TABLES;
/*!40103 SET TIME_ZONE=@OLD_TIME_ZONE */;

/*!40101 SET SQL_MODE=@OLD_SQL_MODE */;
/*!40014 SET FOREIGN_KEY_CHECKS=@OLD_FOREIGN_KEY_CHECKS */;
/*!40014 SET UNIQUE_CHECKS=@OLD_UNIQUE_CHECKS */;
/*!40101 SET CHARACTER_SET_CLIENT=@OLD_CHARACTER_SET_CLIENT */;
/*!40101 SET CHARACTER_SET_RESULTS=@OLD_CHARACTER_SET_RESULTS */;
/*!40101 SET COLLATION_CONNECTION=@OLD_COLLATION_CONNECTION */;
/*!40111 SET SQL_NOTES=@OLD_SQL_NOTES */;

-- Dump completed on 2025-10-28  4:43:28
